step,domain,patched_train_loss,baseline_train_loss,delta_vs_baseline
1,wiki,3.3501131534576416,3.3513481616973877,0.0012350082397460938
2,news,4.0535783767700195,4.057369232177734,0.0037908554077148438
3,reviews,3.3739125728607178,3.375380516052246,0.0014679431915283203
4,paper,3.1331565380096436,3.129559278488159,-0.003597259521484375
5,code,1.3325819969177246,1.3324350118637085,-0.00014698505401611328
6,math,1.4331272840499878,1.4353865385055542,0.0022592544555664062
7,wiki,4.230714321136475,4.234865188598633,0.004150867462158203
8,news,4.141171932220459,4.15521764755249,0.01404571533203125
9,reviews,4.024683952331543,4.025427341461182,0.0007433891296386719
10,paper,5.265293598175049,5.270807266235352,0.005513668060302734
11,code,1.7115960121154785,1.7130632400512695,0.0014672279357910156
12,math,2.033418655395508,2.0329103469848633,-0.0005083084106445312
13,wiki,3.8435773849487305,3.8527486324310303,0.009171247482299805
14,news,3.948976516723633,3.9755258560180664,0.026549339294433594
15,reviews,3.659245014190674,3.6572141647338867,-0.0020308494567871094
16,paper,4.394201278686523,4.438389301300049,0.04418802261352539
17,code,1.7984670400619507,1.8074591159820557,0.00899207592010498
18,math,1.5473836660385132,1.5525954961776733,0.005211830139160156
19,wiki,4.061997413635254,4.123770236968994,0.061772823333740234
20,news,3.771141290664673,3.77298903465271,0.0018477439880371094
21,reviews,3.769745349884033,3.7705554962158203,0.0008101463317871094
22,paper,3.9409871101379395,3.9608097076416016,0.01982259750366211
23,code,1.8992491960525513,1.8966951370239258,-0.0025540590286254883
24,math,1.2769383192062378,1.276702880859375,-0.00023543834686279297
25,wiki,3.7063138484954834,3.715214967727661,0.008901119232177734
26,news,3.8644399642944336,3.9630980491638184,0.09865808486938477
27,reviews,4.057523727416992,4.064298152923584,0.006774425506591797
28,paper,4.444918632507324,4.474099636077881,0.02918100357055664
29,code,1.4316766262054443,1.4419445991516113,0.010267972946166992
30,math,2.054229497909546,2.0711991786956787,0.016969680786132812
31,wiki,3.816476345062256,3.8482370376586914,0.03176069259643555
32,news,3.5728418827056885,3.6136560440063477,0.04081416130065918
33,reviews,3.6025304794311523,3.6116673946380615,0.00913691520690918
34,paper,4.716427803039551,4.888067245483398,0.17163944244384766
35,code,1.671514868736267,1.6688213348388672,-0.0026935338973999023
36,math,2.3268325328826904,2.342115879058838,0.015283346176147461
37,wiki,3.2699992656707764,3.2731544971466064,0.003155231475830078
38,news,3.8817148208618164,3.975133180618286,0.09341835975646973
39,reviews,3.7655086517333984,3.7581405639648438,-0.0073680877685546875
40,paper,5.045012950897217,5.229675769805908,0.1846628189086914
41,code,1.987640142440796,2.003263473510742,0.015623331069946289
42,math,1.5758755207061768,1.5907917022705078,0.014916181564331055
43,wiki,3.991702079772949,4.04217004776001,0.05046796798706055
44,news,3.798825740814209,3.917381763458252,0.11855602264404297
45,reviews,3.9495739936828613,3.9764633178710938,0.026889324188232422
46,paper,4.173699378967285,4.414379596710205,0.24068021774291992
47,code,1.1359455585479736,1.159883737564087,0.02393817901611328
48,math,1.6519924402236938,1.6723283529281616,0.020335912704467773
49,wiki,4.1270222663879395,4.326956272125244,0.1999340057373047
50,news,4.134493827819824,4.351304054260254,0.2168102264404297
51,reviews,4.212340831756592,4.2201642990112305,0.007823467254638672
52,paper,3.405524492263794,3.5471749305725098,0.14165043830871582
53,code,1.9716119766235352,1.9904576539993286,0.018845677375793457
54,math,2.3599460124969482,2.3780767917633057,0.018130779266357422
55,wiki,3.8884050846099854,3.8909201622009277,0.002515077590942383
56,news,3.2924671173095703,3.4519059658050537,0.1594388484954834
57,reviews,4.311061859130859,4.317841053009033,0.006779193878173828
58,paper,4.109827995300293,4.361802101135254,0.25197410583496094
59,code,2.4048845767974854,2.420835018157959,0.015950441360473633
60,math,1.749577522277832,1.7602726221084595,0.010695099830627441
61,wiki,3.9002938270568848,4.002612590789795,0.10231876373291016
62,news,3.5050644874572754,3.680600881576538,0.1755363941192627
63,reviews,3.21437668800354,3.2416329383850098,0.027256250381469727
64,paper,3.999924421310425,4.427338600158691,0.4274141788482666
65,code,1.6109306812286377,1.634552001953125,0.023621320724487305
66,math,2.351006269454956,2.3850631713867188,0.034056901931762695
67,wiki,3.8954997062683105,3.9153082370758057,0.019808530807495117
68,news,4.055388927459717,4.252934455871582,0.19754552841186523
69,reviews,4.023891925811768,4.0187153816223145,-0.005176544189453125
70,paper,3.646570920944214,3.7695224285125732,0.12295150756835938
71,code,1.9592859745025635,2.005925416946411,0.046639442443847656
72,math,1.6695773601531982,1.6837501525878906,0.014172792434692383
73,wiki,4.373854637145996,4.509671211242676,0.1358165740966797
74,news,4.161888122558594,4.265488624572754,0.10360050201416016
75,reviews,3.298797130584717,3.3385889530181885,0.03979182243347168
76,paper,4.035643577575684,4.22328519821167,0.18764162063598633
77,code,1.0814558267593384,1.1070549488067627,0.025599122047424316
78,math,2.1259171962738037,2.132467031478882,0.006549835205078125
79,wiki,4.767488956451416,4.812352180480957,0.044863224029541016
80,news,3.604952096939087,3.702458620071411,0.09750652313232422
81,reviews,2.9425137042999268,2.942009687423706,-0.0005040168762207031
82,paper,3.37353515625,3.570380687713623,0.19684553146362305
83,code,1.3026930093765259,1.3430171012878418,0.04032409191131592
84,math,2.0753350257873535,2.065375804901123,-0.009959220886230469
85,wiki,2.946033000946045,3.169644355773926,0.22361135482788086
86,news,4.364166736602783,4.383448600769043,0.019281864166259766
87,reviews,4.200042247772217,4.199249744415283,-0.0007925033569335938
88,paper,3.1228156089782715,3.5520429611206055,0.429227352142334
89,code,1.444560170173645,1.4710465669631958,0.02648639678955078
90,math,1.7017102241516113,1.7176923751831055,0.01598215103149414
91,wiki,2.947495222091675,2.9560739994049072,0.008578777313232422
92,news,4.027136325836182,4.1083478927612305,0.08121156692504883
93,reviews,3.644651412963867,3.72135853767395,0.07670712471008301
94,paper,3.321709156036377,3.7729263305664062,0.4512171745300293
95,code,1.7887476682662964,1.8101603984832764,0.02141273021697998
96,math,2.1471023559570312,2.191082239151001,0.04397988319396973
97,wiki,3.4793176651000977,3.631711483001709,0.15239381790161133
98,news,2.9508426189422607,3.053400993347168,0.10255837440490723
99,reviews,4.176505088806152,4.1927337646484375,0.016228675842285156
100,paper,3.8698740005493164,4.314138412475586,0.44426441192626953
101,code,1.2648173570632935,1.3099403381347656,0.04512298107147217
102,math,1.6213703155517578,1.6477349996566772,0.026364684104919434
103,wiki,3.5066215991973877,3.5392987728118896,0.03267717361450195
104,news,3.7931909561157227,3.978194236755371,0.18500328063964844
105,reviews,4.457529067993164,4.449628829956055,-0.007900238037109375
106,paper,4.725614547729492,5.113653182983398,0.38803863525390625
107,code,1.506227970123291,1.539607048034668,0.03337907791137695
108,math,2.378509998321533,2.4059536457061768,0.027443647384643555
109,wiki,3.8039026260375977,4.157644748687744,0.3537421226501465
110,news,4.474889278411865,4.81508207321167,0.3401927947998047
111,reviews,3.4806432723999023,3.503876209259033,0.02323293685913086
112,paper,3.596433162689209,3.994805097579956,0.39837193489074707
113,code,1.432213544845581,1.4898121356964111,0.05759859085083008
114,math,2.0012834072113037,2.045539379119873,0.044255971908569336
115,wiki,3.802030324935913,3.8268277645111084,0.024797439575195312
116,news,4.249178409576416,4.555500507354736,0.3063220977783203
117,reviews,3.5731446743011475,3.593684196472168,0.020539522171020508
118,paper,4.012689590454102,4.631264686584473,0.6185750961303711
119,code,1.416340708732605,1.4651943445205688,0.04885363578796387
120,math,2.0436723232269287,2.149592399597168,0.10592007637023926
121,wiki,3.638625383377075,3.659177303314209,0.02055191993713379
122,news,4.516036510467529,4.635293960571289,0.11925745010375977
123,reviews,3.796696186065674,3.7982287406921387,0.0015325546264648438
124,paper,3.167799472808838,3.404813051223755,0.237013578414917
125,code,1.7616478204727173,1.8665179014205933,0.10487008094787598
126,math,1.8734277486801147,1.9525314569473267,0.07910370826721191
127,wiki,3.5860283374786377,3.9387154579162598,0.35268712043762207
128,news,4.124489784240723,4.184981822967529,0.06049203872680664
129,reviews,3.8560376167297363,3.85870099067688,0.0026633739471435547
130,paper,3.6547131538391113,4.0722503662109375,0.41753721237182617
131,code,1.84276282787323,1.8963844776153564,0.053621649742126465
132,math,1.6261802911758423,1.7265342473983765,0.10035395622253418
133,wiki,3.024787425994873,3.066182851791382,0.04139542579650879
134,news,3.8848485946655273,3.9502687454223633,0.06542015075683594
135,reviews,3.6885554790496826,3.739164113998413,0.05060863494873047
136,paper,3.4920361042022705,3.9858593940734863,0.4938232898712158
137,code,2.1168951988220215,2.2343244552612305,0.11742925643920898
138,math,1.7038360834121704,1.7895128726959229,0.08567678928375244
139,wiki,3.1987240314483643,3.230959892272949,0.03223586082458496
140,news,4.4471540451049805,4.52424955368042,0.07709550857543945
141,reviews,3.692061185836792,3.7667627334594727,0.07470154762268066
142,paper,3.3065171241760254,3.680987596511841,0.37447047233581543
143,code,1.4521502256393433,1.5022141933441162,0.05006396770477295
144,math,1.4523999691009521,1.496137261390686,0.04373729228973389
145,wiki,3.1067206859588623,3.479362964630127,0.37264227867126465
146,news,3.197303533554077,3.3104820251464844,0.11317849159240723
147,reviews,3.3418400287628174,3.356691360473633,0.01485133171081543
148,paper,3.758014440536499,4.046592712402344,0.2885782718658447
149,code,2.107659339904785,2.247720718383789,0.1400613784790039
150,math,1.2738786935806274,1.3460698127746582,0.07219111919403076
151,wiki,3.681163787841797,3.8930649757385254,0.21190118789672852
152,news,3.856010913848877,4.007784366607666,0.15177345275878906
153,reviews,3.758563756942749,3.81302547454834,0.05446171760559082
154,paper,4.1550116539001465,4.553090572357178,0.39807891845703125
155,code,1.8648713827133179,2.0340120792388916,0.16914069652557373
156,math,2.044433355331421,2.113046646118164,0.06861329078674316
157,wiki,4.541536808013916,4.837899208068848,0.29636240005493164
158,news,4.235125541687012,4.37938117980957,0.1442556381225586
159,reviews,3.7798855304718018,3.76898193359375,-0.010903596878051758
160,paper,3.4379723072052,3.9659698009490967,0.5279974937438965
161,code,1.5895501375198364,1.732467532157898,0.14291739463806152
162,math,1.779603123664856,1.9051111936569214,0.12550806999206543
163,wiki,4.227474212646484,4.3646016120910645,0.13712739944458008
164,news,3.4052534103393555,3.5299484729766846,0.1246950626373291
165,reviews,4.353536605834961,4.469220161437988,0.11568355560302734
166,paper,3.452296018600464,3.945328950881958,0.49303293228149414
167,code,2.2149922847747803,2.2485756874084473,0.03358340263366699
168,math,1.6570498943328857,1.6960935592651367,0.03904366493225098
169,wiki,3.915198802947998,4.292340278625488,0.37714147567749023
170,news,4.71600866317749,4.823702812194824,0.10769414901733398
171,reviews,3.932774305343628,3.986825942993164,0.05405163764953613
172,paper,4.093940258026123,4.621999740600586,0.5280594825744629
173,code,2.246610641479492,2.3694934844970703,0.12288284301757812
174,math,1.9087557792663574,1.9548029899597168,0.046047210693359375
175,wiki,3.7887396812438965,4.226621150970459,0.4378814697265625
176,news,4.482677459716797,4.667619705200195,0.18494224548339844
177,reviews,3.233534336090088,3.2466907501220703,0.013156414031982422
178,paper,3.4404873847961426,3.810817241668701,0.3703298568725586
179,code,1.6687345504760742,1.673932671546936,0.005198121070861816
180,math,1.948854923248291,2.0441536903381348,0.09529876708984375
181,wiki,3.832876205444336,3.822011947631836,-0.0108642578125
182,news,4.643063068389893,4.686193466186523,0.04313039779663086
183,reviews,3.7929527759552,3.763692617416382,-0.02926015853881836
184,paper,3.551283836364746,4.170952320098877,0.6196684837341309
185,code,1.9351253509521484,2.099433422088623,0.1643080711364746
186,math,1.7502095699310303,1.922391414642334,0.1721818447113037
187,wiki,3.4545388221740723,3.6631672382354736,0.20862841606140137
188,news,3.744168281555176,3.8835203647613525,0.13935208320617676
189,reviews,3.719456434249878,3.729426145553589,0.009969711303710938
190,paper,3.3668057918548584,3.76002836227417,0.3932225704193115
191,code,2.0820558071136475,2.1266086101531982,0.04455280303955078
192,math,1.5114048719406128,1.5688973665237427,0.05749249458312988
193,wiki,3.5263686180114746,3.6540000438690186,0.12763142585754395
194,news,3.8755109310150146,4.125027179718018,0.24951624870300293
195,reviews,4.158560752868652,4.1122612953186035,-0.04629945755004883
196,paper,4.150754928588867,4.587088108062744,0.43633317947387695
197,code,1.7252509593963623,1.891908884048462,0.1666579246520996
198,math,1.879951000213623,2.064169406890869,0.1842184066772461
199,wiki,3.6272592544555664,3.82171630859375,0.1944570541381836
200,news,4.446773529052734,4.700409889221191,0.25363636016845703
201,reviews,3.715811252593994,3.730753183364868,0.014941930770874023
202,paper,3.7358479499816895,4.141315937042236,0.4054679870605469
203,code,1.1988481283187866,1.2795171737670898,0.08066904544830322
204,math,1.6874051094055176,1.8466248512268066,0.15921974182128906
205,wiki,3.295691728591919,3.3225698471069336,0.02687811851501465
206,news,3.7171239852905273,3.9649388790130615,0.24781489372253418
207,reviews,3.7218518257141113,3.7613525390625,0.03950071334838867
208,paper,3.044752597808838,3.442685127258301,0.3979325294494629
209,code,1.4077329635620117,1.4914370775222778,0.08370411396026611
210,math,1.330588936805725,1.4111573696136475,0.08056843280792236
211,wiki,3.231409788131714,3.5528228282928467,0.3214130401611328
212,news,3.438871145248413,3.552926778793335,0.11405563354492188
213,reviews,3.6857216358184814,3.783984661102295,0.09826302528381348
214,paper,3.5097784996032715,4.194967269897461,0.6851887702941895
215,code,1.2276815176010132,1.468627691268921,0.24094617366790771
216,math,1.9577627182006836,2.152083396911621,0.1943206787109375
217,wiki,2.655820608139038,2.794559955596924,0.13873934745788574
218,news,3.3199305534362793,3.4503462314605713,0.130415678024292
219,reviews,3.5079190731048584,3.636418581008911,0.12849950790405273
220,paper,3.851773977279663,4.323800563812256,0.4720265865325928
221,code,1.936640739440918,2.200369358062744,0.26372861862182617
222,math,2.0013554096221924,2.1567883491516113,0.15543293952941895
223,wiki,3.3449110984802246,3.730790853500366,0.3858797550201416
224,news,3.9825663566589355,4.242961883544922,0.26039552688598633
225,reviews,4.264710903167725,4.2696452140808105,0.0049343109130859375
226,paper,4.566030502319336,4.878626823425293,0.31259632110595703
227,code,1.4648796319961548,1.679654836654663,0.2147752046585083
228,math,1.6985028982162476,1.7682651281356812,0.0697622299194336
229,wiki,3.157543182373047,3.1788840293884277,0.02134084701538086
230,news,3.6417057514190674,3.9530029296875,0.3112971782684326
231,reviews,4.061814785003662,4.078821659088135,0.017006874084472656
232,paper,4.662843704223633,5.176328182220459,0.5134844779968262
233,code,1.739371418952942,1.9989557266235352,0.25958430767059326
234,math,2.055772304534912,2.1804537773132324,0.12468147277832031
235,wiki,3.2170515060424805,3.714935541152954,0.49788403511047363
236,news,3.3333940505981445,3.5005998611450195,0.167205810546875
237,reviews,4.09729528427124,4.1103129386901855,0.013017654418945312
238,paper,4.026086330413818,4.412531852722168,0.3864455223083496
239,code,1.1776212453842163,1.2511690855026245,0.0735478401184082
240,math,1.9012372493743896,2.0315988063812256,0.13036155700683594
241,wiki,2.898866891860962,2.863089084625244,-0.03577780723571777
242,news,3.198516607284546,3.2549195289611816,0.05640292167663574
243,reviews,3.844613552093506,3.9027719497680664,0.05815839767456055
244,paper,2.8995110988616943,2.924497604370117,0.02498650550842285
245,code,2.2328619956970215,2.4821739196777344,0.2493119239807129
246,math,1.3745986223220825,1.402812123298645,0.0282135009765625
247,wiki,3.746880054473877,3.9314401149749756,0.18456006050109863
248,news,3.3628885746002197,3.542400598526001,0.17951202392578125
249,reviews,4.141342639923096,4.145177841186523,0.0038352012634277344
250,paper,2.6213412284851074,2.650975227355957,0.02963399887084961
251,code,1.4965455532073975,1.5528250932693481,0.056279540061950684
252,math,2.499617099761963,2.7469587326049805,0.24734163284301758
253,wiki,3.6478843688964844,3.8966188430786133,0.2487344741821289
254,news,3.3827860355377197,3.5496883392333984,0.1669023036956787
255,reviews,3.96330189704895,3.984703779220581,0.02140188217163086
256,paper,3.515207052230835,3.636798858642578,0.12159180641174316
257,code,1.4938905239105225,1.6815065145492554,0.1876159906387329
258,math,2.3373653888702393,2.501314401626587,0.16394901275634766
259,wiki,3.576942205429077,3.5787882804870605,0.0018460750579833984
260,news,3.6920785903930664,3.9530632495880127,0.2609846591949463
261,reviews,3.6385350227355957,3.6721625328063965,0.03362751007080078
262,paper,4.10887336730957,4.388517379760742,0.2796440124511719
263,code,2.188152551651001,2.4899203777313232,0.30176782608032227
264,math,1.7615565061569214,1.8528804779052734,0.09132397174835205
265,wiki,3.462198495864868,3.5758719444274902,0.11367344856262207
266,news,3.2778689861297607,3.53480863571167,0.2569396495819092
267,reviews,3.847411870956421,3.9016406536102295,0.054228782653808594
268,paper,2.6280908584594727,2.7358224391937256,0.10773158073425293
269,code,1.9905147552490234,2.0965778827667236,0.1060631275177002
270,math,2.34652042388916,2.4947726726531982,0.14825224876403809
271,wiki,3.295485258102417,3.6236672401428223,0.3281819820404053
272,news,3.2567734718322754,3.4463305473327637,0.18955707550048828
273,reviews,3.708817720413208,3.744858503341675,0.0360407829284668
274,paper,2.5735011100769043,2.6373062133789062,0.06380510330200195
275,code,0.6571805477142334,0.791123628616333,0.1339430809020996
276,math,1.3221029043197632,1.4724236726760864,0.15032076835632324
277,wiki,3.0555007457733154,3.567427158355713,0.5119264125823975
278,news,3.1828293800354004,3.4122073650360107,0.22937798500061035
279,reviews,3.551229238510132,3.6428351402282715,0.09160590171813965
280,paper,3.4474401473999023,3.7427661418914795,0.29532599449157715
281,code,1.7889366149902344,1.9973222017288208,0.20838558673858643
282,math,1.423821210861206,1.463051676750183,0.03923046588897705
283,wiki,3.135800838470459,3.437838554382324,0.30203771591186523
284,news,3.4866015911102295,3.759747266769409,0.2731456756591797
285,reviews,3.6657121181488037,3.7551612854003906,0.08944916725158691
286,paper,4.018326759338379,4.5365729331970215,0.5182461738586426
287,code,1.4501789808273315,1.7341715097427368,0.2839925289154053
288,math,1.3321014642715454,1.3686927556991577,0.036591291427612305
289,wiki,3.255575180053711,3.826568126678467,0.5709929466247559
290,news,2.979236602783203,3.3048033714294434,0.32556676864624023
291,reviews,3.1797749996185303,3.1743788719177246,-0.005396127700805664
292,paper,4.250091075897217,4.5896830558776855,0.33959197998046875
293,code,1.467831015586853,1.7196602821350098,0.25182926654815674
294,math,1.7745064496994019,1.9508792161941528,0.17637276649475098
295,wiki,3.4956018924713135,4.741467475891113,1.2458655834197998
296,news,3.5026614665985107,3.6724328994750977,0.16977143287658691
297,reviews,3.217430830001831,3.2831714153289795,0.06574058532714844
298,paper,4.3377838134765625,4.683923244476318,0.34613943099975586
299,code,2.019181966781616,2.289018392562866,0.26983642578125
300,math,1.9811336994171143,2.1269421577453613,0.14580845832824707
301,wiki,3.2001867294311523,3.2321455478668213,0.031958818435668945
302,news,3.594918727874756,3.815051555633545,0.22013282775878906
303,reviews,3.836315870285034,3.8313848972320557,-0.004930973052978516
304,paper,4.720755100250244,5.141180515289307,0.4204254150390625
305,code,1.8710675239562988,2.158784866333008,0.287717342376709
306,math,1.281877875328064,1.391469120979309,0.10959124565124512
307,wiki,2.823964834213257,2.996999740600586,0.1730349063873291
308,news,4.006087303161621,4.231997489929199,0.22591018676757812
309,reviews,4.100199222564697,4.196598529815674,0.09639930725097656
310,paper,4.98049783706665,5.272010326385498,0.29151248931884766
311,code,1.224403977394104,1.2795815467834473,0.05517756938934326
312,math,1.919547438621521,2.065995454788208,0.146448016166687
313,wiki,2.7971394062042236,3.0009727478027344,0.20383334159851074
314,news,3.262054443359375,3.5501832962036133,0.2881288528442383
315,reviews,3.3044400215148926,3.3326640129089355,0.02822399139404297
316,paper,2.7881200313568115,3.3847522735595703,0.5966322422027588
317,code,1.9966810941696167,2.2679696083068848,0.27128851413726807
318,math,1.811086654663086,1.9610919952392578,0.15000534057617188
319,wiki,3.571575403213501,3.7449498176574707,0.17337441444396973
320,news,3.0502560138702393,3.367126941680908,0.31687092781066895
321,reviews,3.740847587585449,3.7879159450531006,0.04706835746765137
322,paper,2.8709514141082764,3.354214906692505,0.4832634925842285
323,code,1.8637948036193848,2.230940103530884,0.367145299911499
324,math,1.5867254734039307,1.6374789476394653,0.05075347423553467
325,wiki,3.7830286026000977,3.9909098148345947,0.20788121223449707
326,news,3.3509535789489746,3.7144968509674072,0.3635432720184326
327,reviews,3.3370180130004883,3.3760452270507812,0.03902721405029297
328,paper,4.040036201477051,4.479924201965332,0.43988800048828125
329,code,1.5625677108764648,1.7845311164855957,0.22196340560913086
330,math,1.8076159954071045,1.9632606506347656,0.15564465522766113
331,wiki,4.045969486236572,4.062481880187988,0.016512393951416016
332,news,2.913133144378662,3.1061575412750244,0.1930243968963623
333,reviews,3.9509716033935547,4.020045280456543,0.06907367706298828
334,paper,3.351372003555298,3.753263235092163,0.40189123153686523
335,code,2.1382551193237305,2.4769327640533447,0.33867764472961426
336,math,1.5464931726455688,1.7334073781967163,0.18691420555114746
337,wiki,3.6001126766204834,3.8310046195983887,0.23089194297790527
338,news,3.342777729034424,3.6977732181549072,0.3549954891204834
339,reviews,3.45648193359375,3.557643175125122,0.10116124153137207
340,paper,3.1017348766326904,3.523585081100464,0.42185020446777344
341,code,2.6234254837036133,3.0067665576934814,0.38334107398986816
342,math,1.9622690677642822,2.1504127979278564,0.18814373016357422
343,wiki,3.1670210361480713,3.3274800777435303,0.16045904159545898
344,news,3.7199020385742188,4.036087512969971,0.31618547439575195
345,reviews,3.6076319217681885,3.612060546875,0.0044286251068115234
346,paper,2.758164882659912,3.8532211780548096,1.0950562953948975
347,code,2.115987777709961,2.4730443954467773,0.3570566177368164
348,math,1.246277093887329,1.5325156450271606,0.28623855113983154
349,wiki,3.592707633972168,3.8477017879486084,0.25499415397644043
350,news,3.0959582328796387,3.4105913639068604,0.3146331310272217
351,reviews,3.275146961212158,3.3268024921417236,0.05165553092956543
352,paper,2.523749828338623,3.76080584526062,1.237056016921997
353,code,1.866042971611023,2.2823486328125,0.41630566120147705
354,math,1.496495008468628,1.5853917598724365,0.0888967514038086
355,wiki,3.156708240509033,3.3473572731018066,0.19064903259277344
356,news,3.0362839698791504,3.262098789215088,0.2258148193359375
357,reviews,3.8685944080352783,3.9035918712615967,0.03499746322631836
358,paper,2.1356394290924072,3.6604812145233154,1.5248417854309082
359,code,1.187070608139038,1.3117555379867554,0.12468492984771729
360,math,1.3897204399108887,1.5984957218170166,0.20877528190612793
361,wiki,3.7775566577911377,4.233334064483643,0.4557774066925049
362,news,3.1775002479553223,3.4735143184661865,0.29601407051086426
363,reviews,3.937731981277466,3.8988595008850098,-0.038872480392456055
364,paper,3.1741127967834473,3.129559278488159,-0.044553518295288086
365,code,1.8936225175857544,2.146134614944458,0.2525120973587036
366,math,1.611656665802002,1.7165006399154663,0.10484397411346436
367,wiki,3.4018661975860596,4.4459733963012695,1.04410719871521
368,news,3.081960678100586,3.483318567276001,0.40135788917541504
369,reviews,3.616112232208252,3.6595380306243896,0.043425798416137695
370,paper,4.766959190368652,5.270807266235352,0.5038480758666992
371,code,2.2853519916534424,2.5977962017059326,0.31244421005249023
372,math,1.345524549484253,1.47665536403656,0.13113081455230713
373,wiki,3.9738399982452393,5.1436767578125,1.1698367595672607
374,news,2.8546628952026367,3.0217905044555664,0.1671276092529297
375,reviews,3.8765299320220947,3.9582695960998535,0.08173966407775879
376,paper,4.011638641357422,4.438389301300049,0.42675065994262695
377,code,1.4898416996002197,1.7716624736785889,0.28182077407836914
378,math,1.9026676416397095,2.1570823192596436,0.2544146776199341
379,wiki,3.242112159729004,3.3681271076202393,0.12601494789123535
380,news,3.1389873027801514,3.3645095825195312,0.22552227973937988
381,reviews,4.462409973144531,4.49925422668457,0.03684425354003906
382,paper,3.7482268810272217,3.9608097076416016,0.21258282661437988
383,code,1.5960177183151245,1.751999855041504,0.1559821367263794
384,math,1.4285796880722046,1.5274540185928345,0.09887433052062988
385,wiki,3.4642062187194824,3.85710072517395,0.3928945064544678
386,news,3.527740001678467,3.8135926723480225,0.28585267066955566
387,reviews,3.6322579383850098,3.688673973083496,0.05641603469848633
388,paper,4.077138900756836,4.474099636077881,0.3969607353210449
389,code,1.7529308795928955,2.0763185024261475,0.32338762283325195
390,math,1.4940968751907349,1.7685327529907227,0.2744358777999878
391,wiki,3.2532589435577393,3.6107916831970215,0.3575327396392822
392,news,4.1774797439575195,4.22963285446167,0.05215311050415039
393,reviews,3.9770491123199463,4.0370025634765625,0.05995345115661621
394,paper,4.258609294891357,4.888067245483398,0.629457950592041
395,code,1.5554344654083252,1.915928840637207,0.36049437522888184
396,math,1.0521677732467651,1.2148545980453491,0.16268682479858398
397,wiki,3.053260564804077,3.2348215579986572,0.18156099319458008
398,news,4.180633068084717,4.2967963218688965,0.11616325378417969
399,reviews,3.3826780319213867,3.436373472213745,0.0536954402923584
400,paper,4.635895252227783,5.229675769805908,0.593780517578125
401,code,1.8312288522720337,2.197566509246826,0.3663376569747925
402,math,1.4944618940353394,1.7048561573028564,0.2103942632675171
403,wiki,3.2468833923339844,3.641008138656616,0.39412474632263184
404,news,4.299828052520752,4.378697872161865,0.07886981964111328
405,reviews,4.446104526519775,4.446660995483398,0.0005564689636230469
406,paper,3.81376576423645,4.414379596710205,0.6006138324737549
407,code,1.2446216344833374,1.6542409658432007,0.4096193313598633
408,math,1.550132393836975,1.7484267950057983,0.19829440116882324
409,wiki,3.245379686355591,3.4126176834106445,0.1672379970550537
410,news,3.4597432613372803,3.470639705657959,0.010896444320678711
411,reviews,3.9971654415130615,4.022609710693359,0.02544426918029785
412,paper,3.120272159576416,3.5471749305725098,0.42690277099609375
413,code,1.4780946969985962,1.5748215913772583,0.09672689437866211
414,math,1.5955358743667603,1.7104487419128418,0.11491286754608154
415,wiki,3.339049816131592,3.8987369537353516,0.5596871376037598
416,news,3.370299816131592,3.3759255409240723,0.005625724792480469
417,reviews,3.9081783294677734,3.973515510559082,0.0653371810913086
418,paper,3.865013837814331,4.361802101135254,0.49678826332092285
419,code,1.3155648708343506,1.6828432083129883,0.3672783374786377
420,math,1.8098405599594116,2.097431182861328,0.2875906229019165
421,wiki,2.974882125854492,2.9733450412750244,-0.0015370845794677734
422,news,3.8747024536132812,3.9593679904937744,0.08466553688049316
423,reviews,4.087529182434082,4.209701061248779,0.12217187881469727
424,paper,3.7458510398864746,4.427338600158691,0.6814875602722168
425,code,1.173337459564209,1.5623596906661987,0.38902223110198975
426,math,1.7265455722808838,1.8852753639221191,0.15872979164123535
427,wiki,2.732757806777954,3.058835029602051,0.3260772228240967
428,news,3.972248077392578,3.9569146633148193,-0.015333414077758789
429,reviews,3.5591397285461426,3.549886703491211,-0.00925302505493164
430,paper,3.5232861042022705,3.7695224285125732,0.24623632431030273
431,code,1.4843676090240479,1.8873603343963623,0.40299272537231445
432,math,1.4208883047103882,1.549286127090454,0.12839782238006592
433,wiki,3.234241485595703,3.5318603515625,0.2976188659667969
434,news,3.9898476600646973,4.107827663421631,0.1179800033569336
435,reviews,4.02644157409668,4.087648391723633,0.061206817626953125
436,paper,3.741429567337036,4.22328519821167,0.4818556308746338
437,code,1.225557565689087,1.4085975885391235,0.18304002285003662
438,math,1.9528968334197998,2.3079288005828857,0.35503196716308594
439,wiki,2.9794325828552246,3.459350109100342,0.4799175262451172
440,news,4.040748596191406,4.064545631408691,0.023797035217285156
441,reviews,3.7241647243499756,3.7907350063323975,0.06657028198242188
442,paper,3.21677565574646,3.570380687713623,0.3536050319671631
443,code,1.4153605699539185,1.5722733736038208,0.15691280364990234
444,math,1.423919439315796,1.5307066440582275,0.10678720474243164
445,wiki,2.9535958766937256,3.21152663230896,0.2579307556152344
446,news,3.685896396636963,3.8247110843658447,0.13881468772888184
447,reviews,3.6607420444488525,3.708606243133545,0.04786419868469238
448,paper,2.917320966720581,3.5520429611206055,0.6347219944000244
449,code,1.384250283241272,1.7618944644927979,0.3776441812515259
450,math,1.765366792678833,1.9517611265182495,0.1863943338394165
451,wiki,3.7769060134887695,3.9213755130767822,0.1444694995880127
452,news,3.4763996601104736,3.5138704776763916,0.03747081756591797
453,reviews,3.7046148777008057,3.7728376388549805,0.0682227611541748
454,paper,3.1340696811676025,3.7729263305664062,0.6388566493988037
455,code,0.9585569500923157,1.1244151592254639,0.1658582091331482
456,math,1.7015693187713623,1.890175461769104,0.1886061429977417
457,wiki,3.0865495204925537,3.806602716445923,0.7200531959533691
458,news,4.062480926513672,4.1420745849609375,0.07959365844726562
459,reviews,3.6789252758026123,3.6968648433685303,0.01793956756591797
460,paper,3.5909841060638428,4.314138412475586,0.7231543064117432
461,code,1.069828987121582,1.497353196144104,0.427524209022522
462,math,1.8944283723831177,2.1635842323303223,0.2691558599472046
463,wiki,3.484440803527832,4.034943103790283,0.5505023002624512
464,news,3.386359930038452,3.377631187438965,-0.008728742599487305
465,reviews,4.022619247436523,4.086349964141846,0.06373071670532227
466,paper,4.537087917327881,5.113653182983398,0.5765652656555176
467,code,1.2799137830734253,1.7314717769622803,0.451557993888855
468,math,2.2732691764831543,2.483553171157837,0.21028399467468262
469,wiki,3.177645444869995,3.4872522354125977,0.30960679054260254
470,news,3.91642689704895,3.966236114501953,0.04980921745300293
471,reviews,3.723623275756836,3.746528387069702,0.02290511131286621
472,paper,3.4738149642944336,3.994805097579956,0.5209901332855225
473,code,1.0210007429122925,1.374232292175293,0.3532315492630005
474,math,1.2127704620361328,1.4783880710601807,0.26561760902404785
475,wiki,4.030388355255127,4.2511138916015625,0.22072553634643555
476,news,4.381138324737549,4.460545539855957,0.0794072151184082
477,reviews,4.040769100189209,4.135455131530762,0.09468603134155273
478,paper,3.8428595066070557,4.631264686584473,0.788405179977417
479,code,1.4263182878494263,1.8042333126068115,0.37791502475738525
480,math,1.5936577320098877,1.6909648180007935,0.09730708599090576
481,wiki,3.0874862670898438,3.528247833251953,0.4407615661621094
482,news,3.9225964546203613,3.885820150375366,-0.03677630424499512
483,reviews,3.5665650367736816,3.598689317703247,0.03212428092956543
484,paper,2.964829921722412,3.404813051223755,0.4399831295013428
485,code,1.4141054153442383,1.8286598920822144,0.4145544767379761
486,math,1.8775403499603271,2.176025867462158,0.29848551750183105
487,wiki,3.3232293128967285,3.7500970363616943,0.4268677234649658
488,news,4.185857772827148,4.297061443328857,0.11120367050170898
489,reviews,2.921076536178589,2.958534002304077,0.03745746612548828
490,paper,3.4338021278381348,4.0722503662109375,0.6384482383728027
491,code,1.786400318145752,1.9945721626281738,0.20817184448242188
492,math,1.5363202095031738,1.7707780599594116,0.2344578504562378
493,wiki,3.58897066116333,3.7996325492858887,0.2106618881225586
494,news,3.8989086151123047,4.002795219421387,0.10388660430908203
495,reviews,3.1011173725128174,3.1927595138549805,0.09164214134216309
496,paper,3.3307363986968994,3.9858593940734863,0.6551229953765869
497,code,1.4798682928085327,1.9476717710494995,0.4678034782409668
498,math,1.022666335105896,1.3248456716537476,0.30217933654785156
499,wiki,3.865424394607544,4.016834735870361,0.15141034126281738
500,news,4.014001369476318,4.024767875671387,0.01076650619506836
501,reviews,3.3742520809173584,3.4251046180725098,0.05085253715515137
502,paper,3.1437060832977295,3.680987596511841,0.5372815132141113
503,code,1.4073315858840942,1.6962021589279175,0.28887057304382324
504,math,1.7612855434417725,1.8617314100265503,0.10044586658477783
505,wiki,3.686861753463745,4.336537837982178,0.6496760845184326
506,news,3.80966854095459,3.939249277114868,0.12958073616027832
507,reviews,3.7538421154022217,3.7668349742889404,0.01299285888671875
508,paper,3.586604118347168,4.046592712402344,0.4599885940551758
509,code,0.9193772673606873,1.1136664152145386,0.19428914785385132
510,math,1.7707997560501099,2.0530266761779785,0.28222692012786865
511,wiki,3.6796975135803223,4.068929195404053,0.38923168182373047
512,news,4.202934741973877,4.322892189025879,0.11995744705200195
513,reviews,3.309206962585449,3.4112744331359863,0.10206747055053711
514,paper,4.003267765045166,4.553090572357178,0.5498228073120117
515,code,1.2438318729400635,1.4820752143859863,0.23824334144592285
516,math,1.5748172998428345,1.8024394512176514,0.2276221513748169
517,wiki,4.019672393798828,4.080904960632324,0.061232566833496094
518,news,4.0511674880981445,4.193645000457764,0.14247751235961914
519,reviews,3.1856064796447754,3.2704646587371826,0.08485817909240723
520,paper,3.1780803203582764,3.9659698009490967,0.7878894805908203
521,code,1.3556634187698364,1.5622435808181763,0.20658016204833984
522,math,1.3279653787612915,1.4731580018997192,0.14519262313842773
523,wiki,3.490319013595581,4.059036731719971,0.5687177181243896
524,news,4.187900066375732,4.270636081695557,0.08273601531982422
525,reviews,3.1571109294891357,3.2335450649261475,0.07643413543701172
526,paper,3.189791202545166,3.945328950881958,0.755537748336792
527,code,1.260872721672058,1.7950259447097778,0.5341532230377197
528,math,1.4378716945648193,1.8512924909591675,0.41342079639434814
529,wiki,3.5174121856689453,4.097227573394775,0.5798153877258301
530,news,4.581837177276611,4.79723596572876,0.21539878845214844
531,reviews,3.315063714981079,3.4113807678222656,0.09631705284118652
532,paper,3.9559881687164307,4.621999740600586,0.6660115718841553
533,code,1.1892541646957397,1.2956604957580566,0.1064063310623169
534,math,1.4949560165405273,1.6726597547531128,0.17770373821258545
535,wiki,3.8181965351104736,4.121830940246582,0.3036344051361084
536,news,3.4672722816467285,3.4688775539398193,0.0016052722930908203
537,reviews,3.9740893840789795,4.039069175720215,0.06497979164123535
538,paper,3.264223098754883,3.810817241668701,0.5465941429138184
539,code,1.156814455986023,1.219001054763794,0.062186598777770996
540,math,1.7594467401504517,2.129579544067383,0.37013280391693115
541,wiki,3.7660412788391113,4.286088943481445,0.520047664642334
542,news,3.517014741897583,3.5376033782958984,0.02058863639831543
543,reviews,3.1695556640625,3.231520652770996,0.061964988708496094
544,paper,3.389955997467041,4.170952320098877,0.7809963226318359
545,code,1.4975663423538208,1.8795363903045654,0.38197004795074463
546,math,1.157139539718628,1.3271647691726685,0.17002522945404053
547,wiki,3.5072219371795654,3.725125789642334,0.21790385246276855
548,news,3.9651546478271484,4.165644645690918,0.20048999786376953
549,reviews,3.432056188583374,3.60833740234375,0.17628121376037598
550,paper,3.180487632751465,3.76002836227417,0.5795407295227051
551,code,1.5870637893676758,2.003140449523926,0.41607666015625
552,math,1.9353183507919312,2.1906120777130127,0.25529372692108154
553,wiki,3.674525022506714,3.7473130226135254,0.07278800010681152
554,news,4.456515789031982,4.6038689613342285,0.1473531723022461
555,reviews,3.8370914459228516,3.8679277896881104,0.03083634376525879
556,paper,3.970384120941162,4.587088108062744,0.616703987121582
557,code,1.6692163944244385,2.1614651679992676,0.4922487735748291
558,math,1.396070122718811,1.5081803798675537,0.11211025714874268
559,wiki,3.403963088989258,3.985370635986328,0.5814075469970703
560,news,4.243619441986084,4.491335868835449,0.24771642684936523
561,reviews,3.8566389083862305,3.8496954441070557,-0.006943464279174805
562,paper,3.4718503952026367,4.141315937042236,0.6694655418395996
563,code,1.0896947383880615,1.4950671195983887,0.40537238121032715
564,math,1.8239840269088745,2.0936572551727295,0.269673228263855
565,wiki,3.79341197013855,4.100645542144775,0.3072335720062256
566,news,4.120691776275635,4.45799446105957,0.33730268478393555
567,reviews,3.692291021347046,3.6548759937286377,-0.0374150276184082
568,paper,2.921861171722412,3.442685127258301,0.5208239555358887
569,code,1.8028212785720825,2.3496530055999756,0.5468317270278931
570,math,1.610774278640747,1.877129316329956,0.266355037689209
571,wiki,3.1200873851776123,3.2077016830444336,0.08761429786682129
572,news,3.634617567062378,3.988117218017578,0.3534996509552002
573,reviews,3.6129164695739746,3.60910701751709,-0.0038094520568847656
574,paper,3.265244722366333,4.194967269897461,0.9297225475311279
575,code,1.8957772254943848,2.4860129356384277,0.590235710144043
576,math,2.2501299381256104,2.358572483062744,0.10844254493713379
577,wiki,2.9850032329559326,2.9729340076446533,-0.012069225311279297
578,news,3.9997382164001465,4.148972988128662,0.14923477172851562
579,reviews,3.688049554824829,3.7690787315368652,0.08102917671203613
580,paper,3.712542772293091,4.323800563812256,0.611257791519165
581,code,1.3158727884292603,1.6844762563705444,0.3686034679412842
582,math,1.2291204929351807,1.4499726295471191,0.22085213661193848
583,wiki,2.9471449851989746,4.146486759185791,1.1993417739868164
584,news,3.1836066246032715,3.4327423572540283,0.24913573265075684
585,reviews,3.390735149383545,3.4141855239868164,0.023450374603271484
586,paper,4.406777381896973,4.878626823425293,0.4718494415283203
587,code,1.634455680847168,1.751678466796875,0.11722278594970703
588,math,1.292988896369934,1.4814997911453247,0.18851089477539062
589,wiki,2.8931775093078613,3.839510679244995,0.9463331699371338
590,news,3.310159683227539,3.6010708808898926,0.2909111976623535
591,reviews,3.601224422454834,3.58689284324646,-0.014331579208374023
592,paper,4.374017715454102,5.176328182220459,0.8023104667663574
593,code,1.4308135509490967,1.9193880558013916,0.4885745048522949
594,math,1.9399398565292358,2.214184522628784,0.27424466609954834
595,wiki,1.91306734085083,2.9039196968078613,0.9908523559570312
596,news,3.132606267929077,3.4197728633880615,0.2871665954589844
597,reviews,3.9300782680511475,4.050649642944336,0.12057137489318848
598,paper,3.8273770809173584,4.412531852722168,0.5851547718048096
599,code,1.912666916847229,2.2526233196258545,0.3399564027786255
600,math,1.4067784547805786,1.7229015827178955,0.3161231279373169
601,wiki,2.47558856010437,3.518439292907715,1.0428507328033447
602,news,3.2208659648895264,3.2315616607666016,0.010695695877075195
603,reviews,3.8612027168273926,3.8676748275756836,0.006472110748291016
604,paper,2.876910924911499,2.924497604370117,0.047586679458618164
605,code,1.4421838521957397,1.8287161588668823,0.3865323066711426
606,math,1.3179479837417603,1.4190946817398071,0.10114669799804688
607,wiki,2.43412709236145,3.5859663486480713,1.151839256286621
608,news,3.5788064002990723,3.609243392944336,0.030436992645263672
609,reviews,4.211991310119629,4.268355846405029,0.05636453628540039
610,paper,2.610321283340454,2.650975227355957,0.04065394401550293
611,code,1.4708970785140991,2.0253171920776367,0.5544201135635376
612,math,1.6967418193817139,2.0781798362731934,0.3814380168914795
613,wiki,2.2373344898223877,3.3299431800842285,1.0926086902618408
614,news,3.311347007751465,3.3621623516082764,0.05081534385681152
615,reviews,3.2867026329040527,3.350940227508545,0.06423759460449219
616,paper,3.4281668663024902,3.636798858642578,0.2086319923400879
617,code,1.1922945976257324,1.7935069799423218,0.6012123823165894
618,math,1.2713611125946045,1.635503888130188,0.3641427755355835
619,wiki,2.554715394973755,3.548196792602539,0.9934813976287842
620,news,4.6133551597595215,4.86848258972168,0.2551274299621582
621,reviews,3.282120943069458,3.316978931427002,0.034857988357543945
622,paper,3.9076292514801025,4.388517379760742,0.48088812828063965
623,code,1.7081403732299805,2.10676908493042,0.39862871170043945
624,math,1.5037524700164795,1.6814740896224976,0.17772161960601807
625,wiki,2.7002336978912354,3.8162713050842285,1.1160376071929932
626,news,3.8422563076019287,4.100561141967773,0.2583048343658447
627,reviews,3.3395752906799316,3.3720576763153076,0.03248238563537598
628,paper,2.5662500858306885,2.7358224391937256,0.1695723533630371
629,code,1.8822073936462402,2.3937506675720215,0.5115432739257812
630,math,1.3833742141723633,1.621347188949585,0.23797297477722168
631,wiki,2.8907430171966553,3.9098825454711914,1.0191395282745361
632,news,3.8797714710235596,4.01641321182251,0.1366417407989502
633,reviews,3.286665916442871,3.3065176010131836,0.0198516845703125
634,paper,2.488572835922241,2.6373062133789062,0.14873337745666504
635,code,2.0111498832702637,2.593465566635132,0.5823156833648682
636,math,2.0361621379852295,2.4146411418914795,0.37847900390625
637,wiki,3.0246291160583496,3.8431193828582764,0.8184902667999268
638,news,2.967763900756836,3.141875982284546,0.17411208152770996
639,reviews,3.5676610469818115,3.683411121368408,0.11575007438659668
640,paper,3.3337104320526123,3.7427661418914795,0.4090557098388672
641,code,1.0861711502075195,1.768559455871582,0.6823883056640625
642,math,1.4534070491790771,1.6181164979934692,0.1647094488143921
643,wiki,3.423924446105957,4.330589294433594,0.9066648483276367
644,news,3.326207399368286,3.558382272720337,0.23217487335205078
645,reviews,3.5839684009552,3.727691411972046,0.1437230110168457
646,paper,3.838320732116699,4.5365729331970215,0.6982522010803223
647,code,1.7759655714035034,2.1639151573181152,0.3879495859146118
648,math,1.4879240989685059,1.7198270559310913,0.23190295696258545
649,wiki,2.742337465286255,3.283435106277466,0.5410976409912109
650,news,3.9692587852478027,4.31467342376709,0.3454146385192871
651,reviews,3.4765374660491943,3.5700082778930664,0.09347081184387207
652,paper,4.034975528717041,4.5896830558776855,0.5547075271606445
653,code,1.155693531036377,1.5514280796051025,0.3957345485687256
654,math,1.6521449089050293,1.7664456367492676,0.11430072784423828
655,wiki,2.544295072555542,2.582817316055298,0.03852224349975586
656,news,3.942586898803711,4.340061187744141,0.3974742889404297
657,reviews,3.597083806991577,3.708482027053833,0.11139822006225586
658,paper,4.137317180633545,4.683923244476318,0.5466060638427734
659,code,1.194551944732666,1.6641944646835327,0.4696425199508667
660,math,1.4317950010299683,1.7414084672927856,0.3096134662628174
661,wiki,3.091371536254883,3.380265951156616,0.2888944149017334
662,news,3.5684850215911865,3.8985888957977295,0.33010387420654297
663,reviews,3.4456470012664795,3.4926681518554688,0.04702115058898926
664,paper,4.494026184082031,5.141180515289307,0.6471543312072754
665,code,1.1196632385253906,1.5756986141204834,0.4560353755950928
666,math,1.480586051940918,1.8393833637237549,0.3587973117828369
667,wiki,2.7869873046875,2.822126626968384,0.03513932228088379
668,news,3.183414936065674,3.3591244220733643,0.17570948600769043
669,reviews,3.698617935180664,3.8432679176330566,0.14464998245239258
670,paper,4.8348517417907715,5.272010326385498,0.43715858459472656
671,code,1.0980808734893799,1.4800268411636353,0.38194596767425537
672,math,1.7582423686981201,2.156383991241455,0.39814162254333496
673,wiki,2.8491618633270264,3.7052388191223145,0.8560769557952881
674,news,3.165475845336914,3.232846736907959,0.06737089157104492
675,reviews,3.4299497604370117,3.5157933235168457,0.08584356307983398
676,paper,2.6196179389953613,3.3847522735595703,0.765134334564209
677,code,1.591456651687622,1.8175339698791504,0.22607731819152832
678,math,1.640386939048767,1.8164228200912476,0.17603588104248047
679,wiki,2.5880885124206543,2.8897969722747803,0.301708459854126
680,news,2.881648063659668,3.023898124694824,0.14225006103515625
681,reviews,3.9064619541168213,3.9455626010894775,0.03910064697265625
682,paper,2.7328879833221436,3.354214906692505,0.6213269233703613
683,code,1.1897445917129517,1.640319585800171,0.45057499408721924
684,math,1.5672848224639893,1.7979828119277954,0.23069798946380615
685,wiki,3.538177728652954,4.080946922302246,0.542769193649292
686,news,3.0469894409179688,3.1305959224700928,0.08360648155212402
687,reviews,3.5959832668304443,3.7779839038848877,0.18200063705444336
688,paper,3.8260202407836914,4.479924201965332,0.6539039611816406
689,code,1.301437258720398,1.874202013015747,0.5727647542953491
690,math,1.7103855609893799,1.9631718397140503,0.2527862787246704
691,wiki,3.669630289077759,3.930936574935913,0.2613062858581543
692,news,2.876772880554199,3.050246238708496,0.17347335815429688
693,reviews,3.459904193878174,3.4797093868255615,0.019805192947387695
694,paper,3.2823336124420166,3.753263235092163,0.4709296226501465
695,code,1.2586010694503784,1.524160623550415,0.2655595541000366
696,math,1.8563306331634521,1.9365439414978027,0.08021330833435059
697,wiki,2.884749412536621,2.991872549057007,0.10712313652038574
698,news,4.249008655548096,4.395175933837891,0.14616727828979492
699,reviews,3.88165283203125,3.908085346221924,0.026432514190673828
700,paper,2.763793468475342,3.523585081100464,0.7597916126251221
701,code,1.2455722093582153,1.6602776050567627,0.41470539569854736
702,math,1.423882007598877,1.680857539176941,0.25697553157806396
703,wiki,3.3285067081451416,3.506028652191162,0.1775219440460205
704,news,3.841125965118408,3.949262857437134,0.10813689231872559
705,reviews,3.700371503829956,3.744788885116577,0.044417381286621094
706,paper,2.316701650619507,3.8532211780548096,1.5365195274353027
707,code,1.1311218738555908,1.6094311475753784,0.4783092737197876
708,math,1.703403353691101,2.1334543228149414,0.43005096912384033
709,wiki,3.0634653568267822,3.3241679668426514,0.26070261001586914
710,news,3.6385810375213623,3.864560604095459,0.22597956657409668
711,reviews,3.8695085048675537,3.9840049743652344,0.11449646949768066
712,paper,2.174614429473877,3.76080584526062,1.5861914157867432
713,code,1.9033089876174927,2.1819159984588623,0.27860701084136963
714,math,1.399099349975586,1.7585545778274536,0.3594552278518677
715,wiki,3.543365716934204,4.002524375915527,0.45915865898132324
716,news,3.938573122024536,4.208191871643066,0.2696187496185303
717,reviews,4.528223991394043,4.5737762451171875,0.04555225372314453
718,paper,1.9386063814163208,3.6604812145233154,1.7218748331069946
719,code,1.4527493715286255,1.5201289653778076,0.06737959384918213
720,math,1.044187307357788,1.2306932210922241,0.18650591373443604
721,wiki,3.3410706520080566,3.3707010746002197,0.029630422592163086
722,news,3.6930134296417236,3.8351058959960938,0.14209246635437012
723,reviews,3.8110225200653076,3.9037764072418213,0.09275388717651367
724,paper,3.0443711280822754,3.129559278488159,0.08518815040588379
725,code,1.0774084329605103,1.2928754091262817,0.21546697616577148
726,math,1.434875726699829,1.874076008796692,0.4392002820968628
727,wiki,3.0995001792907715,3.3005096912384033,0.20100951194763184
728,news,4.047776699066162,4.399938583374023,0.35216188430786133
729,reviews,3.996394395828247,4.02052640914917,0.02413201332092285
730,paper,4.576064109802246,5.270807266235352,0.6947431564331055
731,code,1.0846776962280273,1.5386390686035156,0.4539613723754883
732,math,1.5580326318740845,1.903607726097107,0.34557509422302246
733,wiki,3.268152952194214,3.8410146236419678,0.5728616714477539
734,news,4.02016544342041,4.098390579223633,0.07822513580322266
735,reviews,3.5633485317230225,3.5924670696258545,0.02911853790283203
736,paper,3.8006553649902344,4.438389301300049,0.6377339363098145
737,code,1.0033628940582275,1.265491247177124,0.2621283531188965
738,math,1.4349730014801025,1.8400486707687378,0.40507566928863525
739,wiki,2.781428813934326,2.833831310272217,0.052402496337890625
740,news,3.8646676540374756,3.9481379985809326,0.08347034454345703
741,reviews,3.466663360595703,3.6495866775512695,0.1829233169555664
742,paper,3.5752859115600586,3.9608097076416016,0.38552379608154297
743,code,1.4469507932662964,1.6688480377197266,0.22189724445343018
744,math,1.517362117767334,1.8577275276184082,0.3403654098510742
745,wiki,3.0143518447875977,3.785433530807495,0.7710816860198975
746,news,3.6838526725769043,3.8353958129882812,0.15154314041137695
747,reviews,3.230663299560547,3.3169703483581543,0.08630704879760742
748,paper,3.950972080230713,4.474099636077881,0.523127555847168
749,code,1.189252257347107,1.3263072967529297,0.13705503940582275
750,math,1.6864696741104126,2.026280164718628,0.33981049060821533
751,wiki,2.7879798412323,2.8872735500335693,0.09929370880126953
752,news,3.5420262813568115,3.72885799407959,0.18683171272277832
753,reviews,3.320261240005493,3.3734428882598877,0.05318164825439453
754,paper,4.073922634124756,4.888067245483398,0.8141446113586426
755,code,1.4210032224655151,1.846276044845581,0.4252728223800659
756,math,1.3728535175323486,1.4889014959335327,0.11604797840118408
757,wiki,3.510305404663086,4.104061603546143,0.5937561988830566
758,news,3.2416751384735107,3.2344746589660645,-0.007200479507446289
759,reviews,3.2846665382385254,3.395975351333618,0.11130881309509277
760,paper,4.384334087371826,5.229675769805908,0.845341682434082
761,code,1.754939317703247,2.375243663787842,0.6203043460845947
762,math,1.51628839969635,1.858283281326294,0.34199488162994385
763,wiki,2.618093252182007,3.157975912094116,0.5398826599121094
764,news,2.988307237625122,3.2694427967071533,0.28113555908203125
765,reviews,3.313002586364746,3.3483726978302,0.0353701114654541
766,paper,3.6090097427368164,4.414379596710205,0.8053698539733887
767,code,2.1040422916412354,2.6303610801696777,0.5263187885284424
768,math,1.3006336688995361,1.427961826324463,0.12732815742492676
769,wiki,2.347773551940918,2.53600811958313,0.18823456764221191
770,news,3.0487260818481445,3.167606830596924,0.1188807487487793
771,reviews,3.532282829284668,3.5435664653778076,0.011283636093139648
772,paper,2.924281597137451,3.5471749305725098,0.6228933334350586
773,code,1.9379438161849976,2.062851905822754,0.12490808963775635
774,math,1.558437705039978,1.8819923400878906,0.3235546350479126
775,wiki,3.602574110031128,3.8778750896453857,0.2753009796142578
776,news,3.5029168128967285,3.505232095718384,0.0023152828216552734
777,reviews,3.770686149597168,3.8110883235931396,0.04040217399597168
778,paper,3.721486806869507,4.361802101135254,0.6403152942657471
779,code,1.3442569971084595,1.5400137901306152,0.19575679302215576
780,math,1.3866029977798462,1.5334336757659912,0.14683067798614502
781,wiki,3.3487355709075928,3.9868087768554688,0.638073205947876
782,news,3.1356992721557617,3.2988483905792236,0.16314911842346191
783,reviews,3.0230729579925537,3.1472394466400146,0.12416648864746094
784,paper,3.571112632751465,4.427338600158691,0.8562259674072266
785,code,1.0407135486602783,1.5238243341445923,0.48311078548431396
786,math,1.808695912361145,2.2433528900146484,0.4346569776535034
787,wiki,3.66928768157959,3.6976816654205322,0.028393983840942383
788,news,3.4537642002105713,3.5425052642822266,0.08874106407165527
789,reviews,2.9623360633850098,2.9601051807403564,-0.0022308826446533203
790,paper,3.418686628341675,3.7695224285125732,0.35083580017089844
791,code,1.3176108598709106,1.8809372186660767,0.563326358795166
792,math,1.8805876970291138,2.260637044906616,0.38004934787750244
793,wiki,3.2387855052948,3.4425535202026367,0.20376801490783691
794,news,3.3858001232147217,3.561424970626831,0.17562484741210938
795,reviews,3.2306249141693115,3.3483235836029053,0.11769866943359375
796,paper,3.545236110687256,4.22328519821167,0.6780490875244141
797,code,0.9186020493507385,1.0936529636383057,0.17505091428756714
798,math,1.8632529973983765,2.161724805831909,0.2984718084335327
799,wiki,3.554749011993408,3.6200637817382812,0.06531476974487305
800,news,3.4131245613098145,3.628662109375,0.21553754806518555
801,reviews,3.1784989833831787,3.3396356105804443,0.16113662719726562
802,paper,3.0639379024505615,3.570380687713623,0.5064427852630615
803,code,1.1993314027786255,1.7042481899261475,0.504916787147522
804,math,1.449225902557373,1.8370411396026611,0.3878152370452881
805,wiki,3.269782543182373,4.073574542999268,0.8037919998168945
806,news,3.4607977867126465,3.6088626384735107,0.14806485176086426
807,reviews,3.085110664367676,3.2149441242218018,0.12983345985412598
808,paper,2.771918773651123,3.5520429611206055,0.7801241874694824
809,code,1.8493623733520508,2.4123339653015137,0.5629715919494629
810,math,1.473840594291687,1.8125860691070557,0.33874547481536865
811,wiki,3.1524417400360107,3.2429347038269043,0.09049296379089355
812,news,2.675769090652466,2.7128548622131348,0.037085771560668945
813,reviews,3.076932430267334,3.14229416847229,0.06536173820495605
814,paper,3.0194272994995117,3.7729263305664062,0.7534990310668945
815,code,1.3455106019973755,1.5851812362670898,0.23967063426971436
816,math,1.7485687732696533,2.1601271629333496,0.4115583896636963
817,wiki,3.334019422531128,3.4176363945007324,0.08361697196960449
818,news,3.236398935317993,3.3478846549987793,0.11148571968078613
819,reviews,3.535418748855591,3.587338447570801,0.05191969871520996
820,paper,3.446821451187134,4.314138412475586,0.8673169612884521
821,code,0.9547452926635742,1.085002064704895,0.1302567720413208
822,math,1.9313678741455078,2.2463576793670654,0.3149898052215576
823,wiki,3.1289732456207275,3.176567554473877,0.047594308853149414
824,news,3.4884328842163086,3.621967315673828,0.13353443145751953
825,reviews,3.230429172515869,3.3009328842163086,0.07050371170043945
826,paper,4.396039009094238,5.113653182983398,0.7176141738891602
827,code,1.190858244895935,1.654563069343567,0.46370482444763184
828,math,1.1195775270462036,1.3878719806671143,0.26829445362091064
829,wiki,2.844956398010254,3.0734353065490723,0.22847890853881836
830,news,3.4926939010620117,3.6299092769622803,0.13721537590026855
831,reviews,3.578542709350586,3.6967720985412598,0.11822938919067383
832,paper,3.3246476650238037,3.994805097579956,0.6701574325561523
833,code,1.3831340074539185,1.8925710916519165,0.509437084197998
834,math,2.026444911956787,2.414468765258789,0.38802385330200195
835,wiki,3.440547466278076,3.5315299034118652,0.09098243713378906
836,news,3.940382957458496,4.20050048828125,0.2601175308227539
837,reviews,3.931874990463257,3.9498515129089355,0.01797652244567871
838,paper,3.6520750522613525,4.631264686584473,0.9791896343231201
839,code,1.1717801094055176,1.3947250843048096,0.222944974899292
840,math,1.6411350965499878,1.7841843366622925,0.1430492401123047
841,wiki,3.426147222518921,4.125592231750488,0.6994450092315674
842,news,3.589465379714966,3.7206008434295654,0.1311354637145996
843,reviews,3.6019110679626465,3.676710605621338,0.0747995376586914
844,paper,2.8167316913604736,3.404813051223755,0.5880813598632812
845,code,1.0680962800979614,1.6100964546203613,0.5420001745223999
846,math,1.6328425407409668,1.9050476551055908,0.272205114364624
847,wiki,3.6847898960113525,3.75797438621521,0.07318449020385742
848,news,3.549121856689453,3.701552391052246,0.15243053436279297
849,reviews,3.4101240634918213,3.5478358268737793,0.137711763381958
850,paper,3.294049024581909,4.0722503662109375,0.7782013416290283
851,code,1.896411418914795,2.26149845123291,0.36508703231811523
852,math,1.1623002290725708,1.2094165086746216,0.04711627960205078
853,wiki,3.284552574157715,3.5302717685699463,0.24571919441223145
854,news,3.5703303813934326,3.796823263168335,0.22649288177490234
855,reviews,3.3467206954956055,3.388009548187256,0.04128885269165039
856,paper,3.1547601222991943,3.9858593940734863,0.831099271774292
857,code,1.6913715600967407,1.8834812641143799,0.19210970401763916
858,math,1.2808037996292114,1.6708852052688599,0.39008140563964844
859,wiki,3.3588995933532715,3.5211117267608643,0.16221213340759277
860,news,3.2927792072296143,3.4853367805480957,0.19255757331848145
861,reviews,3.537336826324463,3.5626323223114014,0.025295495986938477
862,paper,3.003567934036255,3.680987596511841,0.6774196624755859
863,code,1.0661871433258057,1.4450002908706665,0.37881314754486084
864,math,1.0476558208465576,1.4836781024932861,0.4360222816467285
865,wiki,3.2501204013824463,3.342257022857666,0.09213662147521973
866,news,3.755330801010132,3.9031646251678467,0.14783382415771484
867,reviews,2.8685624599456787,2.966277837753296,0.09771537780761719
868,paper,3.4083759784698486,4.046592712402344,0.6382167339324951
869,code,0.6721938252449036,0.961786687374115,0.2895928621292114
870,math,1.6013020277023315,2.072082996368408,0.47078096866607666
871,wiki,3.596392869949341,3.863945245742798,0.26755237579345703
872,news,3.1147191524505615,3.2718491554260254,0.15713000297546387
873,reviews,4.087904453277588,4.122450828552246,0.0345463752746582
874,paper,3.8531272411346436,4.553090572357178,0.6999633312225342
875,code,1.0509569644927979,1.5428465604782104,0.4918895959854126
876,math,1.3545445203781128,1.5047476291656494,0.15020310878753662
877,wiki,3.7254459857940674,3.800313711166382,0.07486772537231445
878,news,3.521775722503662,3.7420260906219482,0.22025036811828613
879,reviews,3.1901168823242188,3.2567365169525146,0.0666196346282959
880,paper,3.0152971744537354,3.9659698009490967,0.9506726264953613
881,code,1.5790880918502808,2.087104558944702,0.5080164670944214
882,math,1.506386399269104,1.8524359464645386,0.34604954719543457
883,wiki,3.7835025787353516,4.036098003387451,0.2525954246520996
884,news,3.7487473487854004,3.9681148529052734,0.21936750411987305
885,reviews,3.703237533569336,3.7304742336273193,0.0272367000579834
886,paper,3.0657286643981934,3.945328950881958,0.8796002864837646
887,code,0.9350724220275879,1.109235405921936,0.17416298389434814
888,math,1.434781551361084,1.8346140384674072,0.39983248710632324
889,wiki,3.574315309524536,3.628530979156494,0.05421566963195801
890,news,5.096285343170166,5.3411431312561035,0.2448577880859375
891,reviews,3.4736573696136475,3.512643337249756,0.0389859676361084
892,paper,3.767246961593628,4.621999740600586,0.854752779006958
893,code,1.367126703262329,1.751631259918213,0.3845045566558838
894,math,2.2822425365448,2.336951732635498,0.05470919609069824
895,wiki,3.449056386947632,3.5921719074249268,0.14311552047729492
896,news,4.034622669219971,4.372003078460693,0.33738040924072266
897,reviews,3.974430561065674,4.034346103668213,0.05991554260253906
898,paper,3.102933406829834,3.810817241668701,0.7078838348388672
899,code,1.1064306497573853,1.406319499015808,0.29988884925842285
900,math,2.05329966545105,2.3849422931671143,0.33164262771606445
901,wiki,3.2685656547546387,4.038388252258301,0.7698225975036621
902,news,4.531402111053467,4.96399450302124,0.43259239196777344
903,reviews,3.782895565032959,3.856492519378662,0.07359695434570312
904,paper,3.2951977252960205,4.170952320098877,0.8757545948028564
905,code,1.5438590049743652,1.9611341953277588,0.41727519035339355
906,math,1.7028669118881226,1.9482725858688354,0.2454056739807129
907,wiki,2.525106430053711,2.680560350418091,0.15545392036437988
908,news,4.22841215133667,4.772047519683838,0.543635368347168
909,reviews,4.237645149230957,4.210716247558594,-0.02692890167236328
910,paper,2.9957799911499023,3.76002836227417,0.7642483711242676
911,code,1.703560709953308,2.3605966567993164,0.6570359468460083
912,math,1.8751580715179443,2.258053779602051,0.38289570808410645
913,wiki,3.384286403656006,3.7301952838897705,0.34590888023376465
914,news,4.496460914611816,4.8228349685668945,0.3263740539550781
915,reviews,3.603661060333252,3.7592902183532715,0.15562915802001953
916,paper,3.8432092666625977,4.587088108062744,0.7438788414001465
917,code,1.6185001134872437,2.1440858840942383,0.5255857706069946
918,math,1.5872403383255005,1.7722591161727905,0.18501877784729004
919,wiki,3.1310534477233887,3.2579965591430664,0.12694311141967773
920,news,4.931553363800049,5.244858741760254,0.3133053779602051
921,reviews,3.3216278553009033,3.4255385398864746,0.10391068458557129
922,paper,3.2809641361236572,4.141315937042236,0.8603518009185791
923,code,1.1340218782424927,1.2855969667434692,0.15157508850097656
924,math,1.650172233581543,2.124316453933716,0.47414422035217285
925,wiki,3.1603951454162598,4.0306782722473145,0.8702831268310547
926,news,4.065930366516113,4.423555374145508,0.35762500762939453
927,reviews,3.283301591873169,3.4100818634033203,0.12678027153015137
928,paper,2.7952654361724854,3.442685127258301,0.6474196910858154
929,code,1.336960792541504,1.4996148347854614,0.16265404224395752
930,math,1.8976314067840576,2.395029067993164,0.49739766120910645
931,wiki,3.3478217124938965,3.662142753601074,0.31432104110717773
932,news,4.347698211669922,4.838390827178955,0.4906926155090332
933,reviews,2.911806583404541,2.9838058948516846,0.07199931144714355
934,paper,3.0730748176574707,4.194967269897461,1.1218924522399902
935,code,1.2952817678451538,1.738224983215332,0.4429432153701782
936,math,1.8592060804367065,2.155578851699829,0.29637277126312256
937,wiki,2.808990478515625,3.4748921394348145,0.6659016609191895
938,news,5.071023941040039,5.401814937591553,0.33079099655151367
939,reviews,3.4009835720062256,3.457341194152832,0.056357622146606445
940,paper,3.567786455154419,4.323800563812256,0.7560141086578369
941,code,1.2931079864501953,1.711338996887207,0.4182310104370117
942,math,1.6660906076431274,2.1821610927581787,0.5160704851150513
943,wiki,3.219202756881714,4.648487567901611,1.4292848110198975
944,news,4.2428412437438965,4.677680969238281,0.43483972549438477
945,reviews,2.9534761905670166,2.9974169731140137,0.04394078254699707
946,paper,4.293405055999756,4.878626823425293,0.5852217674255371
947,code,1.656836748123169,2.193516731262207,0.5366799831390381
948,math,2.1731150150299072,2.5435752868652344,0.37046027183532715
949,wiki,3.309518337249756,4.024777412414551,0.7152590751647949
950,news,4.622135639190674,5.179710388183594,0.5575747489929199
951,reviews,3.3631644248962402,3.350846529006958,-0.012317895889282227
952,paper,4.263248920440674,5.176328182220459,0.9130792617797852
953,code,1.3477948904037476,1.604631781578064,0.2568368911743164
954,math,1.5528150796890259,1.674201488494873,0.12138640880584717
955,wiki,2.7386038303375244,4.263751029968262,1.5251471996307373
956,news,3.983361005783081,4.232351303100586,0.24899029731750488
957,reviews,4.077174186706543,4.092184066772461,0.015009880065917969
958,paper,3.675163745880127,4.412531852722168,0.737368106842041
959,code,1.3933873176574707,1.8906697034835815,0.49728238582611084
960,math,1.6441243886947632,1.9382007122039795,0.2940763235092163
961,wiki,4.272617340087891,5.003512859344482,0.7308955192565918
962,news,3.99495005607605,4.2138519287109375,0.2189018726348877
963,reviews,3.832655906677246,3.870659351348877,0.03800344467163086
964,paper,2.8412702083587646,2.924497604370117,0.08322739601135254
965,code,1.594879150390625,1.9787589311599731,0.38387978076934814
966,math,1.6085445880889893,1.8152873516082764,0.2067427635192871
967,wiki,3.2153494358062744,3.3300468921661377,0.11469745635986328
968,news,3.787950038909912,4.083992004394531,0.29604196548461914
969,reviews,2.938109874725342,3.0398149490356445,0.10170507431030273
970,paper,2.5527939796447754,2.650975227355957,0.09818124771118164
971,code,1.397731065750122,2.031062364578247,0.633331298828125
972,math,1.1604098081588745,1.56206476688385,0.4016549587249756
973,wiki,3.3506665229797363,4.065524101257324,0.7148575782775879
974,news,3.943384885787964,4.290278434753418,0.3468935489654541
975,reviews,3.5808701515197754,3.6071298122406006,0.026259660720825195
976,paper,3.318295478820801,3.636798858642578,0.31850337982177734
977,code,0.6904388070106506,0.9464263916015625,0.25598758459091187
978,math,1.69853675365448,2.046814441680908,0.3482776880264282
979,wiki,3.451800584793091,3.639477252960205,0.18767666816711426
980,news,3.7741570472717285,4.083254814147949,0.3090977668762207
981,reviews,4.665153503417969,4.754946231842041,0.08979272842407227
982,paper,3.7874293327331543,4.388517379760742,0.6010880470275879
983,code,1.2340965270996094,1.6606825590133667,0.4265860319137573
984,math,1.6856881380081177,1.9278614521026611,0.24217331409454346
985,wiki,3.061300039291382,3.667447090148926,0.606147050857544
986,news,3.278989315032959,3.294283628463745,0.015294313430786133
987,reviews,3.5829174518585205,3.687474012374878,0.10455656051635742
988,paper,2.494004726409912,2.7358224391937256,0.24181771278381348
989,code,1.58767569065094,1.711539387702942,0.12386369705200195
990,math,1.1288894414901733,1.3178062438964844,0.18891680240631104
991,wiki,2.827761173248291,2.828585624694824,0.0008244514465332031
992,news,4.1170334815979,4.165457725524902,0.04842424392700195
993,reviews,3.8588294982910156,4.015998840332031,0.15716934204101562
994,paper,2.401898145675659,2.6373062133789062,0.23540806770324707
995,code,2.0054190158843994,2.4081084728240967,0.40268945693969727
996,math,1.4935047626495361,2.015005111694336,0.5215003490447998
997,wiki,3.015261173248291,3.512403964996338,0.4971427917480469
998,news,3.110177993774414,3.2099671363830566,0.09978914260864258
999,reviews,4.092454433441162,4.169252395629883,0.0767979621887207
1000,paper,3.2446210384368896,3.7427661418914795,0.49814510345458984
1001,code,1.266843318939209,1.5843145847320557,0.3174712657928467
1002,math,1.5177011489868164,1.817003607749939,0.29930245876312256
1003,wiki,3.505986213684082,3.4955363273620605,-0.010449886322021484
1004,news,4.336963176727295,4.754358291625977,0.41739511489868164
1005,reviews,3.539768934249878,3.578468084335327,0.03869915008544922
1006,paper,3.710390090942383,4.5365729331970215,0.8261828422546387
1007,code,1.5375423431396484,2.029902458190918,0.49236011505126953
1008,math,1.8027209043502808,1.8655050992965698,0.06278419494628906
1009,wiki,3.1786863803863525,3.8331925868988037,0.6545062065124512
1010,news,5.123149871826172,5.497061252593994,0.37391138076782227
1011,reviews,3.435441255569458,3.470588207244873,0.03514695167541504
1012,paper,3.8614015579223633,4.5896830558776855,0.7282814979553223
1013,code,1.1051536798477173,1.5265425443649292,0.4213888645172119
1014,math,1.8207659721374512,2.158327341079712,0.33756136894226074
1015,wiki,3.916163206100464,3.8980491161346436,-0.018114089965820312
1016,news,4.949840545654297,5.607436180114746,0.6575956344604492
1017,reviews,3.4494922161102295,3.4660298824310303,0.01653766632080078
1018,paper,4.012911796569824,4.683923244476318,0.6710114479064941
1019,code,1.3728010654449463,1.457884430885315,0.08508336544036865
1020,math,1.5887274742126465,1.9755685329437256,0.3868410587310791
1021,wiki,3.186103105545044,3.2008111476898193,0.01470804214477539
1022,news,4.262552261352539,4.727819919586182,0.4652676582336426
1023,reviews,3.625351667404175,3.6582908630371094,0.03293919563293457
1024,paper,4.301791667938232,5.141180515289307,0.8393888473510742
1025,code,1.7781505584716797,2.158750057220459,0.3805994987487793
1026,math,1.4821805953979492,1.900475263595581,0.41829466819763184
1027,wiki,3.215258836746216,3.8569388389587402,0.6416800022125244
1028,news,3.9076805114746094,4.133490085601807,0.22580957412719727
1029,reviews,4.423439025878906,4.490251541137695,0.06681251525878906
1030,paper,4.686239242553711,5.272010326385498,0.5857710838317871
1031,code,0.995801568031311,1.174545168876648,0.17874360084533691
1032,math,1.8448296785354614,2.0623526573181152,0.2175229787826538
1033,wiki,3.0578982830047607,3.199759006500244,0.1418607234954834
1034,news,4.135656356811523,4.460237503051758,0.3245811462402344
1035,reviews,3.6112043857574463,3.6857144832611084,0.07451009750366211
1036,paper,2.426633834838867,3.3847522735595703,0.9581184387207031
1037,code,0.8795532584190369,1.1645013093948364,0.28494805097579956
1038,math,1.3989274501800537,1.5404354333877563,0.14150798320770264
1039,wiki,3.2593581676483154,3.337655782699585,0.07829761505126953
1040,news,3.885822057723999,3.917764186859131,0.031942129135131836
1041,reviews,3.9552059173583984,4.0728349685668945,0.1176290512084961
1042,paper,2.6019089221954346,3.354214906692505,0.7523059844970703
1043,code,1.9319918155670166,2.2150890827178955,0.2830972671508789
1044,math,1.4861565828323364,1.9460740089416504,0.45991742610931396
1045,wiki,3.321826934814453,4.054346561431885,0.7325196266174316
1046,news,3.964462995529175,4.239865303039551,0.275402307510376
1047,reviews,3.422905445098877,3.4268088340759277,0.0039033889770507812
1048,paper,3.686225414276123,4.479924201965332,0.793698787689209
1049,code,1.7364230155944824,1.8899974822998047,0.15357446670532227
1050,math,1.4044203758239746,1.914049506187439,0.5096291303634644
1051,wiki,3.599494457244873,3.6976001262664795,0.09810566902160645
1052,news,4.045876502990723,4.162867546081543,0.11699104309082031
1053,reviews,3.5783591270446777,3.7127108573913574,0.1343517303466797
1054,paper,3.1696865558624268,3.753263235092163,0.5835766792297363
1055,code,1.9465291500091553,2.2094039916992188,0.2628748416900635
1056,math,1.5264267921447754,1.8993592262268066,0.37293243408203125
1057,wiki,3.358891487121582,3.992562770843506,0.6336712837219238
1058,news,3.1525585651397705,3.3397278785705566,0.18716931343078613
1059,reviews,3.7233448028564453,3.902303457260132,0.17895865440368652
1060,paper,2.5608232021331787,3.523585081100464,0.9627618789672852
1061,code,1.1503642797470093,1.420401930809021,0.2700376510620117
1062,math,1.5603479146957397,1.979073166847229,0.41872525215148926
1063,wiki,3.8107311725616455,4.025860786437988,0.21512961387634277
1064,news,3.5796561241149902,3.902374267578125,0.32271814346313477
1065,reviews,3.7428016662597656,3.7885794639587402,0.04577779769897461
1066,paper,2.1208155155181885,3.8532211780548096,1.732405662536621
1067,code,1.1763582229614258,1.417954444885254,0.24159622192382812
1068,math,2.3771212100982666,2.5734801292419434,0.19635891914367676
1069,wiki,3.0950822830200195,3.184844732284546,0.08976244926452637
1070,news,3.912379264831543,4.208733558654785,0.2963542938232422
1071,reviews,3.4443728923797607,3.520637273788452,0.0762643814086914
1072,paper,1.9800328016281128,3.76080584526062,1.7807730436325073
1073,code,1.5037579536437988,1.9856927394866943,0.4819347858428955
1074,math,1.7207047939300537,1.9363294839859009,0.21562469005584717
1075,wiki,3.188887357711792,3.900385856628418,0.711498498916626
1076,news,3.2623584270477295,3.5511562824249268,0.28879785537719727
1077,reviews,3.825840473175049,3.913782835006714,0.08794236183166504
1078,paper,1.8174855709075928,3.6604812145233154,1.8429956436157227
1079,code,2.22770357131958,2.6982932090759277,0.47058963775634766
1080,math,1.6021336317062378,1.8940571546554565,0.29192352294921875
1081,wiki,3.242244005203247,3.3937363624572754,0.15149235725402832
1082,news,4.054122447967529,4.340468406677246,0.2863459587097168
1083,reviews,3.837310314178467,3.936635971069336,0.09932565689086914
1084,paper,2.977534770965576,3.129559278488159,0.152024507522583
1085,code,0.9694356918334961,1.2583863735198975,0.28895068168640137
1086,math,1.666709303855896,1.8832634687423706,0.2165541648864746
1087,wiki,3.129148483276367,3.8262784481048584,0.6971299648284912
1088,news,4.427870750427246,4.672940731048584,0.2450699806213379
1089,reviews,3.942786931991577,3.9773707389831543,0.03458380699157715
1090,paper,4.379589557647705,5.270807266235352,0.8912177085876465
1091,code,2.053762197494507,2.6663355827331543,0.6125733852386475
1092,math,1.6436374187469482,1.9911988973617554,0.34756147861480713
1093,wiki,3.9451470375061035,4.042562007904053,0.09741497039794922
1094,news,5.012839317321777,4.956376075744629,-0.05646324157714844
1095,reviews,3.832735776901245,3.888890266418457,0.056154489517211914
1096,paper,3.6163392066955566,4.438389301300049,0.8220500946044922
1097,code,1.9790483713150024,2.5955989360809326,0.6165505647659302
1098,math,1.4094550609588623,1.9021034240722656,0.4926483631134033
1099,wiki,3.0391526222229004,3.7042970657348633,0.6651444435119629
1100,news,3.9152274131774902,4.224447727203369,0.3092203140258789
1101,reviews,4.193443298339844,4.273268699645996,0.07982540130615234
1102,paper,3.4387643337249756,3.9608097076416016,0.522045373916626
1103,code,1.1791056394577026,1.6180235147476196,0.438917875289917
1104,math,1.7965599298477173,2.1859843730926514,0.3894244432449341
1105,wiki,3.711909294128418,4.464240074157715,0.7523307800292969
1106,news,4.086851596832275,4.217162132263184,0.1303105354309082
1107,reviews,3.9486734867095947,4.027076721191406,0.07840323448181152
1108,paper,3.8146750926971436,4.474099636077881,0.6594245433807373
1109,code,0.9815138578414917,1.493880033493042,0.5123661756515503
1110,math,1.2297199964523315,1.421610713005066,0.19189071655273438
1111,wiki,3.311922550201416,3.48213267326355,0.1702101230621338
1112,news,3.145634174346924,3.3079915046691895,0.16235733032226562
1113,reviews,3.8361330032348633,3.8744027614593506,0.038269758224487305
1114,paper,3.901458740234375,4.888067245483398,0.9866085052490234
1115,code,0.9221561551094055,1.0160235166549683,0.09386736154556274
1116,math,2.133369207382202,2.56227445602417,0.4289052486419678
1117,wiki,3.426220655441284,4.124714374542236,0.6984937191009521
1118,news,4.014779567718506,4.142930507659912,0.12815093994140625
1119,reviews,3.4250006675720215,3.4493472576141357,0.024346590042114258
1120,paper,4.202136993408203,5.229675769805908,1.027538776397705
1121,code,1.3950680494308472,1.9137836694717407,0.5187156200408936
1122,math,1.735527515411377,2.010913610458374,0.27538609504699707
1123,wiki,3.1754262447357178,3.8237481117248535,0.6483218669891357
1124,news,3.370819330215454,3.465449810028076,0.09463047981262207
1125,reviews,4.285009384155273,4.316082000732422,0.031072616577148438
1126,paper,3.4032857418060303,4.414379596710205,1.0110938549041748
1127,code,2.2086217403411865,2.6329643726348877,0.42434263229370117
1128,math,1.443697452545166,1.7163398265838623,0.2726423740386963
1129,wiki,2.3125293254852295,3.462347984313965,1.1498186588287354
1130,news,3.1272506713867188,3.3361008167266846,0.20885014533996582
1131,reviews,3.750981330871582,3.778660774230957,0.027679443359375
1132,paper,2.781471014022827,3.5471749305725098,0.7657039165496826
1133,code,2.1064505577087402,2.563335418701172,0.45688486099243164
1134,math,1.8027526140213013,2.1060118675231934,0.3032592535018921
1135,wiki,2.5535690784454346,3.2083041667938232,0.6547350883483887
1136,news,3.2578048706054688,3.4679877758026123,0.21018290519714355
1137,reviews,3.8533027172088623,3.9208295345306396,0.06752681732177734
1138,paper,3.595473289489746,4.361802101135254,0.7663288116455078
1139,code,0.6770801544189453,0.7902026176452637,0.11312246322631836
1140,math,1.885838270187378,2.330592393875122,0.44475412368774414
1141,wiki,3.11102294921875,3.19099497795105,0.0799720287322998
1142,news,4.019615650177002,4.3287224769592285,0.30910682678222656
1143,reviews,3.908991813659668,3.9443864822387695,0.03539466857910156
1144,paper,3.4371399879455566,4.427338600158691,0.9901986122131348
1145,code,0.9008827805519104,1.3896631002426147,0.48878031969070435
1146,math,1.5904572010040283,1.6621607542037964,0.07170355319976807
1147,wiki,3.3572115898132324,3.4931704998016357,0.13595890998840332
1148,news,3.2872214317321777,3.375342845916748,0.08812141418457031
1149,reviews,3.705353260040283,3.8592820167541504,0.1539287567138672
1150,paper,3.3116931915283203,3.7695224285125732,0.45782923698425293
1151,code,1.10958993434906,1.3466583490371704,0.23706841468811035
1152,math,1.824661135673523,2.334435224533081,0.5097740888595581
1153,wiki,2.9191970825195312,3.0053551197052,0.08615803718566895
1154,news,3.2154743671417236,3.333630084991455,0.11815571784973145
1155,reviews,3.9899935722351074,4.138645172119141,0.1486515998840332
1156,paper,3.425875425338745,4.22328519821167,0.7974097728729248
1157,code,1.5786607265472412,1.863943099975586,0.2852823734283447
1158,math,1.332806944847107,1.8112314939498901,0.4784245491027832
1159,wiki,2.8118343353271484,3.4532177448272705,0.6413834095001221
1160,news,3.7588717937469482,4.015647888183594,0.2567760944366455
1161,reviews,3.677629232406616,3.723351240158081,0.045722007751464844
1162,paper,2.972569704055786,3.570380687713623,0.5978109836578369
1163,code,1.1191599369049072,1.750994086265564,0.6318341493606567
1164,math,1.1074711084365845,1.5451422929763794,0.4376711845397949
1165,wiki,2.8484506607055664,2.942772626876831,0.09432196617126465
1166,news,4.265300273895264,4.527151107788086,0.26185083389282227
1167,reviews,4.037403583526611,4.055020809173584,0.017617225646972656
1168,paper,2.677525758743286,3.5520429611206055,0.8745172023773193
1169,code,1.708626389503479,2.4075520038604736,0.6989256143569946
1170,math,1.5341441631317139,1.9474332332611084,0.41328907012939453
1171,wiki,3.1723570823669434,4.210902690887451,1.0385456085205078
1172,news,3.591522455215454,3.7427775859832764,0.15125513076782227
1173,reviews,4.573892116546631,4.6694231033325195,0.09553098678588867
1174,paper,2.914341449737549,3.7729263305664062,0.8585848808288574
1175,code,1.2308193445205688,1.8180559873580933,0.5872366428375244
1176,math,1.2225645780563354,1.434814214706421,0.21224963665008545
1177,wiki,2.8522675037384033,3.5354995727539062,0.6832320690155029
1178,news,3.493870973587036,3.5214695930480957,0.02759861946105957
1179,reviews,3.996424436569214,4.081540584564209,0.08511614799499512
1180,paper,3.329331398010254,4.314138412475586,0.984807014465332
1181,code,1.6535394191741943,2.2575831413269043,0.60404372215271
1182,math,1.6751326322555542,2.119964838027954,0.4448322057723999
1183,wiki,2.9905519485473633,3.091688632965088,0.10113668441772461
1184,news,3.411315441131592,3.4867284297943115,0.07541298866271973
1185,reviews,4.336922645568848,4.395385265350342,0.05846261978149414
1186,paper,4.297610282897949,5.113653182983398,0.8160429000854492
1187,code,0.9982735514640808,1.2576830387115479,0.25940948724746704
1188,math,1.4343891143798828,1.9007542133331299,0.46636509895324707
1189,wiki,2.5617332458496094,2.7123591899871826,0.15062594413757324
1190,news,3.9093973636627197,4.081614017486572,0.17221665382385254
1191,reviews,3.505173444747925,3.6098787784576416,0.1047053337097168
1192,paper,3.243252992630005,3.994805097579956,0.7515521049499512
1193,code,0.7943642139434814,1.428560733795166,0.6341965198516846
1194,math,1.0836507081985474,1.5123491287231445,0.42869842052459717
1195,wiki,3.6759872436523438,3.900430917739868,0.22444367408752441
1196,news,3.8543665409088135,3.9705734252929688,0.11620688438415527
1197,reviews,3.7321617603302,3.76967453956604,0.037512779235839844
1198,paper,3.4606435298919678,4.631264686584473,1.1706211566925049
1199,code,1.5018982887268066,2.069366455078125,0.5674681663513184
1200,math,1.532926321029663,1.9977623224258423,0.4648360013961792
1201,wiki,3.88625168800354,3.846204996109009,-0.04004669189453125
1202,news,3.4889039993286133,3.6243698596954346,0.1354658603668213
1203,reviews,3.422713041305542,3.512073040008545,0.08935999870300293
1204,paper,2.710845708847046,3.404813051223755,0.693967342376709
1205,code,1.656242847442627,2.2901620864868164,0.6339192390441895
1206,math,1.9308817386627197,2.1856679916381836,0.25478625297546387
1207,wiki,3.4196412563323975,3.667414665222168,0.2477734088897705
1208,news,3.2810685634613037,3.3870506286621094,0.10598206520080566
1209,reviews,3.1640255451202393,3.2307350635528564,0.06670951843261719
1210,paper,3.149343967437744,4.0722503662109375,0.9229063987731934
1211,code,0.7329459190368652,0.9366399645805359,0.20369404554367065
1212,math,1.3901920318603516,1.7912745475769043,0.40108251571655273
1213,wiki,3.4175221920013428,3.456543207168579,0.03902101516723633
1214,news,2.960970163345337,3.067321538925171,0.10635137557983398
1215,reviews,3.733353853225708,3.819955825805664,0.08660197257995605
1216,paper,3.014920949935913,3.9858593940734863,0.9709384441375732
1217,code,1.1589280366897583,1.7889093160629272,0.629981279373169
1218,math,1.0779554843902588,1.511263370513916,0.4333078861236572
1219,wiki,3.5438616275787354,4.066082954406738,0.5222213268280029
1220,news,3.82761287689209,4.141564846038818,0.3139519691467285
1221,reviews,3.227229118347168,3.3049874305725098,0.0777583122253418
1222,paper,2.9144556522369385,3.680987596511841,0.7665319442749023
1223,code,1.397051453590393,1.859603762626648,0.4625523090362549
1224,math,1.0894016027450562,1.2240382432937622,0.13463664054870605
1225,wiki,2.460275650024414,2.6446950435638428,0.1844193935394287
1226,news,3.8313989639282227,4.11431360244751,0.2829146385192871
1227,reviews,3.5714404582977295,3.664175033569336,0.09273457527160645
1228,paper,3.289837121963501,4.046592712402344,0.7567555904388428
1229,code,0.9883425235748291,1.2199267148971558,0.23158419132232666
1230,math,1.4975228309631348,2.0165679454803467,0.5190451145172119
1231,wiki,2.5672788619995117,2.600569486618042,0.03329062461853027
1232,news,3.3815011978149414,3.602688789367676,0.22118759155273438
1233,reviews,3.2877492904663086,3.374861001968384,0.0871117115020752
1234,paper,3.7032999992370605,4.553090572357178,0.8497905731201172
1235,code,1.118478775024414,1.7030353546142578,0.5845565795898438
1236,math,1.1145597696304321,1.3246368169784546,0.21007704734802246
1237,wiki,3.2223377227783203,3.556257486343384,0.3339197635650635
1238,news,3.279390811920166,3.444387674331665,0.16499686241149902
1239,reviews,3.1603024005889893,3.322986364364624,0.16268396377563477
1240,paper,2.882404327392578,3.9659698009490967,1.0835654735565186
1241,code,1.374306321144104,1.8236602544784546,0.4493539333343506
1242,math,1.2906814813613892,1.6612143516540527,0.3705328702926636
1243,wiki,2.516143560409546,2.690634250640869,0.17449069023132324
1244,news,4.776576995849609,4.985536098480225,0.20895910263061523
1245,reviews,3.646601438522339,3.7336416244506836,0.08704018592834473
1246,paper,2.9331421852111816,3.945328950881958,1.0121867656707764
1247,code,0.9750469326972961,1.0153056383132935,0.040258705615997314
1248,math,1.474267840385437,1.8197181224822998,0.3454502820968628
1249,wiki,2.79862380027771,2.909759044647217,0.11113524436950684
1250,news,3.9646964073181152,4.065555572509766,0.10085916519165039
1251,reviews,3.9942405223846436,4.072131633758545,0.07789111137390137
1252,paper,3.6601979732513428,4.621999740600586,0.9618017673492432
1253,code,2.3311147689819336,2.7007455825805664,0.3696308135986328
1254,math,2.000922441482544,2.5159196853637695,0.5149972438812256
1255,wiki,3.1349363327026367,3.379554033279419,0.24461770057678223
1256,news,4.779735088348389,4.991419792175293,0.2116847038269043
1257,reviews,4.545584201812744,4.661048412322998,0.1154642105102539
1258,paper,2.978896379470825,3.810817241668701,0.831920862197876
1259,code,1.533395767211914,1.9993016719818115,0.46590590476989746
1260,math,1.5755975246429443,1.8858238458633423,0.31022632122039795
1261,wiki,3.852031946182251,4.1483964920043945,0.29636454582214355
1262,news,3.919179916381836,4.055413722991943,0.13623380661010742
1263,reviews,4.493497371673584,4.601457595825195,0.10796022415161133
1264,paper,3.1701669692993164,4.170952320098877,1.0007853507995605
1265,code,1.2716326713562012,1.575579047203064,0.3039463758468628
1266,math,1.798383355140686,2.191229820251465,0.3928464651107788
1267,wiki,3.3770012855529785,3.398423671722412,0.021422386169433594
1268,news,3.372831106185913,3.5447278022766113,0.17189669609069824
1269,reviews,4.157785892486572,4.229226589202881,0.0714406967163086
1270,paper,2.8688912391662598,3.76002836227417,0.8911371231079102
1271,code,1.2715274095535278,1.4194049835205078,0.14787757396697998
1272,math,1.347252607345581,1.7183409929275513,0.3710883855819702
1273,wiki,3.7370002269744873,4.043710708618164,0.30671048164367676
1274,news,4.047526836395264,4.143030643463135,0.0955038070678711
1275,reviews,4.215679168701172,4.285048961639404,0.06936979293823242
1276,paper,3.6752781867980957,4.587088108062744,0.9118099212646484
1277,code,0.9474382996559143,1.5443145036697388,0.5968762040138245
1278,math,1.320037841796875,1.580512523651123,0.26047468185424805
1279,wiki,3.6226918697357178,3.6645514965057373,0.04185962677001953
1280,news,4.022873401641846,4.251615524291992,0.22874212265014648
1281,reviews,3.3031976222991943,3.3666415214538574,0.06344389915466309
1282,paper,3.1594691276550293,4.141315937042236,0.981846809387207
1283,code,0.9452375173568726,1.3818892240524292,0.43665170669555664
1284,math,2.0217056274414062,2.6236727237701416,0.6019670963287354
1285,wiki,3.688088893890381,3.893543004989624,0.20545411109924316
1286,news,3.921605110168457,4.105445861816406,0.18384075164794922
1287,reviews,4.011987686157227,4.027790069580078,0.015802383422851562
1288,paper,2.6922171115875244,3.442685127258301,0.7504680156707764
1289,code,1.3304263353347778,1.4465091228485107,0.11608278751373291
1290,math,1.661028265953064,1.7195775508880615,0.05854928493499756
1291,wiki,3.202477216720581,3.4409611225128174,0.23848390579223633
1292,news,4.205150604248047,4.437834739685059,0.23268413543701172
1293,reviews,4.0241265296936035,4.137710094451904,0.11358356475830078
1294,paper,2.940019369125366,4.194967269897461,1.2549479007720947
1295,code,1.0243922472000122,1.4801632165908813,0.45577096939086914
1296,math,1.6245754957199097,1.9256948232650757,0.301119327545166
1297,wiki,2.910215377807617,3.0456106662750244,0.13539528846740723
1298,news,4.321397304534912,4.625561237335205,0.30416393280029297
1299,reviews,4.334362030029297,4.4378342628479,0.10347223281860352
1300,paper,3.423459529876709,4.323800563812256,0.9003410339355469
1301,code,1.5268259048461914,2.1607632637023926,0.6339373588562012
1302,math,1.23772132396698,1.6139105558395386,0.3761892318725586
1303,wiki,3.057758092880249,3.1816842555999756,0.12392616271972656
1304,news,4.229916095733643,4.467216968536377,0.23730087280273438
1305,reviews,3.927884101867676,3.9937639236450195,0.06587982177734375
1306,paper,4.1596198081970215,4.878626823425293,0.7190070152282715
1307,code,1.472241997718811,1.5857349634170532,0.11349296569824219
1308,math,1.5928733348846436,1.780253291130066,0.18737995624542236
1309,wiki,3.515892505645752,3.6371564865112305,0.12126398086547852
1310,news,3.743187189102173,3.9369654655456543,0.19377827644348145
1311,reviews,4.200270175933838,4.272010326385498,0.07174015045166016
1312,paper,4.02160120010376,5.176328182220459,1.1547269821166992
1313,code,1.4385825395584106,2.0209381580352783,0.5823556184768677
1314,math,1.7473403215408325,2.1335608959198,0.3862205743789673
1315,wiki,3.336791515350342,4.00414514541626,0.667353630065918
1316,news,3.5820343494415283,3.789173126220703,0.2071387767791748
1317,reviews,4.04376745223999,4.07679557800293,0.03302812576293945
1318,paper,3.5397751331329346,4.412531852722168,0.8727567195892334
1319,code,0.8669529557228088,1.0644819736480713,0.19752901792526245
1320,math,1.7566322088241577,2.138627290725708,0.3819950819015503
1321,wiki,2.246790885925293,2.454432725906372,0.2076418399810791
1322,news,3.219663143157959,3.4764437675476074,0.25678062438964844
1323,reviews,4.670007228851318,4.703857898712158,0.033850669860839844
1324,paper,2.784417152404785,2.924497604370117,0.14008045196533203
1325,code,1.0555393695831299,1.577951431274414,0.5224120616912842
1326,math,1.5886324644088745,1.8356726169586182,0.24704015254974365
1327,wiki,3.154237747192383,3.3147521018981934,0.16051435470581055
1328,news,3.254896640777588,3.522733449935913,0.2678368091583252
1329,reviews,3.7645812034606934,3.867779493331909,0.10319828987121582
1330,paper,2.4848127365112305,2.650975227355957,0.16616249084472656
1331,code,1.4999226331710815,1.760624647140503,0.2607020139694214
1332,math,1.6847137212753296,2.1052212715148926,0.420507550239563
1333,wiki,3.379458427429199,3.68015456199646,0.30069613456726074
1334,news,3.1994566917419434,3.4868810176849365,0.28742432594299316
1335,reviews,3.821986436843872,3.886197328567505,0.06421089172363281
1336,paper,3.1890146732330322,3.636798858642578,0.4477841854095459
1337,code,1.792974591255188,2.3228888511657715,0.5299142599105835
1338,math,1.0736366510391235,1.3385370969772339,0.26490044593811035
1339,wiki,3.726505994796753,3.9319844245910645,0.20547842979431152
1340,news,3.4211461544036865,3.7414588928222656,0.3203127384185791
1341,reviews,3.389129638671875,3.466792345046997,0.07766270637512207
1342,paper,3.6716904640197754,4.388517379760742,0.7168269157409668
1343,code,2.114885091781616,2.6297121047973633,0.5148270130157471
1344,math,1.4224380254745483,1.9439595937728882,0.5215215682983398
1345,wiki,2.7630906105041504,3.357501268386841,0.5944106578826904
1346,news,3.188096523284912,3.538081169128418,0.34998464584350586
1347,reviews,3.944905996322632,4.115235328674316,0.17032933235168457
1348,paper,2.4476001262664795,2.7358224391937256,0.2882223129272461
1349,code,2.0700387954711914,2.636470079421997,0.5664312839508057
1350,math,1.1841117143630981,1.5917853116989136,0.40767359733581543
1351,wiki,2.9752285480499268,3.3026540279388428,0.327425479888916
1352,news,3.487407922744751,3.705000638961792,0.21759271621704102
1353,reviews,3.5010669231414795,3.6118078231811523,0.11074090003967285
1354,paper,2.318992853164673,2.6373062133789062,0.3183133602142334
1355,code,1.10413658618927,1.2938348054885864,0.1896982192993164
1356,math,1.2515521049499512,1.7011815309524536,0.44962942600250244
1357,wiki,2.764378309249878,3.146454095840454,0.38207578659057617
1358,news,4.159895896911621,4.4661431312561035,0.3062472343444824
1359,reviews,3.2005257606506348,3.3165273666381836,0.11600160598754883
1360,paper,3.1384034156799316,3.7427661418914795,0.6043627262115479
1361,code,0.9621447324752808,1.2547415494918823,0.29259681701660156
1362,math,1.177322268486023,1.6934338808059692,0.5161116123199463
1363,wiki,2.488835096359253,3.2078781127929688,0.7190430164337158
1364,news,3.420649528503418,3.9052417278289795,0.4845921993255615
1365,reviews,3.709078073501587,3.750878095626831,0.04180002212524414
1366,paper,3.6181833744049072,4.5365729331970215,0.9183895587921143
1367,code,1.43690025806427,1.8499740362167358,0.4130737781524658
1368,math,1.1975010633468628,1.6479637622833252,0.4504626989364624
1369,wiki,2.985266923904419,3.2601068019866943,0.2748398780822754
1370,news,4.105780601501465,4.527225494384766,0.4214448928833008
1371,reviews,3.4246933460235596,3.4403200149536133,0.01562666893005371
1372,paper,3.687687873840332,4.5896830558776855,0.9019951820373535
1373,code,1.0674571990966797,1.5700782537460327,0.502621054649353
1374,math,1.1950626373291016,1.4742554426193237,0.27919280529022217
1375,wiki,2.770214080810547,2.8010387420654297,0.030824661254882812
1376,news,3.8509624004364014,4.3347249031066895,0.4837625026702881
1377,reviews,3.611467123031616,3.6759908199310303,0.06452369689941406
1378,paper,3.892578125,4.683923244476318,0.7913451194763184
1379,code,1.23115873336792,1.5496925115585327,0.3185337781906128
1380,math,1.2210897207260132,1.3017897605895996,0.08070003986358643
1381,wiki,2.8926188945770264,3.824554920196533,0.9319360256195068
1382,news,4.018775463104248,4.169610977172852,0.15083551406860352
1383,reviews,4.139607906341553,4.188942909240723,0.04933500289916992
1384,paper,4.15266227722168,5.141180515289307,0.988518238067627
1385,code,1.0282329320907593,1.620318055152893,0.5920851230621338
1386,math,1.4859501123428345,1.8493715524673462,0.3634214401245117
1387,wiki,3.59782338142395,3.9623875617980957,0.3645641803741455
1388,news,3.55694317817688,3.681713581085205,0.1247704029083252
1389,reviews,4.143704414367676,4.220012187957764,0.07630777359008789
1390,paper,4.478490829467773,5.272010326385498,0.7935194969177246
1391,code,1.0568773746490479,1.4578633308410645,0.4009859561920166
1392,math,1.6161863803863525,1.9587064981460571,0.3425201177597046
1393,wiki,4.0270490646362305,4.110623359680176,0.08357429504394531
1394,news,3.4168615341186523,3.530959129333496,0.11409759521484375
1395,reviews,4.579820156097412,4.758395671844482,0.1785755157470703
1396,paper,2.258016347885132,3.3847522735595703,1.1267359256744385
1397,code,1.7199771404266357,2.305088996887207,0.5851118564605713
1398,math,1.757373332977295,2.196723461151123,0.4393501281738281
1399,wiki,3.906376838684082,4.328434467315674,0.4220576286315918
1400,news,3.8467650413513184,4.115049839019775,0.26828479766845703
1401,reviews,3.846428394317627,3.838015556335449,-0.008412837982177734
1402,paper,2.4878530502319336,3.354214906692505,0.8663618564605713
1403,code,1.621192455291748,2.1957104206085205,0.5745179653167725
1404,math,1.3491785526275635,1.5705444812774658,0.22136592864990234
1405,wiki,3.515997886657715,3.6135566234588623,0.09755873680114746
1406,news,3.7437143325805664,4.021999835968018,0.27828550338745117
1407,reviews,4.006417751312256,4.114814281463623,0.10839653015136719
1408,paper,3.610477924346924,4.479924201965332,0.8694462776184082
1409,code,1.0059503316879272,1.224367618560791,0.21841728687286377
1410,math,1.6777199506759644,2.0904767513275146,0.4127568006515503
1411,wiki,3.3420543670654297,3.643763303756714,0.3017089366912842
1412,news,3.9190914630889893,4.136623382568359,0.21753191947937012
1413,reviews,3.6338088512420654,3.6848948001861572,0.0510859489440918
1414,paper,3.121584415435791,3.753263235092163,0.6316788196563721
1415,code,0.5484078526496887,0.8467738628387451,0.2983660101890564
1416,math,1.7761977910995483,2.148303508758545,0.3721057176589966
1417,wiki,3.704773187637329,3.836620807647705,0.13184762001037598
1418,news,3.4318230152130127,3.587958335876465,0.15613532066345215
1419,reviews,4.24437141418457,4.295996189117432,0.05162477493286133
1420,paper,2.405292272567749,3.523585081100464,1.1182928085327148
1421,code,0.9741640090942383,1.280390739440918,0.3062267303466797
1422,math,1.3586312532424927,1.650181531906128,0.29155027866363525
1423,wiki,3.6921145915985107,4.255868911743164,0.5637543201446533
1424,news,3.321553945541382,3.490631580352783,0.16907763481140137
1425,reviews,3.940659761428833,4.006922245025635,0.06626248359680176
1426,paper,2.003213882446289,3.8532211780548096,1.8500072956085205
1427,code,1.0292257070541382,1.595646619796753,0.5664209127426147
1428,math,1.6212259531021118,2.082078456878662,0.4608525037765503
1429,wiki,3.3595004081726074,3.8995938301086426,0.5400934219360352
1430,news,3.2731308937072754,3.4158191680908203,0.14268827438354492
1431,reviews,3.3791980743408203,3.4085006713867188,0.029302597045898438
1432,paper,1.8015313148498535,3.76080584526062,1.9592745304107666
1433,code,1.1381360292434692,1.7125383615493774,0.5744023323059082
1434,math,1.6160016059875488,2.01007342338562,0.3940718173980713
1435,wiki,3.858205795288086,4.271461009979248,0.4132552146911621
1436,news,3.781888008117676,3.976451873779297,0.1945638656616211
1437,reviews,3.2837913036346436,3.422002077102661,0.13821077346801758
1438,paper,1.73172926902771,3.6604812145233154,1.9287519454956055
1439,code,1.2251087427139282,1.7633713483810425,0.5382626056671143
1440,math,1.702451229095459,2.225813627243042,0.523362398147583
1441,wiki,3.413844347000122,3.5874593257904053,0.1736149787902832
1442,news,3.839874744415283,4.2291789054870605,0.38930416107177734
1443,reviews,2.9926981925964355,3.130497455596924,0.13779926300048828
1444,paper,2.9162349700927734,3.129559278488159,0.21332430839538574
1445,code,1.527026891708374,2.162031412124634,0.6350045204162598
1446,math,2.225606679916382,2.5720295906066895,0.3464229106903076
1447,wiki,4.352015018463135,4.737163543701172,0.3851485252380371
1448,news,3.434396743774414,3.7994234561920166,0.36502671241760254
1449,reviews,3.9582881927490234,4.051447868347168,0.09315967559814453
1450,paper,4.241456508636475,5.270807266235352,1.029350757598877
1451,code,1.0319925546646118,1.2637485265731812,0.23175597190856934
1452,math,2.004788875579834,2.2637758255004883,0.2589869499206543
1453,wiki,3.9282095432281494,4.686673641204834,0.7584640979766846
1454,news,3.3937675952911377,3.6605799198150635,0.2668123245239258
1455,reviews,3.8146021366119385,3.8705363273620605,0.05593419075012207
1456,paper,3.5237460136413574,4.438389301300049,0.9146432876586914
1457,code,1.9635555744171143,2.5376548767089844,0.5740993022918701
1458,math,1.721502423286438,2.1256942749023438,0.40419185161590576
1459,wiki,3.189417600631714,3.656256914138794,0.4668393135070801
1460,news,3.7634146213531494,4.073128700256348,0.30971407890319824
1461,reviews,3.161043405532837,3.3219990730285645,0.16095566749572754
1462,paper,3.299358367919922,3.9608097076416016,0.6614513397216797
1463,code,2.4073805809020996,2.849921226501465,0.44254064559936523
1464,math,1.5777844190597534,1.99190354347229,0.4141191244125366
1465,wiki,2.559474229812622,2.949420690536499,0.38994646072387695
1466,news,3.502027988433838,3.8091976642608643,0.30716967582702637
1467,reviews,3.5990068912506104,3.614926815032959,0.015919923782348633
1468,paper,3.677910327911377,4.474099636077881,0.7961893081665039
1469,code,1.6169346570968628,2.04783034324646,0.43089568614959717
1470,math,1.453574299812317,1.6930993795394897,0.23952507972717285
1471,wiki,3.685675859451294,3.7910408973693848,0.10536503791809082
1472,news,2.6951403617858887,2.798384428024292,0.10324406623840332
1473,reviews,3.5416057109832764,3.6029882431030273,0.06138253211975098
1474,paper,3.7671027183532715,4.888067245483398,1.120964527130127
1475,code,2.016974687576294,2.704657793045044,0.68768310546875
1476,math,1.5059298276901245,1.7846568822860718,0.27872705459594727
1477,wiki,3.1538286209106445,3.4243521690368652,0.2705235481262207
1478,news,3.34393572807312,3.5499496459960938,0.20601391792297363
1479,reviews,3.813922882080078,3.995795965194702,0.18187308311462402
1480,paper,4.002772331237793,5.229675769805908,1.2269034385681152
1481,code,1.3565473556518555,1.8866863250732422,0.5301389694213867
1482,math,1.679301142692566,2.005518674850464,0.32621753215789795
1483,wiki,3.146472930908203,3.919945001602173,0.7734720706939697
1484,news,3.9443132877349854,4.090075492858887,0.14576220512390137
1485,reviews,4.134880542755127,4.148340225219727,0.01345968246459961
1486,paper,3.30130934715271,4.414379596710205,1.1130702495574951
1487,code,1.3426415920257568,1.5668853521347046,0.22424376010894775
1488,math,1.092101812362671,1.4363658428192139,0.34426403045654297
1489,wiki,3.8139326572418213,3.874657392501831,0.060724735260009766
1490,news,3.1873064041137695,3.443714141845703,0.2564077377319336
1491,reviews,3.5881853103637695,3.7411134243011475,0.15292811393737793
1492,paper,2.5455799102783203,3.5471749305725098,1.0015950202941895
1493,code,1.3686702251434326,2.031683921813965,0.6630136966705322
1494,math,1.0432759523391724,1.414125680923462,0.37084972858428955
1495,wiki,3.0622448921203613,3.3954081535339355,0.3331632614135742
1496,news,2.9698410034179688,3.238659381866455,0.26881837844848633
1497,reviews,3.3181824684143066,3.421149253845215,0.1029667854309082
1498,paper,3.417959690093994,4.361802101135254,0.9438424110412598
1499,code,1.5884997844696045,2.1227803230285645,0.53428053855896
1500,math,2.220355272293091,2.709449529647827,0.48909425735473633
1501,wiki,2.680025339126587,3.0232081413269043,0.3431828022003174
1502,news,3.7921526432037354,4.073246002197266,0.2810933589935303
1503,reviews,4.0786309242248535,4.240902423858643,0.16227149963378906
1504,paper,3.3436825275421143,4.427338600158691,1.0836560726165771
1505,code,0.9454461336135864,1.2544770240783691,0.3090308904647827
1506,math,0.8632328510284424,1.036246657371521,0.1730138063430786
1507,wiki,2.1949620246887207,3.068359375,0.8733973503112793
1508,news,3.750596761703491,4.111151218414307,0.36055445671081543
1509,reviews,4.305738925933838,4.313510417938232,0.007771492004394531
1510,paper,3.260530948638916,3.7695224285125732,0.5089914798736572
1511,code,0.9638504981994629,1.1200079917907715,0.1561574935913086
1512,math,1.683492660522461,2.170069932937622,0.48657727241516113
1513,wiki,2.503957509994507,2.889767646789551,0.38581013679504395
1514,news,2.9550271034240723,3.323552370071411,0.36852526664733887
1515,reviews,4.187549114227295,4.234123229980469,0.04657411575317383
1516,paper,3.296964406967163,4.22328519821167,0.9263207912445068
1517,code,1.2590521574020386,1.8016371726989746,0.542585015296936
1518,math,1.3493990898132324,1.5943349599838257,0.24493587017059326
1519,wiki,2.941685438156128,3.812692642211914,0.8710072040557861
1520,news,4.008524417877197,4.432708263397217,0.42418384552001953
1521,reviews,3.2928311824798584,3.3529655933380127,0.0601344108581543
1522,paper,2.824784517288208,3.570380687713623,0.745596170425415
1523,code,1.2371578216552734,1.4804496765136719,0.24329185485839844
1524,math,1.6085501909255981,2.207188367843628,0.5986381769180298
1525,wiki,3.2193479537963867,3.6396710872650146,0.42032313346862793
1526,news,3.5967843532562256,3.7853429317474365,0.18855857849121094
1527,reviews,3.4756810665130615,3.528729200363159,0.053048133850097656
1528,paper,2.6016268730163574,3.5520429611206055,0.950416088104248
1529,code,1.27558171749115,1.8220243453979492,0.5464426279067993
1530,math,2.185779571533203,2.709801197052002,0.5240216255187988
1531,wiki,2.730052947998047,3.5259549617767334,0.7959020137786865
1532,news,3.29714035987854,3.6232852935791016,0.3261449337005615
1533,reviews,3.5430986881256104,3.689116954803467,0.14601826667785645
1534,paper,2.7749714851379395,3.7729263305664062,0.9979548454284668
1535,code,0.9455864429473877,1.1630035638809204,0.21741712093353271
1536,math,1.3265185356140137,1.5888714790344238,0.26235294342041016
1537,wiki,2.3322594165802,2.6096391677856445,0.27737975120544434
1538,news,2.996830463409424,3.2814931869506836,0.28466272354125977
1539,reviews,3.4705700874328613,3.614858627319336,0.1442885398864746
1540,paper,3.1660497188568115,4.314138412475586,1.1480886936187744
1541,code,1.1287837028503418,1.6239666938781738,0.49518299102783203
1542,math,1.4745787382125854,1.791359782218933,0.31678104400634766
1543,wiki,2.874207019805908,3.1529173851013184,0.27871036529541016
1544,news,4.737843990325928,5.1177825927734375,0.37993860244750977
1545,reviews,3.007019519805908,3.137544631958008,0.1305251121520996
1546,paper,4.166878700256348,5.113653182983398,0.9467744827270508
1547,code,0.9032194018363953,1.1406735181808472,0.2374541163444519
1548,math,1.7355252504348755,2.2124032974243164,0.4768780469894409
1549,wiki,2.761699914932251,3.439849615097046,0.6781497001647949
1550,news,3.442110776901245,3.5504612922668457,0.10835051536560059
1551,reviews,2.9997591972351074,3.0547170639038086,0.05495786666870117
1552,paper,3.133927583694458,3.994805097579956,0.860877513885498
1553,code,1.1586661338806152,1.6582704782485962,0.49960434436798096
1554,math,1.3036137819290161,1.8084146976470947,0.5048009157180786
1555,wiki,2.7946417331695557,3.188668727874756,0.3940269947052002
1556,news,4.011656761169434,4.225776195526123,0.21411943435668945
1557,reviews,3.1358344554901123,3.2276856899261475,0.09185123443603516
1558,paper,3.3202803134918213,4.631264686584473,1.3109843730926514
1559,code,1.026619553565979,1.4836688041687012,0.45704925060272217
1560,math,1.5340880155563354,2.0605051517486572,0.5264171361923218
1561,wiki,3.516653060913086,3.6390044689178467,0.12235140800476074
1562,news,3.957709789276123,4.210484027862549,0.2527742385864258
1563,reviews,3.7059078216552734,3.907109260559082,0.2012014389038086
1564,paper,2.589881658554077,3.404813051223755,0.8149313926696777
1565,code,1.2392947673797607,1.1926484107971191,-0.0466463565826416
1566,math,1.541069507598877,2.00596022605896,0.464890718460083
1567,wiki,3.159104585647583,3.4760525226593018,0.31694793701171875
1568,news,3.3513941764831543,3.6236438751220703,0.272249698638916
1569,reviews,2.9534664154052734,2.906243085861206,-0.04722332954406738
1570,paper,3.0556280612945557,4.0722503662109375,1.0166223049163818
1571,code,1.333903431892395,1.5442358255386353,0.21033239364624023
1572,math,1.514188289642334,1.723727822303772,0.209539532661438
1573,wiki,2.7232189178466797,3.103682279586792,0.3804633617401123
1574,news,4.742278575897217,4.6188764572143555,-0.12340211868286133
1575,reviews,3.7092461585998535,3.7956655025482178,0.08641934394836426
1576,paper,2.8473827838897705,3.9858593940734863,1.1384766101837158
1577,code,1.4045069217681885,1.8815428018569946,0.47703588008880615
1578,math,1.72813880443573,2.2611303329467773,0.5329915285110474
1579,wiki,3.0373833179473877,3.176755428314209,0.1393721103668213
1580,news,3.493178129196167,4.007807731628418,0.514629602432251
1581,reviews,3.8106982707977295,3.8985207080841064,0.08782243728637695
1582,paper,2.820866584777832,3.680987596511841,0.8601210117340088
1583,code,1.695456862449646,2.3405280113220215,0.6450711488723755
1584,math,1.7868484258651733,2.3083107471466064,0.5214623212814331
1585,wiki,3.0874221324920654,3.4581172466278076,0.3706951141357422
1586,news,3.1607275009155273,3.5550315380096436,0.3943040370941162
1587,reviews,3.0112388134002686,3.1412353515625,0.12999653816223145
1588,paper,3.158165454864502,4.046592712402344,0.8884272575378418
1589,code,1.2791701555252075,1.7348359823226929,0.45566582679748535
1590,math,1.710227131843567,1.894911527633667,0.1846843957901001
1591,wiki,3.2446227073669434,4.105584144592285,0.8609614372253418
1592,news,3.8846099376678467,4.245880603790283,0.3612706661224365
1593,reviews,3.4775524139404297,3.486985206604004,0.009432792663574219
1594,paper,3.5092995166778564,4.553090572357178,1.0437910556793213
1595,code,1.362568736076355,1.905564785003662,0.5429960489273071
1596,math,1.252578854560852,1.7524522542953491,0.49987339973449707
1597,wiki,3.2291715145111084,3.521345376968384,0.2921738624572754
1598,news,3.17555570602417,3.5037927627563477,0.32823705673217773
1599,reviews,3.3467750549316406,3.413945198059082,0.0671701431274414
1600,paper,2.7288432121276855,3.9659698009490967,1.2371265888214111
1601,code,1.8134398460388184,2.5002455711364746,0.6868057250976562
1602,math,1.629516839981079,2.1430251598358154,0.5135083198547363
1603,wiki,2.828026533126831,3.317284345626831,0.4892578125
1604,news,3.657883644104004,3.9384500980377197,0.2805664539337158
1605,reviews,3.7628440856933594,3.8390488624572754,0.07620477676391602
1606,paper,2.749605894088745,3.945328950881958,1.195723056793213
1607,code,1.583961844444275,2.2409393787384033,0.6569775342941284
1608,math,0.8709063529968262,1.2482460737228394,0.3773397207260132
1609,wiki,2.978281021118164,3.3489739894866943,0.3706929683685303
1610,news,3.7026026248931885,3.9283559322357178,0.2257533073425293
1611,reviews,3.8562045097351074,3.9789011478424072,0.1226966381072998
1612,paper,3.5194125175476074,4.621999740600586,1.1025872230529785
1613,code,1.2731733322143555,2.0793631076812744,0.806189775466919
1614,math,1.628162145614624,1.9443392753601074,0.3161771297454834
1615,wiki,2.8754143714904785,3.1986567974090576,0.3232424259185791
1616,news,3.425266981124878,3.760953903198242,0.33568692207336426
1617,reviews,3.6263370513916016,3.737914562225342,0.11157751083374023
1618,paper,2.850240707397461,3.810817241668701,0.9605765342712402
1619,code,1.1716816425323486,1.5224125385284424,0.35073089599609375
1620,math,1.1937272548675537,1.4552562236785889,0.26152896881103516
1621,wiki,3.482208490371704,4.252910614013672,0.7707021236419678
1622,news,2.937150716781616,3.361912488937378,0.4247617721557617
1623,reviews,3.9342737197875977,3.9507570266723633,0.016483306884765625
1624,paper,3.0361950397491455,4.170952320098877,1.1347572803497314
1625,code,1.1637238264083862,1.7262076139450073,0.5624837875366211
1626,math,1.6696768999099731,2.113755702972412,0.44407880306243896
1627,wiki,2.7709505558013916,2.835221529006958,0.0642709732055664
1628,news,3.7601630687713623,4.093912601470947,0.33374953269958496
1629,reviews,4.4013214111328125,4.507687091827393,0.10636568069458008
1630,paper,2.744032144546509,3.76002836227417,1.0159962177276611
1631,code,0.9152237772941589,1.4173039197921753,0.5020801424980164
1632,math,1.3051186800003052,1.61314857006073,0.3080298900604248
1633,wiki,3.481964588165283,3.988585948944092,0.5066213607788086
1634,news,3.829591989517212,4.119093418121338,0.289501428604126
1635,reviews,4.039484024047852,4.161841869354248,0.12235784530639648
1636,paper,3.5617825984954834,4.587088108062744,1.0253055095672607
1637,code,1.4564613103866577,1.8313175439834595,0.37485623359680176
1638,math,1.520930290222168,2.1442620754241943,0.6233317852020264
1639,wiki,2.6397786140441895,4.036920070648193,1.397141456604004
1640,news,3.47580623626709,3.7533068656921387,0.27750062942504883
1641,reviews,3.1116113662719727,3.2165544033050537,0.10494303703308105
1642,paper,3.0087978839874268,4.141315937042236,1.1325180530548096
1643,code,1.8475772142410278,2.346086263656616,0.4985090494155884
1644,math,1.3816345930099487,1.8726129531860352,0.4909783601760864
1645,wiki,2.5072646141052246,3.0470662117004395,0.5398015975952148
1646,news,3.7250001430511475,4.010519981384277,0.2855198383331299
1647,reviews,2.8063571453094482,2.8803420066833496,0.07398486137390137
1648,paper,2.6107544898986816,3.442685127258301,0.8319306373596191
1649,code,1.2957122325897217,1.6604626178741455,0.36475038528442383
1650,math,1.0250052213668823,1.2152447700500488,0.1902395486831665
1651,wiki,2.9987921714782715,3.106182098388672,0.10738992691040039
1652,news,3.3953118324279785,3.6758790016174316,0.2805671691894531
1653,reviews,3.7513644695281982,3.8752028942108154,0.12383842468261719
1654,paper,2.8361563682556152,4.194967269897461,1.3588109016418457
1655,code,1.0571471452713013,1.2066149711608887,0.1494678258895874
1656,math,1.2105457782745361,1.7215380668640137,0.5109922885894775
1657,wiki,2.459455728530884,3.195317268371582,0.7358615398406982
1658,news,3.471693992614746,3.614072561264038,0.142378568649292
1659,reviews,3.113621950149536,3.212550163269043,0.09892821311950684
1660,paper,3.3132946491241455,4.323800563812256,1.0105059146881104
1661,code,1.1900042295455933,1.7440128326416016,0.5540086030960083
1662,math,1.5431944131851196,1.7459092140197754,0.20271480083465576
1663,wiki,2.9386818408966064,3.2399115562438965,0.30122971534729004
1664,news,3.623398780822754,3.8249917030334473,0.20159292221069336
1665,reviews,3.305438995361328,3.4408326148986816,0.13539361953735352
1666,paper,4.033504962921143,4.878626823425293,0.8451218605041504
1667,code,1.526393175125122,1.8651328086853027,0.33873963356018066
1668,math,1.4234310388565063,1.528886079788208,0.10545504093170166
1669,wiki,2.6519904136657715,3.0720765590667725,0.420086145401001
1670,news,3.5220084190368652,3.9275224208831787,0.4055140018463135
1671,reviews,3.1251628398895264,3.3177199363708496,0.19255709648132324
1672,paper,3.921870231628418,5.176328182220459,1.254457950592041
1673,code,1.2094467878341675,1.7382807731628418,0.5288339853286743
1674,math,1.511019229888916,1.8897289037704468,0.37870967388153076
1675,wiki,2.800628423690796,3.0031516551971436,0.20252323150634766
1676,news,3.514718770980835,3.9921209812164307,0.4774022102355957
1677,reviews,3.907172203063965,4.018274784088135,0.11110258102416992
1678,paper,3.416689395904541,4.412531852722168,0.995842456817627
1679,code,1.2505775690078735,1.7649281024932861,0.5143505334854126
1680,math,1.2142009735107422,1.5114753246307373,0.2972743511199951
1681,wiki,3.0404255390167236,3.272146701812744,0.2317211627960205
1682,news,3.659116744995117,3.9498870372772217,0.2907702922821045
1683,reviews,3.100020408630371,3.1701371669769287,0.07011675834655762
1684,paper,2.7557504177093506,2.924497604370117,0.1687471866607666
1685,code,1.5360804796218872,2.2281994819641113,0.6921190023422241
1686,math,1.8503050804138184,2.321934938430786,0.4716298580169678
1687,wiki,3.100445508956909,3.9929041862487793,0.8924586772918701
1688,news,3.9094576835632324,4.232016086578369,0.3225584030151367
1689,reviews,4.258673191070557,4.356259822845459,0.09758663177490234
1690,paper,2.471405267715454,2.650975227355957,0.17956995964050293
1691,code,1.4342296123504639,2.063419818878174,0.62919020652771
1692,math,1.176400065422058,1.3930081129074097,0.21660804748535156
1693,wiki,3.30009388923645,3.5376596450805664,0.2375657558441162
1694,news,3.202805280685425,3.4905662536621094,0.28776097297668457
1695,reviews,3.927791118621826,3.9810731410980225,0.05328202247619629
1696,paper,3.126868724822998,3.636798858642578,0.5099301338195801
1697,code,1.1585053205490112,1.7997691631317139,0.6412638425827026
1698,math,1.5297188758850098,1.9600001573562622,0.43028128147125244
1699,wiki,2.896552801132202,3.076723337173462,0.18017053604125977
1700,news,2.9068753719329834,3.309011459350586,0.40213608741760254
1701,reviews,3.80037784576416,3.8840138912200928,0.08363604545593262
1702,paper,3.6014480590820312,4.388517379760742,0.7870693206787109
1703,code,1.1151264905929565,1.7703694105148315,0.655242919921875
1704,math,1.507790207862854,1.9760892391204834,0.4682990312576294
1705,wiki,3.285519599914551,3.417454957962036,0.13193535804748535
1706,news,3.6123836040496826,4.025838851928711,0.4134552478790283
1707,reviews,3.251229763031006,3.392484664916992,0.14125490188598633
1708,paper,2.345496416091919,2.7358224391937256,0.39032602310180664
1709,code,1.2398477792739868,1.893646001815796,0.6537982225418091
1710,math,1.6118289232254028,1.9848308563232422,0.37300193309783936
1711,wiki,2.992725133895874,3.256324052810669,0.2635989189147949
1712,news,3.2665746212005615,3.6195549964904785,0.352980375289917
1713,reviews,3.248993396759033,3.398923397064209,0.14993000030517578
1714,paper,2.2860403060913086,2.6373062133789062,0.35126590728759766
1715,code,1.0008103847503662,1.4117891788482666,0.4109787940979004
1716,math,1.3473660945892334,1.52152681350708,0.17416071891784668
1717,wiki,2.6521475315093994,3.2701237201690674,0.617976188659668
1718,news,3.5491855144500732,3.9682157039642334,0.41903018951416016
1719,reviews,3.2969861030578613,3.3864688873291016,0.08948278427124023
1720,paper,3.0716164112091064,3.7427661418914795,0.671149730682373
1721,code,1.7152557373046875,1.9633172750473022,0.24806153774261475
1722,math,1.6016521453857422,2.1514439582824707,0.5497918128967285
1723,wiki,3.4119441509246826,3.880514144897461,0.4685699939727783
1724,news,2.776707410812378,3.239316940307617,0.46260952949523926
1725,reviews,3.9285106658935547,4.1051554679870605,0.17664480209350586
1726,paper,3.496009111404419,4.5365729331970215,1.0405638217926025
1727,code,1.583520531654358,2.2497453689575195,0.6662248373031616
1728,math,1.4948956966400146,2.059565544128418,0.5646698474884033
1729,wiki,3.11565899848938,3.39776349067688,0.2821044921875
1730,news,3.781337022781372,4.309265613555908,0.5279285907745361
1731,reviews,3.2184324264526367,3.3571531772613525,0.13872075080871582
1732,paper,3.56020188331604,4.5896830558776855,1.0294811725616455
1733,code,1.0059089660644531,1.5210002660751343,0.5150913000106812
1734,math,1.3623818159103394,1.800114631652832,0.4377328157424927
1735,wiki,3.5493288040161133,4.127238750457764,0.5779099464416504
1736,news,3.2980289459228516,3.598369836807251,0.3003408908843994
1737,reviews,3.8675479888916016,3.896160364151001,0.028612375259399414
1738,paper,3.738682985305786,4.683923244476318,0.9452402591705322
1739,code,1.064353108406067,1.687301754951477,0.6229486465454102
1740,math,1.7106683254241943,2.0814175605773926,0.37074923515319824
1741,wiki,3.2155885696411133,3.465580463409424,0.24999189376831055
1742,news,3.417921304702759,3.7455344200134277,0.32761311531066895
1743,reviews,4.1023688316345215,4.170587062835693,0.06821823120117188
1744,paper,3.979938268661499,5.141180515289307,1.1612422466278076
1745,code,1.3247721195220947,1.8849215507507324,0.5601494312286377
1746,math,1.1006739139556885,1.3135490417480469,0.2128751277923584
1747,wiki,3.353400707244873,3.2989771366119385,-0.05442357063293457
1748,news,3.2057292461395264,3.5554215908050537,0.34969234466552734
1749,reviews,3.916853904724121,4.002869606018066,0.08601570129394531
1750,paper,4.298523426055908,5.272010326385498,0.9734869003295898
1751,code,1.039718508720398,1.1589378118515015,0.11921930313110352
1752,math,1.0544828176498413,1.2526644468307495,0.1981816291809082
1753,wiki,3.135003089904785,3.2272770404815674,0.09227395057678223
1754,news,3.6568691730499268,4.13847541809082,0.48160624504089355
1755,reviews,3.5754172801971436,3.7201907634735107,0.1447734832763672
1756,paper,2.178553819656372,3.3847522735595703,1.2061984539031982
1757,code,0.3563305735588074,0.48105141520500183,0.12472084164619446
1758,math,1.36458158493042,1.7339811325073242,0.3693995475769043
1759,wiki,3.2712903022766113,3.5007588863372803,0.22946858406066895
1760,news,3.4050397872924805,3.7991507053375244,0.39411091804504395
1761,reviews,3.275097370147705,3.351372718811035,0.07627534866333008
1762,paper,2.3899967670440674,3.354214906692505,0.9642181396484375
1763,code,0.9263123273849487,1.324966549873352,0.3986542224884033
1764,math,1.093935489654541,1.3307750225067139,0.23683953285217285
1765,wiki,2.571899890899658,3.2897253036499023,0.7178254127502441
1766,news,3.454735517501831,3.8120157718658447,0.35728025436401367
1767,reviews,4.312002182006836,4.408020973205566,0.09601879119873047
1768,paper,3.516334295272827,4.479924201965332,0.9635899066925049
1769,code,2.013995409011841,2.611407518386841,0.597412109375
1770,math,1.2455271482467651,1.832539677619934,0.587012529373169
1771,wiki,3.060105323791504,3.094346046447754,0.03424072265625
1772,news,3.717761993408203,3.78615403175354,0.06839203834533691
1773,reviews,3.953247308731079,3.9846014976501465,0.03135418891906738
1774,paper,3.073561429977417,3.753263235092163,0.6797018051147461
1775,code,0.9679152369499207,1.6641802787780762,0.6962650418281555
1776,math,1.1839679479599,1.3305262327194214,0.14655828475952148
1777,wiki,3.218890905380249,3.5033516883850098,0.28446078300476074
1778,news,3.621922016143799,3.929154872894287,0.3072328567504883
1779,reviews,3.717695474624634,3.796980857849121,0.0792853832244873
1780,paper,2.294095516204834,3.523585081100464,1.2294895648956299
1781,code,1.40438973903656,1.8967396020889282,0.49234986305236816
1782,math,1.8771412372589111,2.0587072372436523,0.1815659999847412
1783,wiki,3.0527546405792236,3.2969651222229004,0.24421048164367676
1784,news,3.44991135597229,3.8972322940826416,0.44732093811035156
1785,reviews,3.572760581970215,3.6885087490081787,0.11574816703796387
1786,paper,1.883941411972046,3.8532211780548096,1.9692797660827637
1787,code,0.9932268857955933,1.319163203239441,0.32593631744384766
1788,math,1.5162795782089233,1.7736371755599976,0.2573575973510742
1789,wiki,3.138209104537964,3.479884147644043,0.3416750431060791
1790,news,3.218240737915039,3.6991782188415527,0.48093748092651367
1791,reviews,3.751915693283081,3.8124289512634277,0.06051325798034668
1792,paper,1.7197861671447754,3.76080584526062,2.0410196781158447
1793,code,0.8041120767593384,1.0563042163848877,0.2521921396255493
1794,math,1.5399304628372192,1.9973409175872803,0.45741045475006104
1795,wiki,3.402177572250366,3.7799792289733887,0.37780165672302246
1796,news,3.9630491733551025,4.165309906005859,0.20226073265075684
1797,reviews,3.159820318222046,3.240579843521118,0.08075952529907227
1798,paper,1.6215287446975708,3.6604812145233154,2.0389524698257446
1799,code,1.2201787233352661,1.7363176345825195,0.5161389112472534
1800,math,1.492537260055542,1.9495035409927368,0.4569662809371948
1801,wiki,2.710510015487671,3.3907854557037354,0.6802754402160645
1802,news,3.6885159015655518,4.0208539962768555,0.3323380947113037
1803,reviews,3.656113624572754,3.68682861328125,0.030714988708496094
1804,paper,2.7754650115966797,3.129559278488159,0.3540942668914795
1805,code,1.5081226825714111,1.8612786531448364,0.3531559705734253
1806,math,1.2889647483825684,1.739262580871582,0.45029783248901367
1807,wiki,3.320810079574585,3.8862416744232178,0.5654315948486328
1808,news,3.015631675720215,3.3279688358306885,0.31233716011047363
1809,reviews,3.617734909057617,3.744586706161499,0.12685179710388184
1810,paper,4.039851188659668,5.270807266235352,1.2309560775756836
1811,code,1.3427923917770386,1.9055235385894775,0.562731146812439
1812,math,1.232384204864502,1.4412652254104614,0.20888102054595947
1813,wiki,3.569601058959961,3.533369541168213,-0.03623151779174805
1814,news,3.5141215324401855,3.9442296028137207,0.43010807037353516
1815,reviews,4.114908695220947,4.161611080169678,0.04670238494873047
1816,paper,3.4278452396392822,4.438389301300049,1.0105440616607666
1817,code,1.5356589555740356,2.2288241386413574,0.6931651830673218
1818,math,1.470845341682434,2.130605697631836,0.6597603559494019
1819,wiki,3.677557945251465,3.8421239852905273,0.1645660400390625
1820,news,3.5780444145202637,3.899233818054199,0.32118940353393555
1821,reviews,3.7208151817321777,3.8459837436676025,0.1251685619354248
1822,paper,3.1935155391693115,3.9608097076416016,0.76729416847229
1823,code,1.1582828760147095,1.4720607995986938,0.3137779235839844
1824,math,1.1634628772735596,1.4089773893356323,0.24551451206207275
1825,wiki,3.6235735416412354,4.053109169006348,0.4295356273651123
1826,news,3.90903639793396,4.299495220184326,0.3904588222503662
1827,reviews,3.4938600063323975,3.531924247741699,0.03806424140930176
1828,paper,3.6017117500305176,4.474099636077881,0.8723878860473633
1829,code,1.13270103931427,1.3531181812286377,0.22041714191436768
1830,math,2.021568536758423,2.4648666381835938,0.4432981014251709
1831,wiki,3.1200149059295654,3.15279221534729,0.03277730941772461
1832,news,3.5097551345825195,3.940943956375122,0.43118882179260254
1833,reviews,4.003580570220947,4.048234462738037,0.044653892517089844
1834,paper,3.618074417114258,4.888067245483398,1.2699928283691406
1835,code,0.9689691662788391,1.5775132179260254,0.6085440516471863
1836,math,1.2660936117172241,1.467400074005127,0.20130646228790283
1837,wiki,3.5894594192504883,3.9099411964416504,0.3204817771911621
1838,news,3.19930362701416,3.3801486492156982,0.18084502220153809
1839,reviews,3.3629353046417236,3.471367835998535,0.10843253135681152
1840,paper,3.812351942062378,5.229675769805908,1.4173238277435303
1841,code,1.395677089691162,1.940195918083191,0.5445188283920288
1842,math,1.5316952466964722,2.007993459701538,0.4762982130050659
1843,wiki,3.549700975418091,4.389009475708008,0.839308500289917
1844,news,3.853147029876709,4.238533973693848,0.38538694381713867
1845,reviews,3.773668050765991,3.872070074081421,0.09840202331542969
1846,paper,3.166213035583496,4.414379596710205,1.248166561126709
1847,code,1.0151193141937256,1.1488724946975708,0.13375318050384521
1848,math,1.2800198793411255,1.5409584045410156,0.26093852519989014
1849,wiki,3.3019840717315674,3.5775492191314697,0.27556514739990234
1850,news,2.9560887813568115,3.200730323791504,0.24464154243469238
1851,reviews,3.9318416118621826,4.018904685974121,0.08706307411193848
1852,paper,2.407135486602783,3.5471749305725098,1.1400394439697266
1853,code,1.4509251117706299,1.8696192502975464,0.4186941385269165
1854,math,1.3807406425476074,1.773724913597107,0.3929842710494995
1855,wiki,3.469817876815796,3.820603132247925,0.3507852554321289
1856,news,3.510561943054199,3.8892037868499756,0.37864184379577637
1857,reviews,4.716428279876709,4.821457386016846,0.10502910614013672
1858,paper,3.3904635906219482,4.361802101135254,0.9713385105133057
1859,code,1.9737361669540405,2.511658191680908,0.5379220247268677
1860,math,1.3080040216445923,1.5230895280838013,0.21508550643920898
1861,wiki,3.5602762699127197,3.9456799030303955,0.3854036331176758
1862,news,3.143580436706543,3.488638162612915,0.34505772590637207
1863,reviews,3.25071120262146,3.3185911178588867,0.06787991523742676
1864,paper,3.1818034648895264,4.427338600158691,1.245535135269165
1865,code,2.099283456802368,2.363630533218384,0.2643470764160156
1866,math,0.9633134007453918,1.3674818277359009,0.40416842699050903
1867,wiki,3.3090431690216064,3.306326389312744,-0.0027167797088623047
1868,news,3.821160316467285,4.1039910316467285,0.28283071517944336
1869,reviews,3.111011505126953,3.2081665992736816,0.09715509414672852
1870,paper,3.1369974613189697,3.7695224285125732,0.6325249671936035
1871,code,1.0373291969299316,1.562469244003296,0.5251400470733643
1872,math,1.0916334390640259,1.5808744430541992,0.48924100399017334
1873,wiki,3.439540147781372,3.6476147174835205,0.20807456970214844
1874,news,2.674251079559326,3.0457820892333984,0.37153100967407227
1875,reviews,3.1745553016662598,3.2351596355438232,0.06060433387756348
1876,paper,3.1309521198272705,4.22328519821167,1.0923330783843994
1877,code,1.0901645421981812,1.6687766313552856,0.5786120891571045
1878,math,1.461284875869751,1.9770487546920776,0.5157638788223267
1879,wiki,3.264209270477295,3.254657030105591,-0.009552240371704102
1880,news,3.453784227371216,3.946146249771118,0.49236202239990234
1881,reviews,3.738999605178833,3.8189151287078857,0.07991552352905273
1882,paper,2.7122883796691895,3.570380687713623,0.8580923080444336
1883,code,1.2437708377838135,1.6870418787002563,0.44327104091644287
1884,math,1.8600832223892212,2.260622501373291,0.4005392789840698
1885,wiki,3.3776605129241943,3.9959681034088135,0.6183075904846191
1886,news,3.179025888442993,3.6288464069366455,0.44982051849365234
1887,reviews,3.2846627235412598,3.4103729724884033,0.12571024894714355
1888,paper,2.456951379776001,3.5520429611206055,1.0950915813446045
1889,code,1.4515464305877686,1.9313974380493164,0.47985100746154785
1890,math,1.7414395809173584,2.099700927734375,0.3582613468170166
1891,wiki,3.1012706756591797,3.2066006660461426,0.10532999038696289
1892,news,3.939401626586914,4.217524528503418,0.2781229019165039
1893,reviews,3.362919330596924,3.4598636627197266,0.09694433212280273
1894,paper,2.6674039363861084,3.7729263305664062,1.1055223941802979
1895,code,0.9957588315010071,1.2563246488571167,0.2605658173561096
1896,math,1.348874807357788,1.8696202039718628,0.5207453966140747
1897,wiki,3.115189790725708,3.400822877883911,0.2856330871582031
1898,news,3.1670033931732178,3.4864890575408936,0.3194856643676758
1899,reviews,3.7756266593933105,3.8471174240112305,0.07149076461791992
1900,paper,3.0606420040130615,4.314138412475586,1.2534964084625244
1901,code,1.2047806978225708,1.590212106704712,0.3854314088821411
1902,math,1.377143144607544,1.901819109916687,0.5246759653091431
1903,wiki,3.0714173316955566,3.138883352279663,0.06746602058410645
1904,news,4.2187933921813965,4.6007184982299805,0.381925106048584
1905,reviews,3.44962739944458,3.507451057434082,0.05782365798950195
1906,paper,3.9527037143707275,5.113653182983398,1.160949468612671
1907,code,2.2268831729888916,2.7754123210906982,0.5485291481018066
1908,math,1.457824945449829,1.7743858098983765,0.31656086444854736
1909,wiki,2.69087290763855,3.4537012577056885,0.7628283500671387
1910,news,3.6238017082214355,4.0164642333984375,0.39266252517700195
1911,reviews,3.4959006309509277,3.520556926727295,0.024656295776367188
1912,paper,2.9443142414093018,3.994805097579956,1.0504908561706543
1913,code,1.5494375228881836,1.7688771486282349,0.21943962574005127
1914,math,1.2617647647857666,1.7074863910675049,0.4457216262817383
1915,wiki,3.2849090099334717,3.587695360183716,0.30278635025024414
1916,news,4.5582661628723145,4.924422264099121,0.36615610122680664
1917,reviews,3.660020351409912,3.786501407623291,0.1264810562133789
1918,paper,3.1377861499786377,4.631264686584473,1.493478536605835
1919,code,1.252920389175415,1.7244585752487183,0.4715381860733032
1920,math,0.7778850793838501,0.9725334048271179,0.19464832544326782
1921,wiki,3.1541008949279785,3.54087233543396,0.38677144050598145
1922,news,3.8508806228637695,4.1723151206970215,0.32143449783325195
1923,reviews,3.9658827781677246,3.955533266067505,-0.010349512100219727
1924,paper,2.465329170227051,3.404813051223755,0.9394838809967041
1925,code,0.9318626523017883,1.4382555484771729,0.5063928961753845
1926,math,1.358034610748291,1.8585741519927979,0.5005395412445068
1927,wiki,3.0736465454101562,3.1223719120025635,0.04872536659240723
1928,news,3.6994619369506836,4.015932083129883,0.3164701461791992
1929,reviews,3.742776393890381,3.828061580657959,0.08528518676757812
1930,paper,2.9419021606445312,4.0722503662109375,1.1303482055664062
1931,code,1.853020429611206,2.4607040882110596,0.6076836585998535
1932,math,1.5404081344604492,1.8061082363128662,0.265700101852417
1933,wiki,2.946751832962036,3.6884713172912598,0.7417194843292236
1934,news,3.3711647987365723,3.807982921600342,0.43681812286376953
1935,reviews,3.697039842605591,3.7444591522216797,0.04741930961608887
1936,paper,2.7202961444854736,3.9858593940734863,1.2655632495880127
1937,code,1.5351917743682861,2.122657537460327,0.587465763092041
1938,math,1.1674458980560303,1.3093926906585693,0.14194679260253906
1939,wiki,3.2470922470092773,3.306980848312378,0.059888601303100586
1940,news,3.5779943466186523,3.8066623210906982,0.2286679744720459
1941,reviews,4.26580810546875,4.367271423339844,0.10146331787109375
1942,paper,2.692676067352295,3.680987596511841,0.9883115291595459
1943,code,1.7851330041885376,2.2378005981445312,0.45266759395599365
1944,math,1.4992542266845703,2.0219390392303467,0.5226848125457764
1945,wiki,3.3294355869293213,3.608440637588501,0.2790050506591797
1946,news,2.5941107273101807,2.943364381790161,0.34925365447998047
1947,reviews,3.763683795928955,3.8734354972839355,0.10975170135498047
1948,paper,3.02237868309021,4.046592712402344,1.0242140293121338
1949,code,1.319549322128296,1.258378267288208,-0.06117105484008789
1950,math,1.5160841941833496,1.7786023616790771,0.26251816749572754
1951,wiki,3.2801854610443115,3.5235888957977295,0.24340343475341797
1952,news,3.197815418243408,3.751389980316162,0.5535745620727539
1953,reviews,4.321568012237549,4.532797813415527,0.21122980117797852
1954,paper,3.383768081665039,4.553090572357178,1.1693224906921387
1955,code,1.436347484588623,1.6636691093444824,0.22732162475585938
1956,math,1.8320213556289673,2.2618634700775146,0.42984211444854736
1957,wiki,3.434814453125,3.5787179470062256,0.14390349388122559
1958,news,3.7454311847686768,3.990586996078491,0.24515581130981445
1959,reviews,3.4060351848602295,3.4739792346954346,0.06794404983520508
1960,paper,2.6146135330200195,3.9659698009490967,1.3513562679290771
1961,code,0.6192804574966431,0.6886615753173828,0.06938111782073975
1962,math,0.985530436038971,1.2536319494247437,0.2681015133857727
1963,wiki,2.807201862335205,3.1347975730895996,0.32759571075439453
1964,news,4.316065311431885,4.532785892486572,0.2167205810546875
1965,reviews,3.6826906204223633,3.785914182662964,0.10322356224060059
1966,paper,2.6097512245178223,3.945328950881958,1.3355777263641357
1967,code,0.8530926704406738,1.504791498184204,0.6516988277435303
1968,math,1.420652151107788,2.020625114440918,0.5999729633331299
1969,wiki,3.1029767990112305,3.8260350227355957,0.7230582237243652
1970,news,3.2739107608795166,3.3980906009674072,0.12417984008789062
1971,reviews,3.5878586769104004,3.602452039718628,0.014593362808227539
1972,paper,3.4031941890716553,4.621999740600586,1.2188055515289307
1973,code,1.0900654792785645,1.2139524221420288,0.12388694286346436
1974,math,1.7568604946136475,1.9895464181900024,0.23268592357635498
1975,wiki,3.213791847229004,3.2822012901306152,0.06840944290161133
1976,news,3.999363899230957,4.136696815490723,0.13733291625976562
1977,reviews,4.0590434074401855,4.089110851287842,0.03006744384765625
1978,paper,2.7505292892456055,3.810817241668701,1.0602879524230957
1979,code,1.1342792510986328,1.6180651187896729,0.48378586769104004
1980,math,1.4869844913482666,1.9853564500808716,0.498371958732605
1981,wiki,3.4079012870788574,3.7049994468688965,0.29709815979003906
1982,news,3.213118553161621,3.3944692611694336,0.1813507080078125
1983,reviews,3.590003728866577,3.6215736865997314,0.0315699577331543
1984,paper,2.8925657272338867,4.170952320098877,1.2783865928649902
1985,code,1.0331002473831177,1.5248218774795532,0.49172163009643555
1986,math,1.6610972881317139,2.1410374641418457,0.47994017601013184
1987,wiki,3.9928810596466064,4.31455135345459,0.3216702938079834
1988,news,4.166385650634766,4.395648002624512,0.2292623519897461
1989,reviews,4.016850471496582,4.000494003295898,-0.016356468200683594
1990,paper,2.610698938369751,3.76002836227417,1.149329423904419
1991,code,0.9139842987060547,0.9475552439689636,0.033570945262908936
1992,math,1.513833999633789,1.6311030387878418,0.11726903915405273
1993,wiki,2.8552491664886475,2.9630799293518066,0.10783076286315918
1994,news,3.877925157546997,4.093059062957764,0.2151339054107666
1995,reviews,3.574042320251465,3.669114589691162,0.09507226943969727
1996,paper,3.4684813022613525,4.587088108062744,1.1186068058013916
1997,code,1.319442868232727,1.9203290939331055,0.6008862257003784
1998,math,2.0408124923706055,2.2634830474853516,0.2226705551147461
1999,wiki,3.3776538372039795,3.5442254543304443,0.16657161712646484
2000,news,2.8951897621154785,3.155229330062866,0.2600395679473877
2001,reviews,3.6601696014404297,3.740335702896118,0.08016610145568848
2002,paper,2.883413791656494,4.141315937042236,1.2579021453857422
2003,code,1.2862731218338013,1.5743237733840942,0.28805065155029297
2004,math,1.684938907623291,2.047569990158081,0.36263108253479004
2005,wiki,3.141425609588623,4.038822650909424,0.8973970413208008
2006,news,3.636758327484131,3.8986077308654785,0.26184940338134766
2007,reviews,4.683809280395508,4.772385120391846,0.08857583999633789
2008,paper,2.496610641479492,3.442685127258301,0.9460744857788086
2009,code,1.548523187637329,1.6612120866775513,0.11268889904022217
2010,math,0.9449775218963623,1.1922848224639893,0.24730730056762695
2011,wiki,3.3654909133911133,3.484086751937866,0.11859583854675293
2012,news,4.225348949432373,4.751950263977051,0.5266013145446777
2013,reviews,3.885113477706909,4.05225133895874,0.16713786125183105
2014,paper,2.694654941558838,4.194967269897461,1.500312328338623
2015,code,1.8154500722885132,2.2902517318725586,0.4748016595840454
2016,math,1.9044078588485718,2.296159505844116,0.39175164699554443
2017,wiki,2.8285512924194336,3.3183646202087402,0.48981332778930664
2018,news,3.4414875507354736,3.8687658309936523,0.4272782802581787
2019,reviews,3.726949453353882,3.8635947704315186,0.13664531707763672
2020,paper,3.1844825744628906,4.323800563812256,1.1393179893493652
2021,code,1.1247197389602661,1.7988274097442627,0.6741076707839966
2022,math,1.919349193572998,2.244816303253174,0.3254671096801758
2023,wiki,2.723998546600342,2.7373812198638916,0.013382673263549805
2024,news,3.674325466156006,4.060613632202148,0.3862881660461426
2025,reviews,3.4794363975524902,3.5480778217315674,0.06864142417907715
2026,paper,3.8901615142822266,4.878626823425293,0.9884653091430664
2027,code,1.3663331270217896,1.9983887672424316,0.6320556402206421
2028,math,2.190336227416992,2.615919828414917,0.4255836009979248
2029,wiki,3.0045218467712402,3.2321622371673584,0.22764039039611816
2030,news,3.9756205081939697,4.198608875274658,0.22298836708068848
2031,reviews,3.5584375858306885,3.7332329750061035,0.17479538917541504
2032,paper,3.777134656906128,5.176328182220459,1.399193525314331
2033,code,1.0057835578918457,1.3152567148208618,0.3094731569290161
2034,math,1.128265380859375,1.3758333921432495,0.2475680112838745
2035,wiki,3.4696204662323,3.549647569656372,0.08002710342407227
2036,news,4.064666271209717,4.373478889465332,0.30881261825561523
2037,reviews,3.6961543560028076,3.8122165203094482,0.11606216430664062
2038,paper,3.274883985519409,4.412531852722168,1.1376478672027588
2039,code,1.6288477182388306,2.1465728282928467,0.5177251100540161
2040,math,1.3264659643173218,1.9826774597167969,0.6562114953994751
2041,wiki,3.4402408599853516,3.7432174682617188,0.3029766082763672
2042,news,3.646207094192505,3.8476052284240723,0.20139813423156738
2043,reviews,4.268248081207275,4.314875602722168,0.04662752151489258
2044,paper,2.6883773803710938,2.924497604370117,0.23612022399902344
2045,code,1.8607430458068848,2.0200564861297607,0.15931344032287598
2046,math,1.3094501495361328,1.7363650798797607,0.42691493034362793
2047,wiki,2.9428744316101074,3.032045364379883,0.08917093276977539
2048,news,4.203540325164795,4.404323101043701,0.20078277587890625
2049,reviews,4.604262351989746,4.602565765380859,-0.0016965866088867188
2050,paper,2.403663396835327,2.650975227355957,0.24731183052062988
2051,code,1.255406379699707,1.7214139699935913,0.4660075902938843
2052,math,1.868805170059204,2.44183087348938,0.5730257034301758
2053,wiki,2.824824094772339,3.6013288497924805,0.7765047550201416
2054,news,4.112664222717285,4.539541244506836,0.4268770217895508
2055,reviews,3.5393006801605225,3.654386043548584,0.11508536338806152
2056,paper,3.041724443435669,3.636798858642578,0.5950744152069092
2057,code,1.3563717603683472,2.0683400630950928,0.7119683027267456
2058,math,1.5816210508346558,1.9664478302001953,0.38482677936553955
2059,wiki,3.025712728500366,3.1381783485412598,0.11246562004089355
2060,news,3.8483808040618896,4.15718412399292,0.3088033199310303
2061,reviews,3.832379102706909,3.9239559173583984,0.09157681465148926
2062,paper,3.422175407409668,4.388517379760742,0.9663419723510742
2063,code,1.7623831033706665,2.4336585998535156,0.6712754964828491
2064,math,0.8790556192398071,1.1121312379837036,0.23307561874389648
2065,wiki,3.234593629837036,3.558983325958252,0.3243896961212158
2066,news,3.721407890319824,3.9892663955688477,0.26785850524902344
2067,reviews,3.8233282566070557,3.91998553276062,0.09665727615356445
2068,paper,2.3162841796875,2.7358224391937256,0.4195382595062256
2069,code,1.585344672203064,1.8892221450805664,0.30387747287750244
2070,math,1.046088695526123,1.5382623672485352,0.4921736717224121
2071,wiki,3.013458013534546,3.3690857887268066,0.35562777519226074
2072,news,3.31367826461792,3.7325737476348877,0.4188954830169678
2073,reviews,3.818903923034668,3.9091408252716064,0.09023690223693848
2074,paper,2.2042553424835205,2.6373062133789062,0.43305087089538574
2075,code,1.4183508157730103,1.8509786128997803,0.43262779712677
2076,math,1.642054796218872,1.8483119010925293,0.20625710487365723
2077,wiki,3.2003366947174072,3.3413753509521484,0.1410386562347412
2078,news,3.9752612113952637,4.381001949310303,0.40574073791503906
2079,reviews,3.4580025672912598,3.497365951538086,0.03936338424682617
2080,paper,2.991579532623291,3.7427661418914795,0.7511866092681885
2081,code,0.8122754096984863,1.1435645818710327,0.3312891721725464
2082,math,1.285526990890503,1.7077158689498901,0.4221888780593872
2083,wiki,3.3136112689971924,3.786444664001465,0.47283339500427246
2084,news,4.3871307373046875,4.893763065338135,0.5066323280334473
2085,reviews,3.144054412841797,3.190487861633301,0.046433448791503906
2086,paper,3.4018540382385254,4.5365729331970215,1.134718894958496
2087,code,0.9808540940284729,1.5168873071670532,0.5360332131385803
2088,math,0.9972002506256104,1.3049123287200928,0.3077120780944824
2089,wiki,3.167438507080078,3.545727491378784,0.37828898429870605
2090,news,3.523043394088745,3.8759303092956543,0.3528869152069092
2091,reviews,3.5990076065063477,3.600433588027954,0.0014259815216064453
2092,paper,3.3964927196502686,4.5896830558776855,1.193190336227417
2093,code,1.2216395139694214,1.6817927360534668,0.4601532220840454
2094,math,1.6277631521224976,2.1945412158966064,0.5667780637741089
2095,wiki,3.633375644683838,3.8300275802612305,0.19665193557739258
2096,news,3.4149537086486816,3.6482601165771484,0.2333064079284668
2097,reviews,3.5501089096069336,3.698476552963257,0.14836764335632324
2098,paper,3.586684226989746,4.683923244476318,1.0972390174865723
2099,code,1.1132832765579224,1.3753505945205688,0.2620673179626465
2100,math,1.448691725730896,1.8002119064331055,0.3515201807022095
2101,wiki,2.9198896884918213,3.859421968460083,0.9395322799682617
2102,news,3.74839448928833,4.067345142364502,0.3189506530761719
2103,reviews,4.010354995727539,4.0610246658325195,0.05066967010498047
2104,paper,3.810427665710449,5.141180515289307,1.3307528495788574
2105,code,1.6992437839508057,2.3412370681762695,0.6419932842254639
2106,math,1.744801640510559,2.25111985206604,0.506318211555481
2107,wiki,3.3772072792053223,3.7740540504455566,0.3968467712402344
2108,news,4.093380928039551,4.420207500457764,0.3268265724182129
2109,reviews,4.071201801300049,4.174252986907959,0.10305118560791016
2110,paper,4.079247951507568,5.272010326385498,1.1927623748779297
2111,code,0.757465660572052,1.2842661142349243,0.5268004536628723
2112,math,1.6793733835220337,2.1062214374542236,0.42684805393218994
2113,wiki,3.2770581245422363,3.4641189575195312,0.18706083297729492
2114,news,3.8574724197387695,4.305596828460693,0.44812440872192383
2115,reviews,4.174234867095947,4.335948944091797,0.1617140769958496
2116,paper,2.0202629566192627,3.3847522735595703,1.3644893169403076
2117,code,1.0299204587936401,1.4319390058517456,0.40201854705810547
2118,math,1.1632510423660278,1.390062928199768,0.22681188583374023
2119,wiki,3.0730605125427246,3.852848529815674,0.7797880172729492
2120,news,3.394386053085327,3.6052114963531494,0.21082544326782227
2121,reviews,4.038610458374023,4.053303241729736,0.01469278335571289
2122,paper,2.269496202468872,3.354214906692505,1.0847187042236328
2123,code,1.9873650074005127,2.4622108936309814,0.47484588623046875
2124,math,2.2676796913146973,2.642808675765991,0.37512898445129395
2125,wiki,3.280304193496704,3.3369626998901367,0.05665850639343262
2126,news,3.856095314025879,4.325164318084717,0.4690690040588379
2127,reviews,4.3263840675354,4.447037696838379,0.12065362930297852
2128,paper,3.4241883754730225,4.479924201965332,1.0557358264923096
2129,code,1.144960641860962,1.3370373249053955,0.1920766830444336
2130,math,1.5032902956008911,1.8527742624282837,0.3494839668273926
2131,wiki,3.2093615531921387,3.5736517906188965,0.3642902374267578
2132,news,3.740110158920288,4.184887409210205,0.444777250289917
2133,reviews,4.38260555267334,4.4964704513549805,0.11386489868164062
2134,paper,2.958505630493164,3.753263235092163,0.794757604598999
2135,code,1.1254210472106934,1.7170214653015137,0.5916004180908203
2136,math,1.657534122467041,2.086667776107788,0.42913365364074707
2137,wiki,3.058701753616333,3.375674247741699,0.3169724941253662
2138,news,3.7058162689208984,3.9463491439819336,0.24053287506103516
2139,reviews,3.77603816986084,3.7701351642608643,-0.005903005599975586
2140,paper,2.198692560195923,3.523585081100464,1.324892520904541
2141,code,1.2934070825576782,1.844591498374939,0.5511844158172607
2142,math,1.330759882926941,1.5544183254241943,0.22365844249725342
2143,wiki,3.3164868354797363,4.0770344734191895,0.7605476379394531
2144,news,3.371117115020752,3.907777786254883,0.5366606712341309
2145,reviews,3.7357177734375,3.9529592990875244,0.21724152565002441
2146,paper,1.7930231094360352,3.8532211780548096,2.0601980686187744
2147,code,1.133334755897522,1.5205870866775513,0.3872523307800293
2148,math,1.504172682762146,1.9615169763565063,0.45734429359436035
2149,wiki,3.103057384490967,3.419930934906006,0.31687355041503906
2150,news,3.6352643966674805,3.9557442665100098,0.3204798698425293
2151,reviews,4.934213161468506,4.9750494956970215,0.040836334228515625
2152,paper,1.5908690690994263,3.76080584526062,2.169936776161194
2153,code,1.3978241682052612,2.0409910678863525,0.6431668996810913
2154,math,1.2601525783538818,1.6980295181274414,0.43787693977355957
2155,wiki,3.2638323307037354,3.4152188301086426,0.15138649940490723
2156,news,3.3431382179260254,3.808350086212158,0.4652118682861328
2157,reviews,3.5030646324157715,3.6127305030822754,0.1096658706665039
2158,paper,1.547156810760498,3.6604812145233154,2.1133244037628174
2159,code,1.5075056552886963,1.565445899963379,0.05794024467468262
2160,math,1.700884222984314,1.8628222942352295,0.16193807125091553
2161,wiki,3.548102855682373,3.9440524578094482,0.3959496021270752
2162,news,2.195146322250366,2.59826397895813,0.40311765670776367
2163,reviews,3.2130987644195557,3.3122684955596924,0.09916973114013672
2164,paper,2.68302845954895,3.129559278488159,0.446530818939209
2165,code,1.3133031129837036,1.8766424655914307,0.563339352607727
2166,math,1.3131808042526245,1.3920879364013672,0.07890713214874268
2167,wiki,3.702366352081299,3.9969286918640137,0.29456233978271484
2168,news,3.452603578567505,3.7120864391326904,0.25948286056518555
2169,reviews,3.5314571857452393,3.649543285369873,0.11808609962463379
2170,paper,3.851942539215088,5.270807266235352,1.4188647270202637
2171,code,1.2829499244689941,1.862730622291565,0.5797806978225708
2172,math,2.0167598724365234,2.4871926307678223,0.47043275833129883
2173,wiki,3.3795061111450195,3.4762163162231445,0.096710205078125
2174,news,3.285597562789917,3.6708462238311768,0.38524866104125977
2175,reviews,4.369408130645752,4.459336280822754,0.08992815017700195
2176,paper,3.2449936866760254,4.438389301300049,1.1933956146240234
2177,code,1.0841710567474365,1.3149605989456177,0.23078954219818115
2178,math,1.5451806783676147,1.9648301601409912,0.41964948177337646
2179,wiki,3.256866455078125,3.3374407291412354,0.08057427406311035
2180,news,3.3868019580841064,3.9612202644348145,0.574418306350708
2181,reviews,3.403844118118286,3.5410971641540527,0.1372530460357666
2182,paper,3.086860179901123,3.9608097076416016,0.8739495277404785
2183,code,0.7746064066886902,0.966148853302002,0.19154244661331177
2184,math,1.0594900846481323,1.3417834043502808,0.28229331970214844
2185,wiki,3.0382473468780518,4.0667338371276855,1.0284864902496338
2186,news,3.328927755355835,3.6224520206451416,0.29352426528930664
2187,reviews,3.7126309871673584,3.7507688999176025,0.03813791275024414
2188,paper,3.485394239425659,4.474099636077881,0.9887053966522217
2189,code,1.6772257089614868,2.31514835357666,0.6379226446151733
2190,math,1.8917474746704102,2.1650352478027344,0.2732877731323242
2191,wiki,3.4756197929382324,4.004672527313232,0.529052734375
2192,news,3.0562691688537598,3.396714687347412,0.34044551849365234
2193,reviews,3.046440839767456,3.2161905765533447,0.16974973678588867
2194,paper,3.4655516147613525,4.888067245483398,1.422515630722046
2195,code,1.9935264587402344,2.6361405849456787,0.6426141262054443
2196,math,1.7155312299728394,1.9392930269241333,0.22376179695129395
2197,wiki,3.4299516677856445,3.5502054691314697,0.1202538013458252
2198,news,3.6788580417633057,4.151878356933594,0.4730203151702881
2199,reviews,3.3149003982543945,3.5085818767547607,0.1936814785003662
2200,paper,3.6689209938049316,5.229675769805908,1.5607547760009766
2201,code,2.0311877727508545,2.685908555984497,0.6547207832336426
2202,math,1.5827875137329102,1.8383290767669678,0.2555415630340576
2203,wiki,3.397961139678955,3.8061904907226562,0.40822935104370117
2204,news,3.138195514678955,3.518430709838867,0.3802351951599121
2205,reviews,3.714080333709717,3.8231711387634277,0.10909080505371094
2206,paper,3.0205025672912598,4.414379596710205,1.3938770294189453
2207,code,1.3003084659576416,1.7575438022613525,0.45723533630371094
2208,math,1.844395399093628,2.3270320892333984,0.4826366901397705
2209,wiki,3.4726016521453857,3.7803335189819336,0.30773186683654785
2210,news,3.166837453842163,3.495457887649536,0.32862043380737305
2211,reviews,3.0584542751312256,3.1702752113342285,0.11182093620300293
2212,paper,2.2509312629699707,3.5471749305725098,1.296243667602539
2213,code,1.191925287246704,1.4811869859695435,0.28926169872283936
2214,math,1.1154515743255615,1.36588716506958,0.25043559074401855
2215,wiki,3.277733087539673,3.2910242080688477,0.013291120529174805
2216,news,3.2759575843811035,3.6194891929626465,0.34353160858154297
2217,reviews,3.5532755851745605,3.7011492252349854,0.1478736400604248
2218,paper,3.206336259841919,4.361802101135254,1.155465841293335
2219,code,1.3488870859146118,1.79465651512146,0.44576942920684814
2220,math,1.8741772174835205,2.3658313751220703,0.4916541576385498
2221,wiki,3.123023271560669,3.4814298152923584,0.35840654373168945
2222,news,3.9943511486053467,4.234692573547363,0.2403414249420166
2223,reviews,3.9879183769226074,4.084948539733887,0.0970301628112793
2224,paper,3.0728201866149902,4.427338600158691,1.3545184135437012
2225,code,1.4634511470794678,1.9136208295822144,0.4501696825027466
2226,math,1.3663315773010254,1.522375226020813,0.1560436487197876
2227,wiki,2.60217547416687,2.676234483718872,0.07405900955200195
2228,news,2.880291223526001,3.3490922451019287,0.46880102157592773
2229,reviews,3.8456244468688965,4.012545108795166,0.16692066192626953
2230,paper,3.0391640663146973,3.7695224285125732,0.730358362197876
2231,code,0.8125324249267578,1.1669098138809204,0.3543773889541626
2232,math,1.3469668626785278,1.8085412979125977,0.4615744352340698
2233,wiki,3.250375747680664,3.4119815826416016,0.1616058349609375
2234,news,3.217827796936035,3.6753175258636475,0.4574897289276123
2235,reviews,4.107020378112793,4.1181206703186035,0.011100292205810547
2236,paper,3.078338623046875,4.22328519821167,1.144946575164795
2237,code,1.0692180395126343,1.690621256828308,0.6214032173156738
2238,math,1.7292476892471313,2.3229987621307373,0.593751072883606
2239,wiki,2.8509199619293213,3.024742364883423,0.17382240295410156
2240,news,2.8189117908477783,3.2511980533599854,0.43228626251220703
2241,reviews,3.622850179672241,3.6944358348846436,0.07158565521240234
2242,paper,2.593299150466919,3.570380687713623,0.9770815372467041
2243,code,1.6999170780181885,2.343998432159424,0.6440813541412354
2244,math,1.0651689767837524,1.3814473152160645,0.316278338432312
2245,wiki,3.310121774673462,3.4837660789489746,0.1736443042755127
2246,news,3.4218785762786865,3.6872870922088623,0.2654085159301758
2247,reviews,3.99298095703125,4.104403495788574,0.11142253875732422
2248,paper,2.380126714706421,3.5520429611206055,1.1719162464141846
2249,code,1.0293583869934082,1.6238293647766113,0.5944709777832031
2250,math,1.430248498916626,2.0293970108032227,0.5991485118865967
2251,wiki,3.15228009223938,3.339247703552246,0.1869676113128662
2252,news,3.1508259773254395,3.436758518218994,0.2859325408935547
2253,reviews,4.456507205963135,4.578784465789795,0.12227725982666016
2254,paper,2.536386728286743,3.7729263305664062,1.236539602279663
2255,code,1.1805330514907837,1.647682785987854,0.4671497344970703
2256,math,1.4858577251434326,1.9722737073898315,0.4864159822463989
2257,wiki,2.7801859378814697,3.551893711090088,0.7717077732086182
2258,news,3.6634573936462402,3.9614500999450684,0.2979927062988281
2259,reviews,3.5478031635284424,3.6098849773406982,0.06208181381225586
2260,paper,3.000424861907959,4.314138412475586,1.313713550567627
2261,code,1.4186526536941528,1.6575076580047607,0.2388550043106079
2262,math,1.8669534921646118,2.015176296234131,0.14822280406951904
2263,wiki,2.9795143604278564,3.2236151695251465,0.24410080909729004
2264,news,3.6242809295654297,4.022324562072754,0.3980436325073242
2265,reviews,3.8790183067321777,3.9682915210723877,0.08927321434020996
2266,paper,3.8400795459747314,5.113653182983398,1.273573637008667
2267,code,0.9081587791442871,1.11138117313385,0.203222393989563
2268,math,1.7340424060821533,2.1084446907043457,0.3744022846221924
2269,wiki,3.7869510650634766,4.494379043579102,0.707427978515625
2270,news,3.857417106628418,4.165772438049316,0.30835533142089844
2271,reviews,4.094561576843262,4.249477863311768,0.15491628646850586
2272,paper,2.8123939037323,3.994805097579956,1.1824111938476562
2273,code,1.209730863571167,1.8840878009796143,0.6743569374084473
2274,math,1.4175673723220825,1.7648180723190308,0.34725069999694824
2275,wiki,3.7486841678619385,3.7744665145874023,0.025782346725463867
2276,news,3.9866135120391846,4.180343151092529,0.19372963905334473
2277,reviews,3.850815773010254,3.956561326980591,0.10574555397033691
2278,paper,3.031013011932373,4.631264686584473,1.6002516746520996
2279,code,1.802894949913025,2.0702695846557617,0.2673746347427368
2280,math,0.8898980021476746,1.2086137533187866,0.31871575117111206
2281,wiki,3.5656521320343018,3.866029739379883,0.30037760734558105
2282,news,3.753582715988159,4.123490810394287,0.36990809440612793
2283,reviews,4.8808913230896,4.974366188049316,0.0934748649597168
2284,paper,2.405468702316284,3.404813051223755,0.9993443489074707
2285,code,0.9542942643165588,1.3482673168182373,0.39397305250167847
2286,math,1.2942308187484741,1.536211609840393,0.24198079109191895
2287,wiki,3.999781608581543,4.1089301109313965,0.10914850234985352
2288,news,3.2750954627990723,3.6443495750427246,0.36925411224365234
2289,reviews,4.071247577667236,4.094497203826904,0.02324962615966797
2290,paper,2.8142378330230713,4.0722503662109375,1.2580125331878662
2291,code,1.247489094734192,1.8682842254638672,0.6207951307296753
2292,math,1.8740262985229492,2.179286479949951,0.30526018142700195
2293,wiki,3.5107457637786865,3.6877048015594482,0.17695903778076172
2294,news,3.2072911262512207,3.660879611968994,0.45358848571777344
2295,reviews,3.3296279907226562,3.410663366317749,0.08103537559509277
2296,paper,2.585435390472412,3.9858593940734863,1.4004240036010742
2297,code,0.8836119771003723,1.4632327556610107,0.5796207785606384
2298,math,1.7956689596176147,2.049015998840332,0.2533470392227173
2299,wiki,3.446378469467163,3.6013662815093994,0.15498781204223633
2300,news,3.7631924152374268,4.260545253753662,0.49735283851623535
2301,reviews,4.410179138183594,4.522146224975586,0.11196708679199219
2302,paper,2.5804505348205566,3.680987596511841,1.1005370616912842
2303,code,0.9441177845001221,1.4744349718093872,0.5303171873092651
2304,math,1.6040031909942627,2.047666549682617,0.4436633586883545
2305,wiki,3.818021059036255,4.270855903625488,0.4528348445892334
2306,news,3.416923761367798,3.869251251220703,0.4523274898529053
2307,reviews,4.187150955200195,4.215871810913086,0.028720855712890625
2308,paper,2.9178357124328613,4.046592712402344,1.1287569999694824
2309,code,1.5858232975006104,2.3532772064208984,0.7674539089202881
2310,math,1.7028498649597168,2.1026015281677246,0.3997516632080078
2311,wiki,2.8212103843688965,3.1621267795562744,0.34091639518737793
2312,news,3.0758001804351807,3.3517847061157227,0.275984525680542
2313,reviews,3.3432366847991943,3.438662052154541,0.09542536735534668
2314,paper,3.1865365505218506,4.553090572357178,1.3665540218353271
2315,code,1.2676937580108643,1.855394721031189,0.5877009630203247
2316,math,1.2999534606933594,1.5447969436645508,0.2448434829711914
2317,wiki,3.4491207599639893,3.695030927658081,0.2459101676940918
2318,news,3.856853485107422,4.100259304046631,0.24340581893920898
2319,reviews,4.004373073577881,4.141388893127441,0.13701581954956055
2320,paper,2.4458537101745605,3.9659698009490967,1.5201160907745361
2321,code,1.1154595613479614,1.7276414632797241,0.6121819019317627
2322,math,2.005650520324707,2.50589919090271,0.5002486705780029
2323,wiki,4.15711784362793,4.241004467010498,0.08388662338256836
2324,news,3.2548038959503174,3.4505395889282227,0.19573569297790527
2325,reviews,4.568711280822754,4.584567070007324,0.015855789184570312
2326,paper,2.4788401126861572,3.945328950881958,1.4664888381958008
2327,code,1.380157709121704,2.1172900199890137,0.7371323108673096
2328,math,2.135831356048584,2.6782386302948,0.5424072742462158
2329,wiki,4.042395114898682,4.178181171417236,0.1357860565185547
2330,news,3.620699167251587,4.015486240386963,0.394787073135376
2331,reviews,3.7757112979888916,3.935929536819458,0.1602182388305664
2332,paper,3.2913620471954346,4.621999740600586,1.3306376934051514
2333,code,1.427809238433838,1.9120861291885376,0.4842768907546997
2334,math,1.137846827507019,1.3934403657913208,0.25559353828430176
2335,wiki,3.9464540481567383,4.147482395172119,0.20102834701538086
2336,news,3.8144781589508057,4.0446038246154785,0.23012566566467285
2337,reviews,3.990403413772583,4.067887306213379,0.0774838924407959
2338,paper,2.6285760402679443,3.810817241668701,1.1822412014007568
2339,code,1.8235416412353516,2.4983930587768555,0.6748514175415039
2340,math,1.4194836616516113,1.7072501182556152,0.2877664566040039
2341,wiki,3.864995002746582,4.643886089324951,0.7788910865783691
2342,news,4.353813648223877,4.827216148376465,0.4734025001525879
2343,reviews,3.8563058376312256,3.8869805335998535,0.03067469596862793
2344,paper,2.749650716781616,4.170952320098877,1.4213016033172607
2345,code,1.4560835361480713,2.043490171432495,0.5874066352844238
2346,math,1.8316696882247925,2.11668062210083,0.2850109338760376
2347,wiki,4.388175010681152,4.393173694610596,0.004998683929443359
2348,news,4.28740930557251,4.7337965965271,0.44638729095458984
2349,reviews,3.667747735977173,3.806867837905884,0.13912010192871094
2350,paper,2.519304037094116,3.76002836227417,1.2407243251800537
2351,code,1.2319384813308716,1.7461605072021484,0.5142220258712769
2352,math,1.558732509613037,1.8900066614151,0.331274151802063
2353,wiki,4.431961536407471,4.617536544799805,0.18557500839233398
2354,news,2.799326181411743,3.203319549560547,0.4039933681488037
2355,reviews,4.241487979888916,4.262526988983154,0.02103900909423828
2356,paper,3.3596155643463135,4.587088108062744,1.2274725437164307
2357,code,1.085390567779541,1.719293475151062,0.633902907371521
2358,math,1.593824028968811,1.8476141691207886,0.25379014015197754
2359,wiki,4.058318614959717,4.552298069000244,0.49397945404052734
2360,news,2.8531415462493896,2.884009838104248,0.0308682918548584
2361,reviews,4.018723964691162,4.10164737701416,0.08292341232299805
2362,paper,2.7553951740264893,4.141315937042236,1.385920763015747
2363,code,1.4610493183135986,1.8355592489242554,0.37450993061065674
2364,math,1.7160757780075073,1.9973995685577393,0.28132379055023193
2365,wiki,3.9200785160064697,4.156981468200684,0.23690295219421387
2366,news,3.4036030769348145,3.5346646308898926,0.13106155395507812
2367,reviews,4.028086185455322,4.151921272277832,0.12383508682250977
2368,paper,2.3881990909576416,3.442685127258301,1.0544860363006592
2369,code,1.5627669095993042,2.0630943775177,0.500327467918396
2370,math,1.1423245668411255,1.7152972221374512,0.5729726552963257
2371,wiki,4.278197288513184,4.309839248657227,0.03164196014404297
2372,news,3.994699478149414,4.3336100578308105,0.3389105796813965
2373,reviews,3.8166162967681885,3.8566954135894775,0.04007911682128906
2374,paper,2.5043797492980957,4.194967269897461,1.6905875205993652
2375,code,1.2863783836364746,1.9266771078109741,0.6402987241744995
2376,math,1.4263904094696045,1.8956196308135986,0.46922922134399414
2377,wiki,3.593653917312622,3.685331106185913,0.09167718887329102
2378,news,3.8694496154785156,4.096869468688965,0.22741985321044922
2379,reviews,3.360253095626831,3.443239688873291,0.08298659324645996
2380,paper,3.0326504707336426,4.323800563812256,1.2911500930786133
2381,code,1.2755311727523804,1.6014509201049805,0.3259197473526001
2382,math,1.4109472036361694,1.759150505065918,0.34820330142974854
2383,wiki,3.634969472885132,3.7785823345184326,0.14361286163330078
2384,news,3.448678731918335,3.738332748413086,0.289654016494751
2385,reviews,3.794970989227295,3.8850696086883545,0.09009861946105957
2386,paper,3.734527349472046,4.878626823425293,1.144099473953247
2387,code,1.2172598838806152,1.537376880645752,0.3201169967651367
2388,math,1.1781736612319946,1.449229121208191,0.2710554599761963
2389,wiki,3.929058790206909,4.09686803817749,0.16780924797058105
2390,news,3.565138339996338,4.008194923400879,0.443056583404541
2391,reviews,4.088305950164795,4.1566948890686035,0.0683889389038086
2392,paper,3.601982593536377,5.176328182220459,1.574345588684082
2393,code,1.2104456424713135,1.8528501987457275,0.6424045562744141
2394,math,1.2316726446151733,1.57841157913208,0.34673893451690674
2395,wiki,2.868448495864868,4.501762390136719,1.6333138942718506
2396,news,3.612532138824463,3.861863136291504,0.24933099746704102
2397,reviews,3.271975517272949,3.4894864559173584,0.21751093864440918
2398,paper,3.1604959964752197,4.412531852722168,1.2520358562469482
2399,code,1.3167109489440918,1.5951050519943237,0.27839410305023193
2400,math,1.1535240411758423,1.3287588357925415,0.17523479461669922
2401,wiki,3.012812614440918,4.004491329193115,0.9916787147521973
2402,news,3.1910698413848877,3.4506754875183105,0.25960564613342285
2403,reviews,3.4272024631500244,3.461158037185669,0.03395557403564453
2404,paper,2.644080877304077,2.924497604370117,0.28041672706604004
2405,code,1.1558237075805664,1.3306418657302856,0.17481815814971924
2406,math,1.2916338443756104,1.6110931634902954,0.31945931911468506
2407,wiki,3.1613829135894775,3.296891450881958,0.13550853729248047
2408,news,3.667659044265747,3.9542336463928223,0.2865746021270752
2409,reviews,4.125553131103516,4.2438225746154785,0.11826944351196289
2410,paper,2.3207902908325195,2.650975227355957,0.3301849365234375
2411,code,1.2199742794036865,1.7137987613677979,0.49382448196411133
2412,math,1.6887964010238647,2.10233473777771,0.4135383367538452
2413,wiki,2.9282617568969727,3.047748327255249,0.11948657035827637
2414,news,3.3516287803649902,3.6345267295837402,0.28289794921875
2415,reviews,3.943556785583496,3.9981486797332764,0.05459189414978027
2416,paper,2.943385601043701,3.636798858642578,0.693413257598877
2417,code,0.6669646501541138,0.8869133591651917,0.21994870901107788
2418,math,1.8165931701660156,2.189387083053589,0.37279391288757324
2419,wiki,3.0963644981384277,3.0738778114318848,-0.02248668670654297
2420,news,3.5448575019836426,3.913872241973877,0.3690147399902344
2421,reviews,3.632589340209961,3.653366804122925,0.020777463912963867
2422,paper,3.3006482124328613,4.388517379760742,1.0878691673278809
2423,code,1.1131279468536377,1.7191048860549927,0.605976939201355
2424,math,1.4389009475708008,1.6577049493789673,0.2188040018081665
2425,wiki,3.4186925888061523,3.7595362663269043,0.34084367752075195
2426,news,4.758518218994141,5.201415061950684,0.44289684295654297
2427,reviews,4.151179790496826,4.204314708709717,0.053134918212890625
2428,paper,2.2366268634796143,2.7358224391937256,0.49919557571411133
2429,code,1.1100152730941772,1.693656325340271,0.5836410522460938
2430,math,1.9359277486801147,2.107120990753174,0.17119324207305908
2431,wiki,3.6051366329193115,3.931804895401001,0.32666826248168945
2432,news,3.599332571029663,3.960299015045166,0.36096644401550293
2433,reviews,4.214388370513916,4.298877239227295,0.0844888687133789
2434,paper,2.162543773651123,2.6373062133789062,0.4747624397277832
2435,code,1.3504477739334106,2.190035104751587,0.8395873308181763
2436,math,1.9879907369613647,2.3386130332946777,0.350622296333313
2437,wiki,2.249182939529419,2.650933265686035,0.4017503261566162
2438,news,4.09156608581543,4.448295593261719,0.35672950744628906
2439,reviews,4.060184001922607,4.129549503326416,0.0693655014038086
2440,paper,2.9200427532196045,3.7427661418914795,0.822723388671875
2441,code,1.5045934915542603,2.0281429290771484,0.5235494375228882
2442,math,1.5326253175735474,1.7199780941009521,0.18735277652740479
2443,wiki,3.411715269088745,3.573835849761963,0.16212058067321777
2444,news,3.257349729537964,3.8028385639190674,0.5454888343811035
2445,reviews,3.0615367889404297,3.0991740226745605,0.03763723373413086
2446,paper,3.298232316970825,4.5365729331970215,1.2383406162261963
2447,code,1.3151881694793701,1.9315279722213745,0.6163398027420044
2448,math,1.320131540298462,1.8933695554733276,0.5732380151748657
2449,wiki,2.816761016845703,3.515693187713623,0.6989321708679199
2450,news,3.1333911418914795,3.5792269706726074,0.44583582878112793
2451,reviews,3.877619743347168,3.9183850288391113,0.04076528549194336
2452,paper,3.2632486820220947,4.5896830558776855,1.3264343738555908
2453,code,0.8937733769416809,1.173392653465271,0.2796192765235901
2454,math,1.4339498281478882,1.877258062362671,0.4433082342147827
2455,wiki,3.031672477722168,3.4396233558654785,0.40795087814331055
2456,news,3.7676496505737305,4.2324700355529785,0.46482038497924805
2457,reviews,3.886084794998169,3.8944103717803955,0.008325576782226562
2458,paper,3.4511847496032715,4.683923244476318,1.2327384948730469
2459,code,0.7185383439064026,0.9563126564025879,0.2377743124961853
2460,math,1.4073433876037598,1.999216079711914,0.5918726921081543
2461,wiki,3.0978856086730957,3.4195210933685303,0.32163548469543457
2462,news,3.082075357437134,3.6004652976989746,0.5183899402618408
2463,reviews,3.4406397342681885,3.5263452529907227,0.08570551872253418
2464,paper,3.686417818069458,5.141180515289307,1.4547626972198486
2465,code,1.1054283380508423,1.4044692516326904,0.29904091358184814
2466,math,1.546811580657959,1.7656768560409546,0.2188652753829956
2467,wiki,2.434405565261841,2.614513397216797,0.18010783195495605
2468,news,3.633009195327759,4.1555609703063965,0.5225517749786377
2469,reviews,3.430852174758911,3.3797707557678223,-0.05108141899108887
2470,paper,3.8861660957336426,5.272010326385498,1.3858442306518555
2471,code,1.3374748229980469,1.8439847230911255,0.5065099000930786
2472,math,1.3917245864868164,1.8639495372772217,0.4722249507904053
2473,wiki,2.576564073562622,3.2407772541046143,0.6642131805419922
2474,news,3.4460644721984863,3.9118235111236572,0.4657590389251709
2475,reviews,3.984297275543213,3.961625099182129,-0.022672176361083984
2476,paper,1.889687180519104,3.3847522735595703,1.4950650930404663
2477,code,1.1267231702804565,1.3603006601333618,0.23357748985290527
2478,math,1.9655210971832275,2.4866385459899902,0.5211174488067627
2479,wiki,3.296973466873169,4.338714122772217,1.0417406558990479
2480,news,1.7797205448150635,2.2537033557891846,0.4739828109741211
2481,reviews,3.670147180557251,3.6940245628356934,0.023877382278442383
2482,paper,2.1456868648529053,3.354214906692505,1.2085280418395996
2483,code,1.2064093351364136,1.827265739440918,0.6208564043045044
2484,math,1.5314922332763672,1.8120462894439697,0.28055405616760254
2485,wiki,3.3759994506835938,3.63517165184021,0.2591722011566162
2486,news,3.8782434463500977,4.515524387359619,0.6372809410095215
2487,reviews,3.806169271469116,3.8743996620178223,0.06823039054870605
2488,paper,3.3150346279144287,4.479924201965332,1.1648895740509033
2489,code,1.0973224639892578,1.3755096197128296,0.2781871557235718
2490,math,1.3806750774383545,1.7451647520065308,0.36448967456817627
2491,wiki,3.524057388305664,4.36800479888916,0.8439474105834961
2492,news,4.0507707595825195,4.401242256164551,0.35047149658203125
2493,reviews,3.4855589866638184,3.6022281646728516,0.1166691780090332
2494,paper,2.8714840412139893,3.753263235092163,0.8817791938781738
2495,code,1.2395716905593872,1.862964153289795,0.6233924627304077
2496,math,1.7040152549743652,2.333543300628662,0.6295280456542969
2497,wiki,2.8703677654266357,3.118497133255005,0.24812936782836914
2498,news,3.935015916824341,4.003504276275635,0.06848835945129395
2499,reviews,3.9435384273529053,4.017311096191406,0.07377266883850098
2500,paper,2.0603530406951904,3.523585081100464,1.4632320404052734
2501,code,1.460680365562439,2.042466878890991,0.5817865133285522
2502,math,1.8861021995544434,2.3933675289154053,0.5072653293609619
2503,wiki,3.261965274810791,3.2220957279205322,-0.03986954689025879
2504,news,3.2867238521575928,3.5952138900756836,0.3084900379180908
2505,reviews,3.7007405757904053,3.774249315261841,0.07350873947143555
2506,paper,1.7005330324172974,3.8532211780548096,2.152688145637512
2507,code,1.7904399633407593,2.2900898456573486,0.49964988231658936
2508,math,1.626113772392273,1.8166234493255615,0.19050967693328857
2509,wiki,2.777299404144287,3.2793352603912354,0.5020358562469482
2510,news,3.909233570098877,4.223874092102051,0.31464052200317383
2511,reviews,4.045536518096924,4.152836322784424,0.1072998046875
2512,paper,1.4950311183929443,3.76080584526062,2.265774726867676
2513,code,1.505264163017273,2.1665446758270264,0.6612805128097534
2514,math,1.527389645576477,2.0903704166412354,0.5629807710647583
2515,wiki,2.6234636306762695,2.777233123779297,0.15376949310302734
2516,news,3.010181427001953,3.2109103202819824,0.2007288932800293
2517,reviews,3.5266849994659424,3.6616899967193604,0.13500499725341797
2518,paper,1.4797767400741577,3.6604812145233154,2.1807044744491577
2519,code,1.0038001537322998,1.2111754417419434,0.20737528800964355
2520,math,1.1673589944839478,1.4432423114776611,0.2758833169937134
2521,wiki,3.3097984790802,3.6831114292144775,0.37331295013427734
2522,news,3.906097173690796,4.063813209533691,0.1577160358428955
2523,reviews,3.1373658180236816,3.199683427810669,0.062317609786987305
2524,paper,2.638052225112915,3.129559278488159,0.49150705337524414
2525,code,1.2368152141571045,1.7198781967163086,0.4830629825592041
2526,math,0.7910192012786865,1.1472198963165283,0.3562006950378418
2527,wiki,3.3247580528259277,4.190872669219971,0.866114616394043
2528,news,4.852023124694824,5.058226585388184,0.20620346069335938
2529,reviews,2.887432336807251,2.982598304748535,0.09516596794128418
2530,paper,3.6732990741729736,5.270807266235352,1.597508192062378
2531,code,1.1390939950942993,1.608644962310791,0.4695509672164917
2532,math,0.8768448233604431,1.1504932641983032,0.2736484408378601
2533,wiki,2.89565110206604,2.9454634189605713,0.04981231689453125
2534,news,3.0864334106445312,3.3948092460632324,0.30837583541870117
2535,reviews,4.152626991271973,4.257042407989502,0.1044154167175293
2536,paper,3.086064100265503,4.438389301300049,1.352325201034546
2537,code,1.2180228233337402,1.7831315994262695,0.5651087760925293
2538,math,1.7140318155288696,2.3919355869293213,0.6779037714004517
2539,wiki,2.998037815093994,3.3176109790802,0.31957316398620605
2540,news,2.6303024291992188,2.757965326309204,0.12766289710998535
2541,reviews,4.033344268798828,4.135313987731934,0.10196971893310547
2542,paper,2.9494545459747314,3.9608097076416016,1.0113551616668701
2543,code,1.412314534187317,1.878676414489746,0.4663618803024292
2544,math,1.5313043594360352,2.0143792629241943,0.4830749034881592
2545,wiki,3.055814266204834,3.0666701793670654,0.010855913162231445
2546,news,4.207032203674316,4.382549285888672,0.17551708221435547
2547,reviews,3.8643453121185303,4.003185272216797,0.1388399600982666
2548,paper,3.3578414916992188,4.474099636077881,1.116258144378662
2549,code,2.8982760906219482,3.1604621410369873,0.26218605041503906
2550,math,1.4979327917099,1.9753035306930542,0.4773707389831543
2551,wiki,3.0493953227996826,3.15714955329895,0.10775423049926758
2552,news,4.638050556182861,5.0656633377075195,0.4276127815246582
2553,reviews,3.7936573028564453,3.9238293170928955,0.1301720142364502
2554,paper,3.398653268814087,4.888067245483398,1.4894139766693115
2555,code,2.6117501258850098,2.949127197265625,0.33737707138061523
2556,math,1.2373579740524292,1.5654093027114868,0.3280513286590576
2557,wiki,3.309962511062622,4.104899883270264,0.7949373722076416
2558,news,3.189175844192505,3.4492504596710205,0.2600746154785156
2559,reviews,4.169495582580566,4.249152183532715,0.07965660095214844
2560,paper,3.4596610069274902,5.229675769805908,1.770014762878418
2561,code,1.8097302913665771,2.0493602752685547,0.23962998390197754
2562,math,1.2406682968139648,1.5401414632797241,0.2994731664657593
2563,wiki,3.467766761779785,3.5712478160858154,0.10348105430603027
2564,news,3.67606520652771,3.914470911026001,0.23840570449829102
2565,reviews,3.944539785385132,4.0543012619018555,0.10976147651672363
2566,paper,2.8929319381713867,4.414379596710205,1.5214476585388184
2567,code,1.1659830808639526,1.7910064458847046,0.625023365020752
2568,math,1.9467206001281738,2.480877161026001,0.5341565608978271
2569,wiki,3.125737190246582,3.477994203567505,0.35225701332092285
2570,news,3.0740606784820557,3.6210899353027344,0.5470292568206787
2571,reviews,4.206501483917236,4.217841148376465,0.011339664459228516
2572,paper,2.07546329498291,3.5471749305725098,1.4717116355895996
2573,code,1.1036334037780762,1.6944595575332642,0.590826153755188
2574,math,1.3822375535964966,1.672193169593811,0.28995561599731445
2575,wiki,3.4731531143188477,3.7627806663513184,0.2896275520324707
2576,news,3.4401862621307373,3.860365390777588,0.4201791286468506
2577,reviews,3.742201805114746,3.877434253692627,0.13523244857788086
2578,paper,3.130601406097412,4.361802101135254,1.2312006950378418
2579,code,1.1423425674438477,1.7526066303253174,0.6102640628814697
2580,math,1.2170743942260742,1.5577760934829712,0.340701699256897
2581,wiki,3.339509963989258,3.42472243309021,0.08521246910095215
2582,news,3.5879716873168945,3.7696259021759033,0.1816542148590088
2583,reviews,3.8390743732452393,3.912867784500122,0.07379341125488281
2584,paper,2.9558935165405273,4.427338600158691,1.471445083618164
2585,code,1.3042082786560059,1.8142802715301514,0.5100719928741455
2586,math,1.1047121286392212,1.406139612197876,0.3014274835586548
2587,wiki,2.8406312465667725,3.1581361293792725,0.3175048828125
2588,news,3.619256019592285,3.906240463256836,0.2869844436645508
2589,reviews,2.649153470993042,2.7333993911743164,0.08424592018127441
2590,paper,2.9434144496917725,3.7695224285125732,0.8261079788208008
2591,code,1.6155837774276733,1.8967667818069458,0.28118300437927246
2592,math,1.1122374534606934,1.5941239595413208,0.48188650608062744
2593,wiki,3.0339157581329346,3.163156509399414,0.1292407512664795
2594,news,3.4258816242218018,3.9114999771118164,0.48561835289001465
2595,reviews,3.388552188873291,3.452181339263916,0.063629150390625
2596,paper,2.877401113510132,4.22328519821167,1.345884084701538
2597,code,1.3729068040847778,1.7518200874328613,0.3789132833480835
2598,math,1.5722715854644775,2.074582576751709,0.5023109912872314
2599,wiki,2.5168509483337402,3.305804967880249,0.7889540195465088
2600,news,4.365192413330078,4.6651787757873535,0.2999863624572754
2601,reviews,2.8136143684387207,2.968750476837158,0.1551361083984375
2602,paper,2.465452194213867,3.570380687713623,1.1049284934997559
2603,code,2.061298131942749,2.077577829360962,0.01627969741821289
2604,math,1.0977065563201904,1.3383599519729614,0.240653395652771
2605,wiki,2.497901201248169,2.998161792755127,0.500260591506958
2606,news,3.0372166633605957,3.544612407684326,0.5073957443237305
2607,reviews,3.2065656185150146,3.3938472270965576,0.18728160858154297
2608,paper,2.284799098968506,3.5520429611206055,1.2672438621520996
2609,code,1.3940938711166382,2.0162296295166016,0.6221357583999634
2610,math,1.3071937561035156,1.6996301412582397,0.3924363851547241
2611,wiki,3.8372936248779297,4.290580749511719,0.45328712463378906
2612,news,4.049659729003906,4.206868648529053,0.15720891952514648
2613,reviews,3.3456180095672607,3.373532295227051,0.02791428565979004
2614,paper,2.4377238750457764,3.7729263305664062,1.3352024555206299
2615,code,1.4043152332305908,2.1461257934570312,0.7418105602264404
2616,math,1.403394341468811,2.145439863204956,0.742045521736145
2617,wiki,3.4243648052215576,3.871807098388672,0.44744229316711426
2618,news,3.3347551822662354,3.8597662448883057,0.5250110626220703
2619,reviews,3.5756280422210693,3.5755538940429688,-7.414817810058594e-05
2620,paper,2.921186685562134,4.314138412475586,1.3929517269134521
2621,code,1.3533090353012085,1.6386487483978271,0.28533971309661865
2622,math,1.1558798551559448,1.7100459337234497,0.5541660785675049
2623,wiki,3.308431386947632,4.173665523529053,0.8652341365814209
2624,news,3.2500686645507812,3.7216036319732666,0.47153496742248535
2625,reviews,3.7055563926696777,3.6945011615753174,-0.011055231094360352
2626,paper,3.7054224014282227,5.113653182983398,1.4082307815551758
2627,code,1.3651753664016724,1.927507758140564,0.5623323917388916
2628,math,1.6849017143249512,2.0898325443267822,0.40493083000183105
2629,wiki,3.069685220718384,3.4963066577911377,0.4266214370727539
2630,news,3.799139976501465,4.150251865386963,0.35111188888549805
2631,reviews,4.05003547668457,4.09681510925293,0.046779632568359375
2632,paper,2.7046031951904297,3.994805097579956,1.2902019023895264
2633,code,1.4471478462219238,1.8489909172058105,0.4018430709838867
2634,math,0.4877699613571167,0.6874298453330994,0.19965988397598267
2635,wiki,3.5277695655822754,4.060296058654785,0.5325264930725098
2636,news,3.1387040615081787,3.5285227298736572,0.3898186683654785
2637,reviews,3.2129857540130615,3.2800018787384033,0.0670161247253418
2638,paper,2.9042117595672607,4.631264686584473,1.727052927017212
2639,code,1.472460150718689,2.033726453781128,0.561266303062439
2640,math,1.5696237087249756,2.0331780910491943,0.46355438232421875
2641,wiki,2.694248914718628,3.4563236236572266,0.7620747089385986
2642,news,2.5525553226470947,2.7943007946014404,0.2417454719543457
2643,reviews,4.066215991973877,4.063168048858643,-0.003047943115234375
2644,paper,2.314785957336426,3.404813051223755,1.090027093887329
2645,code,1.612851619720459,2.234048843383789,0.6211972236633301
2646,math,1.276123285293579,1.6783826351165771,0.40225934982299805
2647,wiki,2.496778964996338,2.5357799530029297,0.0390009880065918
2648,news,2.8788301944732666,3.2280097007751465,0.3491795063018799
2649,reviews,2.893023729324341,2.8278138637542725,-0.06520986557006836
2650,paper,2.707759380340576,4.0722503662109375,1.3644909858703613
2651,code,1.4215352535247803,1.6477054357528687,0.22617018222808838
2652,math,1.165891408920288,1.5818047523498535,0.41591334342956543
2653,wiki,3.149655818939209,3.83539080619812,0.6857349872589111
2654,news,3.458167314529419,3.7503225803375244,0.29215526580810547
2655,reviews,4.059562683105469,3.9935615062713623,-0.06600117683410645
2656,paper,2.4354844093322754,3.9858593940734863,1.550374984741211
2657,code,0.9245240092277527,1.517084002494812,0.5925599932670593
2658,math,1.504448652267456,1.8958239555358887,0.3913753032684326
2659,wiki,2.9652490615844727,3.0218710899353027,0.05662202835083008
2660,news,3.2138593196868896,3.4657602310180664,0.25190091133117676
2661,reviews,4.154808044433594,4.219099998474121,0.06429195404052734
2662,paper,2.4411096572875977,3.680987596511841,1.2398779392242432
2663,code,1.232905626296997,1.606501817703247,0.37359619140625
2664,math,1.5290813446044922,1.9226166009902954,0.3935352563858032
2665,wiki,3.4113361835479736,3.631763458251953,0.2204272747039795
2666,news,3.9687721729278564,4.1843414306640625,0.21556925773620605
2667,reviews,3.7665929794311523,3.7947137355804443,0.028120756149291992
2668,paper,2.7681524753570557,4.046592712402344,1.278440237045288
2669,code,1.5464681386947632,2.0892863273620605,0.5428181886672974
2670,math,1.515228033065796,1.9653083086013794,0.4500802755355835
2671,wiki,2.616199254989624,3.4742772579193115,0.8580780029296875
2672,news,3.625563621520996,4.125732421875,0.5001688003540039
2673,reviews,4.472836017608643,4.510776996612549,0.03794097900390625
2674,paper,3.050044536590576,4.553090572357178,1.5030460357666016
2675,code,0.8561209440231323,1.2145479917526245,0.3584270477294922
2676,math,1.6496953964233398,1.8601301908493042,0.21043479442596436
2677,wiki,3.286226511001587,3.8463504314422607,0.5601239204406738
2678,news,3.765279531478882,4.19789457321167,0.4326150417327881
2679,reviews,4.2668609619140625,4.34716796875,0.0803070068359375
2680,paper,2.336043119430542,3.9659698009490967,1.6299266815185547
2681,code,0.9659520983695984,1.309792399406433,0.3438403010368347
2682,math,1.3878670930862427,1.7053297758102417,0.317462682723999
2683,wiki,3.423321008682251,3.7742371559143066,0.35091614723205566
2684,news,3.74407696723938,4.0257673263549805,0.2816903591156006
2685,reviews,4.401031970977783,4.467456340789795,0.06642436981201172
2686,paper,2.2798471450805664,3.945328950881958,1.6654818058013916
2687,code,0.909500002861023,1.2004238367080688,0.2909238338470459
2688,math,1.407936453819275,1.829747200012207,0.42181074619293213
2689,wiki,3.0979161262512207,3.321106433868408,0.2231903076171875
2690,news,3.295988082885742,3.599261999130249,0.30327391624450684
2691,reviews,3.954941749572754,4.0936760902404785,0.1387343406677246
2692,paper,3.2139463424682617,4.621999740600586,1.4080533981323242
2693,code,1.6002856492996216,2.143310785293579,0.5430251359939575
2694,math,2.2328217029571533,2.484269857406616,0.2514481544494629
2695,wiki,2.757850170135498,3.6466078758239746,0.8887577056884766
2696,news,2.967698574066162,3.288409948348999,0.3207113742828369
2697,reviews,3.515895128250122,3.620950937271118,0.1050558090209961
2698,paper,2.5004818439483643,3.810817241668701,1.310335397720337
2699,code,1.6997753381729126,1.8102635145187378,0.1104881763458252
2700,math,1.3420158624649048,1.6004501581192017,0.2584342956542969
2701,wiki,2.9078474044799805,3.7818500995635986,0.8740026950836182
2702,news,4.331535816192627,4.851519584655762,0.5199837684631348
2703,reviews,3.920041561126709,4.107124328613281,0.18708276748657227
2704,paper,2.5890719890594482,4.170952320098877,1.5818803310394287
2705,code,1.148616075515747,1.8966262340545654,0.7480101585388184
2706,math,1.461103081703186,2.02498197555542,0.5638788938522339
2707,wiki,3.200169086456299,4.108527183532715,0.908358097076416
2708,news,3.4426326751708984,3.7296416759490967,0.28700900077819824
2709,reviews,3.6662540435791016,3.8463752269744873,0.18012118339538574
2710,paper,2.3948819637298584,3.76002836227417,1.3651463985443115
2711,code,1.4234875440597534,1.9323759078979492,0.5088883638381958
2712,math,1.287803053855896,1.780127763748169,0.49232470989227295
2713,wiki,3.488701581954956,3.752145528793335,0.2634439468383789
2714,news,2.882768392562866,3.1983373165130615,0.3155689239501953
2715,reviews,3.2119510173797607,3.3431801795959473,0.13122916221618652
2716,paper,3.219759225845337,4.587088108062744,1.3673288822174072
2717,code,1.4135485887527466,1.4633080959320068,0.049759507179260254
2718,math,1.035536289215088,1.3176918029785156,0.28215551376342773
2719,wiki,2.846656084060669,3.1289820671081543,0.28232598304748535
2720,news,3.2776095867156982,3.6727423667907715,0.39513278007507324
2721,reviews,3.653963804244995,3.7839624881744385,0.12999868392944336
2722,paper,2.646512508392334,4.141315937042236,1.4948034286499023
2723,code,1.4934654235839844,2.099504232406616,0.6060388088226318
2724,math,1.832252860069275,2.358468532562256,0.526215672492981
2725,wiki,3.365457534790039,4.251776218414307,0.8863186836242676
2726,news,1.9908559322357178,2.403425693511963,0.4125697612762451
2727,reviews,3.6699631214141846,3.8364312648773193,0.16646814346313477
2728,paper,2.2957873344421387,3.442685127258301,1.146897792816162
2729,code,1.3412983417510986,1.9337501525878906,0.592451810836792
2730,math,2.165609836578369,2.564727544784546,0.39911770820617676
2731,wiki,3.1042051315307617,3.2971057891845703,0.1929006576538086
2732,news,3.368504762649536,3.6943676471710205,0.3258628845214844
2733,reviews,4.582338809967041,4.662133693695068,0.07979488372802734
2734,paper,2.4076268672943115,4.194967269897461,1.7873404026031494
2735,code,0.9475334286689758,1.2483108043670654,0.3007773756980896
2736,math,1.5742363929748535,1.9927141666412354,0.41847777366638184
2737,wiki,3.5408430099487305,3.5800375938415527,0.039194583892822266
2738,news,2.5594968795776367,3.045680284500122,0.48618340492248535
2739,reviews,3.8794660568237305,3.9270894527435303,0.047623395919799805
2740,paper,2.887953758239746,4.323800563812256,1.4358468055725098
2741,code,1.1613311767578125,1.6333224773406982,0.47199130058288574
2742,math,1.295104742050171,1.7743197679519653,0.47921502590179443
2743,wiki,2.95540714263916,3.473021984100342,0.5176148414611816
2744,news,2.997868537902832,3.50933837890625,0.511469841003418
2745,reviews,4.367385387420654,4.454230308532715,0.08684492111206055
2746,paper,3.566348075866699,4.878626823425293,1.3122787475585938
2747,code,1.6538076400756836,2.333887815475464,0.6800801753997803
2748,math,1.5425068140029907,1.9120975732803345,0.36959075927734375
2749,wiki,3.434603452682495,3.9925005435943604,0.5578970909118652
2750,news,3.3407785892486572,3.5526278018951416,0.21184921264648438
2751,reviews,3.804300546646118,3.932006359100342,0.12770581245422363
2752,paper,3.4260518550872803,5.176328182220459,1.7502763271331787
2753,code,1.5683120489120483,2.124110698699951,0.5557986497879028
2754,math,1.6732172966003418,2.0764553546905518,0.40323805809020996
2755,wiki,3.8054299354553223,4.022947311401367,0.21751737594604492
2756,news,3.5862085819244385,3.7837514877319336,0.19754290580749512
2757,reviews,3.274665355682373,3.3689470291137695,0.09428167343139648
2758,paper,3.0403010845184326,4.412531852722168,1.3722307682037354
2759,code,0.922720193862915,1.5005425214767456,0.5778223276138306
2760,math,2.050307035446167,2.3738436698913574,0.32353663444519043
2761,wiki,3.739757776260376,3.9054629802703857,0.16570520401000977
2762,news,3.5091419219970703,3.735822916030884,0.22668099403381348
2763,reviews,2.6424343585968018,2.7434115409851074,0.10097718238830566
2764,paper,2.5973715782165527,2.924497604370117,0.32712602615356445
2765,code,1.4900884628295898,2.0918960571289062,0.6018075942993164
2766,math,1.7706507444381714,2.055579423904419,0.28492867946624756
2767,wiki,3.006528377532959,3.8248472213745117,0.8183188438415527
2768,news,3.4348392486572266,3.9234628677368164,0.48862361907958984
2769,reviews,2.8327417373657227,3.0522682666778564,0.2195265293121338
2770,paper,2.2959558963775635,2.650975227355957,0.35501933097839355
2771,code,1.786898136138916,2.498459815979004,0.7115616798400879
2772,math,1.8066551685333252,2.209402084350586,0.40274691581726074
2773,wiki,2.772124767303467,3.181586265563965,0.40946149826049805
2774,news,3.4239535331726074,3.831157922744751,0.40720438957214355
2775,reviews,2.979172468185425,3.0835556983947754,0.10438323020935059
2776,paper,2.8237242698669434,3.636798858642578,0.8130745887756348
2777,code,1.2232245206832886,1.6705421209335327,0.44731760025024414
2778,math,1.2264397144317627,1.536486029624939,0.31004631519317627
2779,wiki,2.721130847930908,3.1297852993011475,0.40865445137023926
2780,news,3.693756341934204,4.066473007202148,0.37271666526794434
2781,reviews,3.634066343307495,3.6382715702056885,0.004205226898193359
2782,paper,3.1594550609588623,4.388517379760742,1.2290623188018799
2783,code,1.4147106409072876,2.0199499130249023,0.6052392721176147
2784,math,1.5216273069381714,2.048133611679077,0.5265063047409058
2785,wiki,3.0788896083831787,4.0887346267700195,1.0098450183868408
2786,news,3.905395030975342,4.3182148933410645,0.41281986236572266
2787,reviews,4.017825603485107,4.1218390464782715,0.10401344299316406
2788,paper,2.1771011352539062,2.7358224391937256,0.5587213039398193
2789,code,1.2364541292190552,1.5093975067138672,0.272943377494812
2790,math,1.1502577066421509,1.3149569034576416,0.16469919681549072
2791,wiki,2.450352191925049,2.837667942047119,0.3873157501220703
2792,news,3.844247817993164,3.8119356632232666,-0.03231215476989746
2793,reviews,3.39662504196167,3.4275894165039062,0.030964374542236328
2794,paper,2.080378532409668,2.6373062133789062,0.5569276809692383
2795,code,1.0581042766571045,1.6420578956604004,0.5839536190032959
2796,math,1.711727499961853,2.194463014602661,0.4827355146408081
2797,wiki,2.2132742404937744,2.350759983062744,0.13748574256896973
2798,news,4.131071090698242,4.511936664581299,0.38086557388305664
2799,reviews,3.138535976409912,3.2707107067108154,0.13217473030090332
2800,paper,2.8369059562683105,3.7427661418914795,0.905860185623169
2801,code,1.6530215740203857,2.2492079734802246,0.5961863994598389
2802,math,1.2329281568527222,1.5971499681472778,0.36422181129455566
2803,wiki,2.4425907135009766,2.7904129028320312,0.3478221893310547
2804,news,3.5207345485687256,3.646313190460205,0.1255786418914795
2805,reviews,3.2493624687194824,3.315624713897705,0.06626224517822266
2806,paper,3.232419967651367,4.5365729331970215,1.3041529655456543
2807,code,1.2595244646072388,1.2839245796203613,0.02440011501312256
2808,math,1.812995195388794,2.027596950531006,0.21460175514221191
2809,wiki,2.495358467102051,2.8772506713867188,0.38189220428466797
2810,news,4.169130802154541,4.359617233276367,0.19048643112182617
2811,reviews,3.3609321117401123,3.4768226146698,0.1158905029296875
2812,paper,3.0687124729156494,4.5896830558776855,1.5209705829620361
2813,code,1.6723158359527588,2.083897113800049,0.41158127784729004
2814,math,1.4427111148834229,1.6092735528945923,0.16656243801116943
2815,wiki,2.593453884124756,3.5187556743621826,0.9253017902374268
2816,news,3.4139533042907715,3.550668954849243,0.13671565055847168
2817,reviews,3.4204769134521484,3.539090871810913,0.11861395835876465
2818,paper,3.3233373165130615,4.683923244476318,1.3605859279632568
2819,code,1.758599042892456,2.3060600757598877,0.5474610328674316
2820,math,1.915671467781067,2.2607996463775635,0.3451281785964966
2821,wiki,2.7825043201446533,3.0866329669952393,0.30412864685058594
2822,news,2.9619929790496826,3.391404151916504,0.4294111728668213
2823,reviews,3.0837647914886475,3.181492805480957,0.09772801399230957
2824,paper,3.551893472671509,5.141180515289307,1.5892870426177979
2825,code,1.3377113342285156,1.5682541131973267,0.23054277896881104
2826,math,1.9790524244308472,2.165417194366455,0.1863647699356079
2827,wiki,2.9522604942321777,3.116525650024414,0.16426515579223633
2828,news,3.257843255996704,3.5746052265167236,0.31676197052001953
2829,reviews,3.637855291366577,3.7334067821502686,0.0955514907836914
2830,paper,3.6631412506103516,5.272010326385498,1.6088690757751465
2831,code,1.3706756830215454,1.5455331802368164,0.174857497215271
2832,math,1.365786075592041,1.6711173057556152,0.3053312301635742
2833,wiki,2.825608968734741,3.3677313327789307,0.5421223640441895
2834,news,3.8976805210113525,4.297421455383301,0.39974093437194824
2835,reviews,4.420237064361572,4.520061016082764,0.0998239517211914
2836,paper,1.8015391826629639,3.3847522735595703,1.5832130908966064
2837,code,1.5474522113800049,1.878348469734192,0.330896258354187
2838,math,0.9944117665290833,1.2549247741699219,0.2605130076408386
2839,wiki,2.6736888885498047,3.0259695053100586,0.3522806167602539
2840,news,3.431732416152954,3.8440487384796143,0.41231632232666016
2841,reviews,3.3836629390716553,3.5261335372924805,0.1424705982208252
2842,paper,2.0445945262908936,3.354214906692505,1.3096203804016113
2843,code,0.9231875538825989,0.8636617064476013,-0.05952584743499756
2844,math,1.3483879566192627,1.6456712484359741,0.2972832918167114
2845,wiki,3.0775890350341797,3.5768227577209473,0.4992337226867676
2846,news,3.5434770584106445,3.875471591949463,0.33199453353881836
2847,reviews,3.6158840656280518,3.7722537517547607,0.15636968612670898
2848,paper,3.1155214309692383,4.479924201965332,1.3644027709960938
2849,code,0.9791802763938904,1.1992186307907104,0.22003835439682007
2850,math,1.1829062700271606,1.4683703184127808,0.2854640483856201
2851,wiki,2.73404860496521,2.9022812843322754,0.16823267936706543
2852,news,4.1447434425354,4.397801876068115,0.25305843353271484
2853,reviews,3.654222011566162,3.8070454597473145,0.15282344818115234
2854,paper,2.728752374649048,3.753263235092163,1.0245108604431152
2855,code,1.2247697114944458,1.6452187299728394,0.42044901847839355
2856,math,1.5132789611816406,2.070827007293701,0.5575480461120605
2857,wiki,2.9272446632385254,3.0637872219085693,0.13654255867004395
2858,news,2.362039566040039,2.862349510192871,0.500309944152832
2859,reviews,4.604551315307617,4.649726390838623,0.04517507553100586
2860,paper,1.9815059900283813,3.523585081100464,1.5420790910720825
2861,code,1.4861952066421509,2.0429606437683105,0.5567654371261597
2862,math,1.2983155250549316,1.9808751344680786,0.682559609413147
2863,wiki,2.802410364151001,3.541459321975708,0.739048957824707
2864,news,4.496304035186768,5.048261642456055,0.5519576072692871
2865,reviews,4.1144819259643555,4.205441951751709,0.09096002578735352
2866,paper,1.6737321615219116,3.8532211780548096,2.179489016532898
2867,code,1.0431745052337646,1.5879038572311401,0.5447293519973755
2868,math,1.3538933992385864,1.7388523817062378,0.38495898246765137
2869,wiki,3.2434418201446533,3.5116212368011475,0.26817941665649414
2870,news,3.371652364730835,3.6787641048431396,0.3071117401123047
2871,reviews,4.1154465675354,4.190544605255127,0.07509803771972656
2872,paper,1.4213013648986816,3.76080584526062,2.3395044803619385
2873,code,0.7391142249107361,1.0225188732147217,0.2834046483039856
2874,math,1.0598938465118408,1.5174092054367065,0.4575153589248657
2875,wiki,2.6487560272216797,3.5429270267486572,0.8941709995269775
2876,news,3.0864546298980713,3.4800803661346436,0.39362573623657227
2877,reviews,3.7560675144195557,3.9447522163391113,0.18868470191955566
2878,paper,1.47174870967865,3.6604812145233154,2.1887325048446655
2879,code,1.3418266773223877,2.0255987644195557,0.683772087097168
2880,math,1.7484130859375,2.020181894302368,0.27176880836486816
2881,wiki,3.411139488220215,3.4375860691070557,0.02644658088684082
2882,news,3.7540295124053955,4.147667407989502,0.39363789558410645
2883,reviews,3.374833345413208,3.4663360118865967,0.09150266647338867
2884,paper,2.5532448291778564,3.129559278488159,0.5763144493103027
2885,code,1.6651554107666016,2.246936798095703,0.5817813873291016
2886,math,1.3013454675674438,1.375466227531433,0.07412075996398926
2887,wiki,3.712297201156616,3.699209690093994,-0.01308751106262207
2888,news,3.7390007972717285,3.95072865486145,0.21172785758972168
2889,reviews,3.5227575302124023,3.627807140350342,0.10504961013793945
2890,paper,3.443826913833618,5.270807266235352,1.8269803524017334
2891,code,1.9019906520843506,2.5092477798461914,0.6072571277618408
2892,math,1.0731886625289917,1.2926357984542847,0.21944713592529297
2893,wiki,3.0461740493774414,3.375364303588867,0.3291902542114258
2894,news,3.8532769680023193,4.132026195526123,0.2787492275238037
2895,reviews,3.689896821975708,3.7588791847229004,0.06898236274719238
2896,paper,2.9048972129821777,4.438389301300049,1.533492088317871
2897,code,1.8159511089324951,2.280116319656372,0.46416521072387695
2898,math,1.0220952033996582,1.4083740711212158,0.3862788677215576
2899,wiki,3.378358840942383,4.071459770202637,0.6931009292602539
2900,news,3.533447504043579,3.8698928356170654,0.33644533157348633
2901,reviews,4.303929805755615,4.39559268951416,0.09166288375854492
2902,paper,2.8631765842437744,3.9608097076416016,1.0976331233978271
2903,code,1.3337453603744507,2.029456853866577,0.6957114934921265
2904,math,1.3751866817474365,1.620928168296814,0.24574148654937744
2905,wiki,2.7564377784729004,2.9806368350982666,0.2241990566253662
2906,news,3.806819438934326,4.011441707611084,0.2046222686767578
2907,reviews,3.8404629230499268,3.914998769760132,0.07453584671020508
2908,paper,3.227031946182251,4.474099636077881,1.2470676898956299
2909,code,0.9093832969665527,1.2041457891464233,0.2947624921798706
2910,math,1.4700208902359009,1.9887199401855469,0.518699049949646
2911,wiki,3.092081308364868,3.7189557552337646,0.6268744468688965
2912,news,4.066293239593506,4.252331733703613,0.18603849411010742
2913,reviews,3.6408274173736572,3.7825605869293213,0.14173316955566406
2914,paper,3.287902355194092,4.888067245483398,1.6001648902893066
2915,code,1.794880747795105,2.040339469909668,0.245458722114563
2916,math,1.742784857749939,2.133812427520752,0.391027569770813
2917,wiki,3.3808319568634033,3.5260653495788574,0.1452333927154541
2918,news,3.548927068710327,3.7651755809783936,0.2162485122680664
2919,reviews,3.629805326461792,3.676478862762451,0.04667353630065918
2920,paper,3.2553648948669434,5.229675769805908,1.9743108749389648
2921,code,1.4616405963897705,1.6347159147262573,0.17307531833648682
2922,math,1.5571234226226807,2.231564998626709,0.6744415760040283
2923,wiki,3.392087697982788,4.287412166595459,0.8953244686126709
2924,news,2.935389280319214,3.382998466491699,0.44760918617248535
2925,reviews,4.25661563873291,4.300224304199219,0.043608665466308594
2926,paper,2.7449638843536377,4.414379596710205,1.6694157123565674
2927,code,1.4778950214385986,1.9977556467056274,0.5198606252670288
2928,math,1.189715027809143,1.5222676992416382,0.3325526714324951
2929,wiki,2.860827922821045,3.181647777557373,0.3208198547363281
2930,news,3.019012689590454,3.4866459369659424,0.4676332473754883
2931,reviews,3.094104290008545,3.1906771659851074,0.0965728759765625
2932,paper,1.9825974702835083,3.5471749305725098,1.5645774602890015
2933,code,0.9167247414588928,0.9569904804229736,0.04026573896408081
2934,math,1.589841365814209,2.0552124977111816,0.46537113189697266
2935,wiki,2.7552521228790283,3.526587724685669,0.7713356018066406
2936,news,3.087463855743408,3.179251194000244,0.09178733825683594
2937,reviews,3.4092214107513428,3.4582619667053223,0.04904055595397949
2938,paper,3.0006000995635986,4.361802101135254,1.3612020015716553
2939,code,0.7756989002227783,0.8316943645477295,0.05599546432495117
2940,math,1.2589205503463745,1.618049144744873,0.35912859439849854
2941,wiki,2.9041452407836914,3.714362859725952,0.8102176189422607
2942,news,3.431994676589966,3.7511277198791504,0.31913304328918457
2943,reviews,3.913280487060547,3.9351818561553955,0.021901369094848633
2944,paper,2.8799660205841064,4.427338600158691,1.547372579574585
2945,code,1.4896531105041504,2.1306040287017822,0.6409509181976318
2946,math,1.0091646909713745,1.3948979377746582,0.3857332468032837
2947,wiki,3.1323471069335938,3.286787748336792,0.15444064140319824
2948,news,3.628258228302002,4.070016384124756,0.4417581558227539
2949,reviews,3.8974082469940186,3.981104850769043,0.08369660377502441
2950,paper,2.819236993789673,3.7695224285125732,0.9502854347229004
2951,code,1.1430344581604004,1.5874660015106201,0.4444315433502197
2952,math,1.4116969108581543,1.6431224346160889,0.23142552375793457
2953,wiki,3.3233766555786133,3.9783880710601807,0.6550114154815674
2954,news,3.7011969089508057,4.074928283691406,0.3737313747406006
2955,reviews,3.577955961227417,3.6674416065216064,0.08948564529418945
2956,paper,2.7570948600769043,4.22328519821167,1.4661903381347656
2957,code,1.2482984066009521,1.8633230924606323,0.6150246858596802
2958,math,1.5205596685409546,2.1327264308929443,0.6121667623519897
2959,wiki,3.638517379760742,3.801450252532959,0.1629328727722168
2960,news,4.3394036293029785,4.567558765411377,0.22815513610839844
2961,reviews,3.416602849960327,3.476853847503662,0.06025099754333496
2962,paper,2.319964647293091,3.570380687713623,1.2504160404205322
2963,code,1.2343472242355347,1.555358648300171,0.32101142406463623
2964,math,1.753255009651184,2.2855403423309326,0.5322853326797485
2965,wiki,2.6487808227539062,3.688213348388672,1.0394325256347656
2966,news,3.170524835586548,3.316741704940796,0.14621686935424805
2967,reviews,3.628135919570923,3.8398854732513428,0.21174955368041992
2968,paper,2.192408323287964,3.5520429611206055,1.3596346378326416
2969,code,1.4526598453521729,1.9509598016738892,0.4982999563217163
2970,math,1.1757746934890747,1.4824045896530151,0.30662989616394043
2971,wiki,2.7073466777801514,2.752859354019165,0.04551267623901367
2972,news,3.0484230518341064,3.3785760402679443,0.3301529884338379
2973,reviews,4.15779447555542,4.234922409057617,0.07712793350219727
2974,paper,2.259202480316162,3.7729263305664062,1.5137238502502441
2975,code,1.6632875204086304,2.3686935901641846,0.7054060697555542
2976,math,1.6258412599563599,2.257952928543091,0.632111668586731
2977,wiki,3.5688514709472656,3.956655502319336,0.3878040313720703
2978,news,3.245326280593872,3.6886966228485107,0.44337034225463867
2979,reviews,3.407930612564087,3.535207748413086,0.12727713584899902
2980,paper,2.814969301223755,4.314138412475586,1.499169111251831
2981,code,1.2556195259094238,1.859793782234192,0.6041742563247681
2982,math,1.7281825542449951,2.179473876953125,0.4512913227081299
2983,wiki,2.9906022548675537,3.6745779514312744,0.6839756965637207
2984,news,2.9952328205108643,3.4076433181762695,0.4124104976654053
2985,reviews,3.630516529083252,3.845855474472046,0.21533894538879395
2986,paper,3.539202928543091,5.113653182983398,1.5744502544403076
2987,code,1.7045708894729614,2.338397264480591,0.6338263750076294
2988,math,1.2812048196792603,1.5697423219680786,0.28853750228881836
2989,wiki,2.5732839107513428,2.8262836933135986,0.25299978256225586
2990,news,4.326915264129639,4.6157426834106445,0.28882741928100586
2991,reviews,3.5067577362060547,3.687427043914795,0.18066930770874023
2992,paper,2.549691915512085,3.994805097579956,1.445113182067871
2993,code,2.182600975036621,2.819453239440918,0.6368522644042969
2994,math,1.2389034032821655,1.7935497760772705,0.554646372795105
2995,wiki,3.140084981918335,3.498972177505493,0.3588871955871582
2996,news,3.4193201065063477,3.8426499366760254,0.42332983016967773
2997,reviews,3.7847518920898438,3.8367083072662354,0.0519564151763916
2998,paper,2.7631399631500244,4.631264686584473,1.8681247234344482
2999,code,1.0753360986709595,1.5199596881866455,0.44462358951568604
3000,math,1.7147337198257446,1.9563212394714355,0.24158751964569092
3001,wiki,3.1339504718780518,3.914944887161255,0.7809944152832031
3002,news,4.1323771476745605,4.453112602233887,0.32073545455932617
3003,reviews,4.2656168937683105,4.325586318969727,0.059969425201416016
3004,paper,2.246610403060913,3.404813051223755,1.1582026481628418
3005,code,1.5542004108428955,2.0062456130981445,0.452045202255249
3006,math,1.770042061805725,2.3160898685455322,0.5460478067398071
3007,wiki,3.174981117248535,3.736698627471924,0.5617175102233887
3008,news,3.8747975826263428,4.337287425994873,0.4624898433685303
3009,reviews,3.6698288917541504,3.7638425827026367,0.09401369094848633
3010,paper,2.64467716217041,4.0722503662109375,1.4275732040405273
3011,code,1.180308222770691,1.6253066062927246,0.4449983835220337
3012,math,1.8702068328857422,2.176332712173462,0.3061258792877197
3013,wiki,3.4247069358825684,3.5947773456573486,0.17007040977478027
3014,news,3.5274248123168945,3.8574864864349365,0.330061674118042
3015,reviews,3.5521042346954346,3.660691738128662,0.10858750343322754
3016,paper,2.351888656616211,3.9858593940734863,1.6339707374572754
3017,code,0.9984723329544067,1.5178779363632202,0.5194056034088135
3018,math,2.0070290565490723,2.3230175971984863,0.31598854064941406
3019,wiki,2.919748306274414,3.5083181858062744,0.5885698795318604
3020,news,3.516956329345703,4.065839767456055,0.5488834381103516
3021,reviews,4.386188507080078,4.389774322509766,0.0035858154296875
3022,paper,2.3547306060791016,3.680987596511841,1.3262569904327393
3023,code,1.1630345582962036,1.2596189975738525,0.09658443927764893
3024,math,1.015934705734253,1.4393293857574463,0.42339468002319336
3025,wiki,3.8996589183807373,4.08149528503418,0.18183636665344238
3026,news,4.082798004150391,4.5196685791015625,0.4368705749511719
3027,reviews,4.065113544464111,4.150978088378906,0.08586454391479492
3028,paper,2.6266260147094727,4.046592712402344,1.419966697692871
3029,code,1.5599137544631958,2.0025558471679688,0.44264209270477295
3030,math,1.3929588794708252,1.6552388668060303,0.2622799873352051
3031,wiki,3.2268025875091553,3.5447988510131836,0.3179962635040283
3032,news,4.314435005187988,4.897185325622559,0.5827503204345703
3033,reviews,3.5444436073303223,3.663888454437256,0.1194448471069336
3034,paper,2.8761563301086426,4.553090572357178,1.6769342422485352
3035,code,1.005340814590454,1.475418210029602,0.47007739543914795
3036,math,1.2297344207763672,1.684187650680542,0.4544532299041748
3037,wiki,3.6067731380462646,3.891045093536377,0.2842719554901123
3038,news,3.5695667266845703,4.003864765167236,0.434298038482666
3039,reviews,3.981898307800293,4.038323402404785,0.05642509460449219
3040,paper,2.1492362022399902,3.9659698009490967,1.8167335987091064
3041,code,1.4902050495147705,2.1958611011505127,0.7056560516357422
3042,math,1.5667585134506226,1.8348580598831177,0.2680995464324951
3043,wiki,3.37090802192688,3.4198691844940186,0.04896116256713867
3044,news,1.8356804847717285,1.8991127014160156,0.06343221664428711
3045,reviews,4.006280422210693,4.106148719787598,0.0998682975769043
3046,paper,2.123833656311035,3.945328950881958,1.8214952945709229
3047,code,1.106351613998413,1.7447394132614136,0.6383877992630005
3048,math,1.510679841041565,1.952410101890564,0.441730260848999
3049,wiki,3.650277614593506,3.658538579940796,0.008260965347290039
3050,news,3.7924745082855225,4.160493850708008,0.36801934242248535
3051,reviews,3.2187716960906982,3.3112738132476807,0.09250211715698242
3052,paper,3.086941719055176,4.621999740600586,1.5350580215454102
3053,code,1.4804885387420654,2.093266487121582,0.6127779483795166
3054,math,1.41387140750885,1.7098028659820557,0.29593145847320557
3055,wiki,3.1826493740081787,3.9038500785827637,0.721200704574585
3056,news,3.9382176399230957,4.173318386077881,0.23510074615478516
3057,reviews,3.4557957649230957,3.5080149173736572,0.05221915245056152
3058,paper,2.3906567096710205,3.810817241668701,1.4201605319976807
3059,code,1.4508625268936157,2.1178510189056396,0.6669884920120239
3060,math,1.4006993770599365,1.7706942558288574,0.3699948787689209
3061,wiki,3.3280739784240723,3.7479114532470703,0.41983747482299805
3062,news,3.668273448944092,3.803722381591797,0.13544893264770508
3063,reviews,3.1323370933532715,3.162226438522339,0.029889345169067383
3064,paper,2.3999812602996826,4.170952320098877,1.7709710597991943
3065,code,2.1938023567199707,2.8783228397369385,0.6845204830169678
3066,math,1.3212597370147705,1.7129547595977783,0.3916950225830078
3067,wiki,2.77866268157959,3.3513481616973877,0.5726854801177979
3068,news,3.475576877593994,4.057369232177734,0.5817923545837402
3069,reviews,3.2471721172332764,3.375380516052246,0.12820839881896973
3070,paper,2.2515435218811035,3.76002836227417,1.5084848403930664
3071,code,1.0472111701965332,1.3324350118637085,0.2852238416671753
3072,math,1.1199482679367065,1.4353865385055542,0.31543827056884766
3073,wiki,3.972031354904175,4.234865188598633,0.262833833694458
3074,news,3.6290359497070312,4.15521764755249,0.526181697845459
3075,reviews,3.9195010662078857,4.025427341461182,0.1059262752532959
3076,paper,3.0652942657470703,4.587088108062744,1.5217938423156738
3077,code,1.348493218421936,1.7130632400512695,0.3645700216293335
3078,math,1.493042230606079,2.0329103469848633,0.5398681163787842
3079,wiki,3.512010097503662,3.8527486324310303,0.34073853492736816
3080,news,3.4794723987579346,3.9755258560180664,0.49605345726013184
3081,reviews,3.533271312713623,3.6572141647338867,0.12394285202026367
3082,paper,2.517146110534668,4.141315937042236,1.6241698265075684
3083,code,1.2228929996490479,1.8074591159820557,0.5845661163330078
3084,math,1.1640843152999878,1.5525954961776733,0.38851118087768555
3085,wiki,3.2884390354156494,4.123770236968994,0.8353312015533447
3086,news,3.5220091342926025,3.77298903465271,0.2509799003601074
3087,reviews,3.725252866744995,3.7705554962158203,0.045302629470825195
3088,paper,2.2027587890625,3.442685127258301,1.2399263381958008
3089,code,1.3658366203308105,1.8966951370239258,0.5308585166931152
3090,math,1.056904673576355,1.276702880859375,0.21979820728302002
3091,wiki,3.4668891429901123,3.715214967727661,0.24832582473754883
3092,news,3.4258384704589844,3.9630980491638184,0.537259578704834
3093,reviews,4.006498336791992,4.064298152923584,0.0577998161315918
3094,paper,2.289461374282837,4.194967269897461,1.905505895614624
3095,code,1.1605676412582397,1.4419445991516113,0.2813769578933716
3096,math,1.325608491897583,2.0711991786956787,0.7455906867980957
3097,wiki,3.430844306945801,3.8482370376586914,0.4173927307128906
3098,news,3.3250763416290283,3.6136560440063477,0.28857970237731934
3099,reviews,3.4338316917419434,3.6116673946380615,0.17783570289611816
3100,paper,2.7237393856048584,4.323800563812256,1.6000611782073975
3101,code,1.0214511156082153,1.6688213348388672,0.6473702192306519
3102,math,1.6162008047103882,2.342115879058838,0.7259150743484497
3103,wiki,3.11148738861084,3.2731544971466064,0.1616671085357666
3104,news,3.5418200492858887,3.975133180618286,0.43331313133239746
3105,reviews,3.668516159057617,3.7581405639648438,0.08962440490722656
3106,paper,3.4367904663085938,4.878626823425293,1.4418363571166992
3107,code,1.352820634841919,2.003263473510742,0.6504428386688232
3108,math,1.2163758277893066,1.5907917022705078,0.37441587448120117
3109,wiki,3.7422080039978027,4.04217004776001,0.29996204376220703
3110,news,3.5365254878997803,3.917381763458252,0.3808562755584717
3111,reviews,3.9295289516448975,3.9764633178710938,0.04693436622619629
3112,paper,3.214763879776001,5.176328182220459,1.961564302444458
3113,code,0.6079484820365906,1.159883737564087,0.5519352555274963
3114,math,1.2337958812713623,1.6723283529281616,0.4385324716567993
3115,wiki,3.639368772506714,4.326956272125244,0.6875874996185303
3116,news,3.8215491771698,4.351304054260254,0.5297548770904541
3117,reviews,4.153665065765381,4.2201642990112305,0.06649923324584961
3118,paper,2.8945372104644775,4.412531852722168,1.5179946422576904
3119,code,1.4789206981658936,1.9904576539993286,0.5115369558334351
3120,math,1.9904412031173706,2.3780767917633057,0.38763558864593506
3121,wiki,3.7886507511138916,3.8909201622009277,0.10226941108703613
3122,news,3.0271341800689697,3.4519059658050537,0.424771785736084
3123,reviews,4.192445278167725,4.317841053009033,0.1253957748413086
3124,paper,2.5511887073516846,2.924497604370117,0.3733088970184326
3125,code,1.8469247817993164,2.420835018157959,0.5739102363586426
3126,math,1.4371919631958008,1.7602726221084595,0.3230806589126587
3127,wiki,3.696765899658203,4.002612590789795,0.3058466911315918
3128,news,3.3003430366516113,3.680600881576538,0.38025784492492676
3129,reviews,3.0436015129089355,3.2416329383850098,0.19803142547607422
3130,paper,2.26665997505188,2.650975227355957,0.38431525230407715
3131,code,1.1603193283081055,1.634552001953125,0.47423267364501953
3132,math,1.9034368991851807,2.3850631713867188,0.4816262722015381
3133,wiki,3.8823516368865967,3.9153082370758057,0.032956600189208984
3134,news,3.867473840713501,4.252934455871582,0.38546061515808105
3135,reviews,3.915072202682495,4.0187153816223145,0.10364317893981934
3136,paper,2.728489637374878,3.636798858642578,0.9083092212677002
3137,code,1.394243597984314,2.005925416946411,0.6116818189620972
3138,math,1.4889228343963623,1.6837501525878906,0.19482731819152832
3139,wiki,4.050029754638672,4.509671211242676,0.4596414566040039
3140,news,3.9488685131073,4.265488624572754,0.3166201114654541
3141,reviews,3.298419237136841,3.3385889530181885,0.040169715881347656
3142,paper,2.9691226482391357,4.388517379760742,1.4193947315216064
3143,code,0.7429278492927551,1.1070549488067627,0.36412709951400757
3144,math,1.5809943675994873,2.132467031478882,0.5514726638793945
3145,wiki,4.507806777954102,4.812352180480957,0.30454540252685547
3146,news,3.5475807189941406,3.702458620071411,0.1548779010772705
3147,reviews,2.870492935180664,2.942009687423706,0.07151675224304199
3148,paper,2.0800013542175293,2.7358224391937256,0.6558210849761963
3149,code,0.8935772776603699,1.3430171012878418,0.4494398236274719
3150,math,1.6923638582229614,2.065375804901123,0.3730119466781616
3151,wiki,2.443523645401001,3.169644355773926,0.7261207103729248
3152,news,4.348103046417236,4.383448600769043,0.03534555435180664
3153,reviews,4.004538536071777,4.199249744415283,0.19471120834350586
3154,paper,2.0178756713867188,2.6373062133789062,0.6194305419921875
3155,code,1.0532164573669434,1.4710465669631958,0.41783010959625244
3156,math,1.2828350067138672,1.7176923751831055,0.4348573684692383
3157,wiki,2.8752081394195557,2.9560739994049072,0.08086585998535156
3158,news,3.8240950107574463,4.1083478927612305,0.2842528820037842
3159,reviews,3.64860463142395,3.72135853767395,0.07275390625
3160,paper,2.7629806995391846,3.7427661418914795,0.9797854423522949
3161,code,1.2097574472427368,1.8101603984832764,0.6004029512405396
3162,math,1.8426969051361084,2.191082239151001,0.3483853340148926
3163,wiki,3.301941394805908,3.631711483001709,0.3297700881958008
3164,news,2.794008493423462,3.053400993347168,0.25939249992370605
3165,reviews,4.0337300300598145,4.1927337646484375,0.15900373458862305
3166,paper,3.120542049407959,4.5365729331970215,1.4160308837890625
3167,code,0.9390985369682312,1.3099403381347656,0.3708418011665344
3168,math,1.4571322202682495,1.6477349996566772,0.19060277938842773
3169,wiki,3.5151772499084473,3.5392987728118896,0.024121522903442383
3170,news,3.635301113128662,3.978194236755371,0.342893123626709
3171,reviews,4.3949055671691895,4.449628829956055,0.054723262786865234
3172,paper,2.888592004776001,4.5896830558776855,1.7010910511016846
3173,code,1.1033051013946533,1.539607048034668,0.43630194664001465
3174,math,2.0258371829986572,2.4059536457061768,0.38011646270751953
3175,wiki,3.369098663330078,4.157644748687744,0.788546085357666
3176,news,4.4357709884643555,4.81508207321167,0.37931108474731445
3177,reviews,3.395416498184204,3.503876209259033,0.1084597110748291
3178,paper,3.1711502075195312,4.683923244476318,1.512773036956787
3179,code,1.1213773488998413,1.4898121356964111,0.3684347867965698
3180,math,1.757677674293518,2.045539379119873,0.287861704826355
3181,wiki,3.7035088539123535,3.8268277645111084,0.12331891059875488
3182,news,4.243287563323975,4.555500507354736,0.3122129440307617
3183,reviews,3.4750635623931885,3.593684196472168,0.11862063407897949
3184,paper,3.404966115951538,5.141180515289307,1.7362143993377686
3185,code,1.0356765985488892,1.4651943445205688,0.4295177459716797
3186,math,1.6251362562179565,2.149592399597168,0.5244561433792114
3187,wiki,3.480515241622925,3.659177303314209,0.17866206169128418
3188,news,4.519345760345459,4.635293960571289,0.11594820022583008
3189,reviews,3.6155405044555664,3.7982287406921387,0.18268823623657227
3190,paper,3.4547417163848877,5.272010326385498,1.8172686100006104
3191,code,1.2139877080917358,1.8665179014205933,0.6525301933288574
3192,math,1.4365407228469849,1.9525314569473267,0.5159907341003418
3193,wiki,3.1918416023254395,3.9387154579162598,0.7468738555908203
3194,news,4.117834568023682,4.184981822967529,0.06714725494384766
3195,reviews,3.82649827003479,3.85870099067688,0.032202720642089844
3196,paper,1.6702741384506226,3.3847522735595703,1.7144781351089478
3197,code,1.6481680870056152,1.8963844776153564,0.2482163906097412
3198,math,1.2024658918380737,1.7265342473983765,0.5240683555603027
3199,wiki,2.9538722038269043,3.066182851791382,0.11231064796447754
3200,news,3.854771375656128,3.9502687454223633,0.09549736976623535
3201,reviews,3.6393773555755615,3.739164113998413,0.09978675842285156
3202,paper,1.9371652603149414,3.354214906692505,1.4170496463775635
3203,code,1.7011613845825195,2.2343244552612305,0.5331630706787109
3204,math,1.3642555475234985,1.7895128726959229,0.4252573251724243
3205,wiki,3.047348976135254,3.230959892272949,0.1836109161376953
3206,news,4.349295139312744,4.52424955368042,0.17495441436767578
3207,reviews,3.5547757148742676,3.7667627334594727,0.21198701858520508
3208,paper,2.9780774116516113,4.479924201965332,1.5018467903137207
3209,code,1.1098599433898926,1.5022141933441162,0.39235424995422363
3210,math,1.1314271688461304,1.496137261390686,0.36471009254455566
3211,wiki,2.707350015640259,3.479362964630127,0.7720129489898682
3212,news,3.1632745265960693,3.3104820251464844,0.14720749855041504
3213,reviews,3.2398972511291504,3.356691360473633,0.11679410934448242
3214,paper,2.6231813430786133,3.753263235092163,1.1300818920135498
3215,code,1.691589593887329,2.247720718383789,0.55613112449646
3216,math,0.9165086150169373,1.3460698127746582,0.42956119775772095
3217,wiki,3.3830432891845703,3.8930649757385254,0.5100216865539551
3218,news,3.836704730987549,4.007784366607666,0.1710796356201172
3219,reviews,3.6218385696411133,3.81302547454834,0.19118690490722656
3220,paper,1.9066033363342285,3.523585081100464,1.6169817447662354
3221,code,1.3631534576416016,2.0340120792388916,0.67085862159729
3222,math,1.7427926063537598,2.113046646118164,0.3702540397644043
3223,wiki,4.412144660949707,4.837899208068848,0.4257545471191406
3224,news,4.083515644073486,4.37938117980957,0.295865535736084
3225,reviews,3.7378032207489014,3.76898193359375,0.031178712844848633
3226,paper,1.5387556552886963,3.8532211780548096,2.3144655227661133
3227,code,1.1694376468658447,1.732467532157898,0.5630298852920532
3228,math,1.324806809425354,1.9051111936569214,0.5803043842315674
3229,wiki,4.055918216705322,4.3646016120910645,0.3086833953857422
3230,news,3.311336040496826,3.5299484729766846,0.2186124324798584
3231,reviews,4.307653903961182,4.469220161437988,0.16156625747680664
3232,paper,1.3528839349746704,3.76080584526062,2.4079219102859497
3233,code,1.9369935989379883,2.2485756874084473,0.311582088470459
3234,math,1.3957973718643188,1.6960935592651367,0.30029618740081787
3235,wiki,3.533759593963623,4.292340278625488,0.7585806846618652
3236,news,4.624632835388184,4.823702812194824,0.19906997680664062
3237,reviews,3.9058361053466797,3.986825942993164,0.08098983764648438
3238,paper,1.3940377235412598,3.6604812145233154,2.2664434909820557
3239,code,1.8965240716934204,2.3694934844970703,0.4729694128036499
3240,math,1.7240101099014282,1.9548029899597168,0.23079288005828857
3241,wiki,3.1796278953552246,4.226621150970459,1.0469932556152344
3242,news,4.33687162399292,4.667619705200195,0.3307480812072754
3243,reviews,3.1945433616638184,3.2466907501220703,0.05214738845825195
3244,paper,2.4543263912200928,3.129559278488159,0.6752328872680664
3245,code,1.3769111633300781,1.673932671546936,0.2970215082168579
3246,math,1.4772521257400513,2.0441536903381348,0.5669015645980835
3247,wiki,3.6708104610443115,3.822011947631836,0.15120148658752441
3248,news,4.308139324188232,4.686193466186523,0.378054141998291
3249,reviews,3.702397346496582,3.763692617416382,0.061295270919799805
3250,paper,3.141130208969116,5.270807266235352,2.1296770572662354
3251,code,1.4791934490203857,2.099433422088623,0.6202399730682373
3252,math,1.4090794324874878,1.922391414642334,0.5133119821548462
3253,wiki,3.21238112449646,3.6631672382354736,0.45078611373901367
3254,news,3.4456162452697754,3.8835203647613525,0.43790411949157715
3255,reviews,3.6376309394836426,3.729426145553589,0.09179520606994629
3256,paper,2.740543842315674,4.438389301300049,1.697845458984375
3257,code,1.974587082862854,2.1266086101531982,0.15202152729034424
3258,math,1.2817350625991821,1.5688973665237427,0.28716230392456055
3259,wiki,3.5002238750457764,3.6540000438690186,0.1537761688232422
3260,news,3.4974477291107178,4.125027179718018,0.6275794506072998
3261,reviews,4.074916362762451,4.1122612953186035,0.037344932556152344
3262,paper,2.7639665603637695,3.9608097076416016,1.196843147277832
3263,code,1.366450309753418,1.891908884048462,0.525458574295044
3264,math,1.529875636100769,2.064169406890869,0.5342937707901001
3265,wiki,3.449944257736206,3.82171630859375,0.37177205085754395
3266,news,4.010198593139648,4.700409889221191,0.690211296081543
3267,reviews,3.558295249938965,3.730753183364868,0.17245793342590332
3268,paper,3.080906629562378,4.474099636077881,1.393193006515503
3269,code,0.9982154369354248,1.2795171737670898,0.28130173683166504
3270,math,1.333722472190857,1.8466248512268066,0.5129023790359497
3271,wiki,3.215149402618408,3.3225698471069336,0.10742044448852539
3272,news,3.3785769939422607,3.9649388790130615,0.5863618850708008
3273,reviews,3.657550573348999,3.7613525390625,0.10380196571350098
3274,paper,3.1425318717956543,4.888067245483398,1.7455353736877441
3275,code,1.3886077404022217,1.4914370775222778,0.10282933712005615
3276,math,1.1615586280822754,1.4111573696136475,0.24959874153137207
3277,wiki,2.9753053188323975,3.5528228282928467,0.5775175094604492
3278,news,3.1671619415283203,3.552926778793335,0.38576483726501465
3279,reviews,3.5926570892333984,3.783984661102295,0.19132757186889648
3280,paper,2.9855899810791016,5.229675769805908,2.2440857887268066
3281,code,0.8304380178451538,1.468627691268921,0.6381896734237671
3282,math,1.5806461572647095,2.152083396911621,0.5714372396469116
3283,wiki,2.4757113456726074,2.794559955596924,0.3188486099243164
3284,news,3.0319175720214844,3.4503462314605713,0.4184286594390869
3285,reviews,3.4503746032714844,3.636418581008911,0.18604397773742676
3286,paper,2.523491859436035,4.414379596710205,1.89088773727417
3287,code,1.4146264791488647,2.200369358062744,0.7857428789138794
3288,math,1.6442956924438477,2.1567883491516113,0.5124926567077637
3289,wiki,2.842789888381958,3.730790853500366,0.8880009651184082
3290,news,3.703433036804199,4.242961883544922,0.5395288467407227
3291,reviews,4.1849260330200195,4.2696452140808105,0.08471918106079102
3292,paper,1.8202085494995117,3.5471749305725098,1.726966381072998
3293,code,1.0716341733932495,1.679654836654663,0.6080206632614136
3294,math,1.4053280353546143,1.7682651281356812,0.3629370927810669
3295,wiki,2.958509683609009,3.1788840293884277,0.22037434577941895
3296,news,3.4083468914031982,3.9530029296875,0.5446560382843018
3297,reviews,4.006380081176758,4.078821659088135,0.07244157791137695
3298,paper,2.854063034057617,4.361802101135254,1.5077390670776367
3299,code,1.2665544748306274,1.9989557266235352,0.7324012517929077
3300,math,1.8387922048568726,2.1804537773132324,0.34166157245635986
3301,wiki,2.761392831802368,3.714935541152954,0.9535427093505859
3302,news,3.1766278743743896,3.5005998611450195,0.3239719867706299
3303,reviews,3.9512271881103516,4.1103129386901855,0.15908575057983398
3304,paper,2.751197576522827,4.427338600158691,1.6761410236358643
3305,code,0.8725425601005554,1.2511690855026245,0.3786265254020691
3306,math,1.5122491121292114,2.0315988063812256,0.5193496942520142
3307,wiki,2.7885682582855225,2.863089084625244,0.07452082633972168
3308,news,2.9197099208831787,3.2549195289611816,0.33520960807800293
3309,reviews,3.7372219562530518,3.9027719497680664,0.16554999351501465
3310,paper,2.7208123207092285,3.7695224285125732,1.0487101078033447
3311,code,1.8892422914505005,2.4821739196777344,0.5929316282272339
3312,math,1.2983243465423584,1.402812123298645,0.10448777675628662
3313,wiki,3.635807991027832,3.9314401149749756,0.29563212394714355
3314,news,3.153468370437622,3.542400598526001,0.3889322280883789
3315,reviews,4.059931755065918,4.145177841186523,0.08524608612060547
3316,paper,2.6240921020507812,4.22328519821167,1.5991930961608887
3317,code,1.4229178428649902,1.5528250932693481,0.1299072504043579
3318,math,2.0665624141693115,2.7469587326049805,0.680396318435669
3319,wiki,3.511897563934326,3.8966188430786133,0.3847212791442871
3320,news,3.069932699203491,3.5496883392333984,0.4797556400299072
3321,reviews,3.895150899887085,3.984703779220581,0.0895528793334961
3322,paper,2.163541316986084,3.570380687713623,1.406839370727539
3323,code,1.142701268196106,1.6815065145492554,0.5388052463531494
3324,math,2.0875802040100098,2.501314401626587,0.41373419761657715
3325,wiki,3.4607601165771484,3.5787882804870605,0.11802816390991211
3326,news,3.4085466861724854,3.9530632495880127,0.5445165634155273
3327,reviews,3.6000168323516846,3.6721625328063965,0.07214570045471191
3328,paper,2.085007905960083,3.5520429611206055,1.4670350551605225
3329,code,1.8179794549942017,2.4899203777313232,0.6719409227371216
3330,math,1.5769931077957153,1.8528804779052734,0.2758873701095581
3331,wiki,3.408764362335205,3.5758719444274902,0.16710758209228516
3332,news,3.0477712154388428,3.53480863571167,0.48703742027282715
3333,reviews,3.85229229927063,3.9016406536102295,0.04934835433959961
3334,paper,2.082265853881836,3.7729263305664062,1.6906604766845703
3335,code,1.8003216981887817,2.0965778827667236,0.2962561845779419
3336,math,1.8348912000656128,2.4947726726531982,0.6598814725875854
3337,wiki,3.1777896881103516,3.6236672401428223,0.4458775520324707
3338,news,3.0868232250213623,3.4463305473327637,0.35950732231140137
3339,reviews,3.6213488578796387,3.744858503341675,0.12350964546203613
3340,paper,2.6933138370513916,4.314138412475586,1.6208245754241943
3341,code,0.5705438852310181,0.791123628616333,0.22057974338531494
3342,math,1.0635740756988525,1.4724236726760864,0.4088495969772339
3343,wiki,2.974665641784668,3.567427158355713,0.5927615165710449
3344,news,2.8781425952911377,3.4122073650360107,0.534064769744873
3345,reviews,3.506584405899048,3.6428351402282715,0.13625073432922363
3346,paper,3.37712025642395,5.113653182983398,1.7365329265594482
3347,code,1.4622052907943726,1.9973222017288208,0.5351169109344482
3348,math,1.326438307762146,1.463051676750183,0.1366133689880371
3349,wiki,3.0351076126098633,3.437838554382324,0.40273094177246094
3350,news,3.2105088233947754,3.759747266769409,0.5492384433746338
3351,reviews,3.4789328575134277,3.7551612854003906,0.2762284278869629
3352,paper,2.4540908336639404,3.994805097579956,1.5407142639160156
3353,code,1.0936328172683716,1.7341715097427368,0.6405386924743652
3354,math,1.254204511642456,1.3686927556991577,0.11448824405670166
3355,wiki,2.9932878017425537,3.826568126678467,0.8332803249359131
3356,news,2.8339626789093018,3.3048033714294434,0.4708406925201416
3357,reviews,3.161808490753174,3.1743788719177246,0.012570381164550781
3358,paper,2.6287543773651123,4.631264686584473,2.0025103092193604
3359,code,1.1942894458770752,1.7196602821350098,0.5253708362579346
3360,math,1.4979838132858276,1.9508792161941528,0.4528954029083252
3361,wiki,3.312476634979248,4.741467475891113,1.4289908409118652
3362,news,3.3120131492614746,3.6724328994750977,0.36041975021362305
3363,reviews,3.1204564571380615,3.2831714153289795,0.16271495819091797
3364,paper,2.1047749519348145,3.404813051223755,1.3000380992889404
3365,code,1.577388048171997,2.289018392562866,0.7116303443908691
3366,math,1.6173670291900635,2.1269421577453613,0.5095751285552979
3367,wiki,3.0112125873565674,3.2321455478668213,0.2209329605102539
3368,news,3.2469987869262695,3.815051555633545,0.5680527687072754
3369,reviews,3.801555871963501,3.8313848972320557,0.029829025268554688
3370,paper,2.4933645725250244,4.0722503662109375,1.578885793685913
3371,code,1.551124930381775,2.158784866333008,0.6076599359512329
3372,math,1.0377246141433716,1.391469120979309,0.3537445068359375
3373,wiki,2.751896619796753,2.996999740600586,0.245103120803833
3374,news,3.6712067127227783,4.231997489929199,0.5607907772064209
3375,reviews,3.9906630516052246,4.196598529815674,0.20593547821044922
3376,paper,2.1300833225250244,3.9858593940734863,1.855776071548462
3377,code,1.0213366746902466,1.2795815467834473,0.2582448720932007
3378,math,1.6093976497650146,2.065995454788208,0.45659780502319336
3379,wiki,2.7001612186431885,3.0009727478027344,0.3008115291595459
3380,news,3.0853841304779053,3.5501832962036133,0.464799165725708
3381,reviews,3.2599105834960938,3.3326640129089355,0.0727534294128418
3382,paper,2.195345640182495,3.680987596511841,1.4856419563293457
3383,code,1.6396620273590088,2.2679696083068848,0.628307580947876
3384,math,1.6177141666412354,1.9610919952392578,0.34337782859802246
3385,wiki,3.406789779663086,3.7449498176574707,0.33816003799438477
3386,news,2.82075834274292,3.367126941680908,0.5463685989379883
3387,reviews,3.665910482406616,3.7879159450531006,0.12200546264648438
3388,paper,2.4922897815704346,4.046592712402344,1.5543029308319092
3389,code,1.4927254915237427,2.230940103530884,0.7382146120071411
3390,math,1.4176236391067505,1.6374789476394653,0.21985530853271484
3391,wiki,3.7413272857666016,3.9909098148345947,0.24958252906799316
3392,news,3.198559284210205,3.7144968509674072,0.5159375667572021
3393,reviews,3.3183228969573975,3.3760452270507812,0.05772233009338379
3394,paper,2.698441982269287,4.553090572357178,1.8546485900878906
3395,code,1.3347417116165161,1.7845311164855957,0.4497894048690796
3396,math,1.534096598625183,1.9632606506347656,0.4291640520095825
3397,wiki,4.030221462249756,4.062481880187988,0.03226041793823242
3398,news,2.755807876586914,3.1061575412750244,0.35034966468811035
3399,reviews,3.8870835304260254,4.020045280456543,0.13296175003051758
3400,paper,1.9824318885803223,3.9659698009490967,1.9835379123687744
3401,code,1.85075843334198,2.4769327640533447,0.6261743307113647
3402,math,1.3091068267822266,1.7334073781967163,0.42430055141448975
3403,wiki,3.5186846256256104,3.8310046195983887,0.3123199939727783
3404,news,3.099212884902954,3.6977732181549072,0.5985603332519531
3405,reviews,3.3624484539031982,3.557643175125122,0.19519472122192383
3406,paper,2.0118110179901123,3.945328950881958,1.9335179328918457
3407,code,2.249378204345703,3.0067665576934814,0.7573883533477783
3408,math,1.731156349182129,2.1504127979278564,0.41925644874572754
3409,wiki,3.119281530380249,3.3274800777435303,0.20819854736328125
3410,news,3.5736405849456787,4.036087512969971,0.462446928024292
3411,reviews,3.487470865249634,3.612060546875,0.12458968162536621
3412,paper,2.9843904972076416,4.621999740600586,1.6376092433929443
3413,code,1.7333437204360962,2.4730443954467773,0.7397006750106812
3414,math,1.0101429224014282,1.5325156450271606,0.5223727226257324
3415,wiki,3.5250730514526367,3.8477017879486084,0.3226287364959717
3416,news,2.9332804679870605,3.4105913639068604,0.4773108959197998
3417,reviews,3.217571258544922,3.3268024921417236,0.10923123359680176
3418,paper,2.2674782276153564,3.810817241668701,1.5433390140533447
3419,code,1.4793436527252197,2.2823486328125,0.8030049800872803
3420,math,1.33232843875885,1.5853917598724365,0.2530633211135864
3421,wiki,3.001030206680298,3.3473572731018066,0.3463270664215088
3422,news,2.880650758743286,3.262098789215088,0.38144803047180176
3423,reviews,3.7096033096313477,3.9035918712615967,0.19398856163024902
3424,paper,2.249605417251587,4.170952320098877,1.92134690284729
3425,code,1.0118900537490845,1.3117555379867554,0.2998654842376709
3426,math,1.1697512865066528,1.5984957218170166,0.42874443531036377
3427,wiki,3.7966840267181396,4.233334064483643,0.43665003776550293
3428,news,2.9988508224487305,3.4735143184661865,0.47466349601745605
3429,reviews,3.77876353263855,3.8988595008850098,0.12009596824645996
3430,paper,2.1257941722869873,3.76002836227417,1.6342341899871826
3431,code,1.6565996408462524,2.146134614944458,0.48953497409820557
3432,math,1.4793862104415894,1.7165006399154663,0.23711442947387695
3433,wiki,3.23347806930542,4.4459733963012695,1.2124953269958496
3434,news,2.921464443206787,3.483318567276001,0.5618541240692139
3435,reviews,3.460935115814209,3.6595380306243896,0.19860291481018066
3436,paper,2.9143741130828857,4.587088108062744,1.6727139949798584
3437,code,1.8851044178009033,2.5977962017059326,0.7126917839050293
3438,math,1.278847098350525,1.47665536403656,0.19780826568603516
3439,wiki,3.883362293243408,5.1436767578125,1.2603144645690918
3440,news,2.6904444694519043,3.0217905044555664,0.3313460350036621
3441,reviews,3.7291414737701416,3.9582695960998535,0.22912812232971191
3442,paper,2.4202797412872314,4.141315937042236,1.7210361957550049
3443,code,1.2459303140640259,1.7716624736785889,0.525732159614563
3444,math,1.6448856592178345,2.1570823192596436,0.5121966600418091
3445,wiki,3.1964309215545654,3.3681271076202393,0.17169618606567383
3446,news,2.95656418800354,3.3645095825195312,0.4079453945159912
3447,reviews,4.343315124511719,4.49925422668457,0.15593910217285156
3448,paper,2.0640175342559814,3.442685127258301,1.3786675930023193
3449,code,1.3564480543136597,1.751999855041504,0.39555180072784424
3450,math,1.2245824337005615,1.5274540185928345,0.30287158489227295
3451,wiki,3.3039329051971436,3.85710072517395,0.5531678199768066
3452,news,3.380110740661621,3.8135926723480225,0.43348193168640137
3453,reviews,3.594850540161133,3.688673973083496,0.09382343292236328
3454,paper,2.090167284011841,4.194967269897461,2.10479998588562
3455,code,1.488255500793457,2.0763185024261475,0.5880630016326904
3456,math,1.3432762622833252,1.7685327529907227,0.42525649070739746
3457,wiki,2.814119577407837,3.6107916831970215,0.7966721057891846
3458,news,4.148370265960693,4.22963285446167,0.08126258850097656
3459,reviews,3.9173173904418945,4.0370025634765625,0.11968517303466797
3460,paper,2.5530037879943848,4.323800563812256,1.770796775817871
3461,code,1.1790951490402222,1.915928840637207,0.7368336915969849
3462,math,0.8935043215751648,1.2148545980453491,0.3213502764701843
3463,wiki,2.9260408878326416,3.2348215579986572,0.3087806701660156
3464,news,4.090569496154785,4.2967963218688965,0.20622682571411133
3465,reviews,3.3328521251678467,3.436373472213745,0.10352134704589844
3466,paper,3.3474090099334717,4.878626823425293,1.5312178134918213
3467,code,1.6306796073913574,2.197566509246826,0.5668869018554688
3468,math,1.2758756875991821,1.7048561573028564,0.4289804697036743
3469,wiki,2.982175350189209,3.641008138656616,0.6588327884674072
3470,news,4.1963582038879395,4.378697872161865,0.18233966827392578
3471,reviews,4.392014503479004,4.446660995483398,0.05464649200439453
3472,paper,3.0433297157287598,5.176328182220459,2.132998466491699
3473,code,1.1352440118789673,1.6542409658432007,0.5189969539642334
3474,math,1.4138374328613281,1.7484267950057983,0.3345893621444702
3475,wiki,3.114974021911621,3.4126176834106445,0.29764366149902344
3476,news,3.410914182662964,3.470639705657959,0.05972552299499512
3477,reviews,3.941573143005371,4.022609710693359,0.08103656768798828
3478,paper,2.783658266067505,4.412531852722168,1.628873586654663
3479,code,1.2839629650115967,1.5748215913772583,0.2908586263656616
3480,math,1.3865597248077393,1.7104487419128418,0.32388901710510254
3481,wiki,2.9108896255493164,3.8987369537353516,0.9878473281860352
3482,news,3.3944175243377686,3.3759255409240723,-0.01849198341369629
3483,reviews,3.8216164112091064,3.973515510559082,0.15189909934997559
3484,paper,2.4937589168548584,2.924497604370117,0.4307386875152588
3485,code,1.036000370979309,1.6828432083129883,0.6468428373336792
3486,math,1.436241626739502,2.097431182861328,0.6611895561218262
3487,wiki,2.921297073364258,2.9733450412750244,0.0520479679107666
3488,news,3.8825876712799072,3.9593679904937744,0.07678031921386719
3489,reviews,4.068153381347656,4.209701061248779,0.14154767990112305
3490,paper,2.2188453674316406,2.650975227355957,0.4321298599243164
3491,code,0.9853721261024475,1.5623596906661987,0.5769875645637512
3492,math,1.4493001699447632,1.8852753639221191,0.43597519397735596
3493,wiki,2.6531550884246826,3.058835029602051,0.40567994117736816
3494,news,3.946139097213745,3.9569146633148193,0.010775566101074219
3495,reviews,3.4745209217071533,3.549886703491211,0.07536578178405762
3496,paper,2.625305652618408,3.636798858642578,1.01149320602417
3497,code,1.2646911144256592,1.8873603343963623,0.6226692199707031
3498,math,1.3537237644195557,1.549286127090454,0.19556236267089844
3499,wiki,3.0823781490325928,3.5318603515625,0.4494822025299072
3500,news,4.0437846183776855,4.107827663421631,0.06404304504394531
3501,reviews,4.006564617156982,4.087648391723633,0.08108377456665039
3502,paper,2.78922438621521,4.388517379760742,1.5992929935455322
3503,code,1.0002437829971313,1.4085975885391235,0.4083538055419922
3504,math,1.560439109802246,2.3079288005828857,0.7474896907806396
3505,wiki,2.7855451107025146,3.459350109100342,0.6738049983978271
3506,news,3.9585227966308594,4.064545631408691,0.10602283477783203
3507,reviews,3.6540684700012207,3.7907350063323975,0.13666653633117676
3508,paper,1.9757899045944214,2.7358224391937256,0.7600325345993042
3509,code,1.2843672037124634,1.5722733736038208,0.2879061698913574
3510,math,1.2695415019989014,1.5307066440582275,0.26116514205932617
3511,wiki,2.921531915664673,3.21152663230896,0.2899947166442871
3512,news,3.656787157058716,3.8247110843658447,0.1679239273071289
3513,reviews,3.614922523498535,3.708606243133545,0.09368371963500977
3514,paper,1.9820722341537476,2.6373062133789062,0.6552339792251587
3515,code,1.2001830339431763,1.7618944644927979,0.5617114305496216
3516,math,1.5715821981430054,1.9517611265182495,0.38017892837524414
3517,wiki,3.607727289199829,3.9213755130767822,0.3136482238769531
3518,news,3.4375462532043457,3.5138704776763916,0.0763242244720459
3519,reviews,3.640779733657837,3.7728376388549805,0.13205790519714355
3520,paper,2.6843082904815674,3.7427661418914795,1.058457851409912
3521,code,0.8654444217681885,1.1244151592254639,0.2589707374572754
3522,math,1.4938567876815796,1.890175461769104,0.3963186740875244
3523,wiki,2.719092845916748,3.806602716445923,1.0875098705291748
3524,news,4.0074615478515625,4.1420745849609375,0.134613037109375
3525,reviews,3.571779489517212,3.6968648433685303,0.12508535385131836
3526,paper,2.986363172531128,4.5365729331970215,1.5502097606658936
3527,code,0.9279720187187195,1.497353196144104,0.5693811774253845
3528,math,1.6135857105255127,2.1635842323303223,0.5499985218048096
3529,wiki,3.336109161376953,4.034943103790283,0.6988339424133301
3530,news,3.3248863220214844,3.377631187438965,0.05274486541748047
3531,reviews,3.91792893409729,4.086349964141846,0.16842103004455566
3532,paper,2.714993715286255,4.5896830558776855,1.8746893405914307
3533,code,1.0569119453430176,1.7314717769622803,0.6745598316192627
3534,math,1.9544178247451782,2.483553171157837,0.5291353464126587
3535,wiki,3.0019986629486084,3.4872522354125977,0.48525357246398926
3536,news,3.809873580932617,3.966236114501953,0.15636253356933594
3537,reviews,3.6298093795776367,3.746528387069702,0.11671900749206543
3538,paper,3.018151044845581,4.683923244476318,1.6657721996307373
3539,code,0.7937443256378174,1.374232292175293,0.5804879665374756
3540,math,0.9687715172767639,1.4783880710601807,0.5096165537834167
3541,wiki,3.832415819168091,4.2511138916015625,0.4186980724334717
3542,news,4.399622440338135,4.460545539855957,0.060923099517822266
3543,reviews,3.9827706813812256,4.135455131530762,0.15268445014953613
3544,paper,3.1957011222839355,5.141180515289307,1.945479393005371
3545,code,1.2161470651626587,1.8042333126068115,0.5880862474441528
3546,math,1.4334516525268555,1.6909648180007935,0.257513165473938
3547,wiki,2.7620139122009277,3.528247833251953,0.7662339210510254
3548,news,3.8542845249176025,3.885820150375366,0.03153562545776367
3549,reviews,3.515906572341919,3.598689317703247,0.08278274536132812
3550,paper,3.2205469608306885,5.272010326385498,2.0514633655548096
3551,code,1.2056504487991333,1.8286598920822144,0.623009443283081
3552,math,1.5783064365386963,2.176025867462158,0.5977194309234619
3553,wiki,3.2540953159332275,3.7500970363616943,0.4960017204284668
3554,news,4.124841213226318,4.297061443328857,0.17222023010253906
3555,reviews,2.8708834648132324,2.958534002304077,0.08765053749084473
3556,paper,1.568656086921692,3.3847522735595703,1.8160961866378784
3557,code,1.6172353029251099,1.9945721626281738,0.37733685970306396
3558,math,1.3826824426651,1.7707780599594116,0.3880956172943115
3559,wiki,3.3717575073242188,3.7996325492858887,0.4278750419616699
3560,news,3.7867095470428467,4.002795219421387,0.21608567237854004
3561,reviews,3.080742597579956,3.1927595138549805,0.11201691627502441
3562,paper,1.8315839767456055,3.354214906692505,1.5226309299468994
3563,code,1.342572808265686,1.9476717710494995,0.6050989627838135
3564,math,0.9808056354522705,1.3248456716537476,0.34404003620147705
3565,wiki,3.757185459136963,4.016834735870361,0.25964927673339844
3566,news,3.9483091831207275,4.024767875671387,0.07645869255065918
3567,reviews,3.283095598220825,3.4251046180725098,0.14200901985168457
3568,paper,2.8103249073028564,4.479924201965332,1.6695992946624756
3569,code,1.3374701738357544,1.6962021589279175,0.3587319850921631
3570,math,1.691115140914917,1.8617314100265503,0.1706162691116333
3571,wiki,3.5043210983276367,4.336537837982178,0.832216739654541
3572,news,3.815620183944702,3.939249277114868,0.12362909317016602
3573,reviews,3.7167603969573975,3.7668349742889404,0.05007457733154297
3574,paper,2.4379465579986572,3.753263235092163,1.3153166770935059
3575,code,0.7522724866867065,1.1136664152145386,0.36139392852783203
3576,math,1.545361876487732,2.0530266761779785,0.5076647996902466
3577,wiki,3.6144556999206543,4.068929195404053,0.45447349548339844
3578,news,4.207888126373291,4.322892189025879,0.11500406265258789
3579,reviews,3.2583186626434326,3.4112744331359863,0.1529557704925537
3580,paper,1.8703981637954712,3.523585081100464,1.6531869173049927
3581,code,1.0863940715789795,1.4820752143859863,0.39568114280700684
3582,math,1.26333487033844,1.8024394512176514,0.5391045808792114
3583,wiki,3.945931911468506,4.080904960632324,0.13497304916381836
3584,news,4.040948390960693,4.193645000457764,0.1526966094970703
3585,reviews,3.109431743621826,3.2704646587371826,0.16103291511535645
3586,paper,1.5605310201644897,3.8532211780548096,2.29269015789032
3587,code,1.2092747688293457,1.5622435808181763,0.35296881198883057
3588,math,1.1632401943206787,1.4731580018997192,0.3099178075790405
3589,wiki,3.278672218322754,4.059036731719971,0.7803645133972168
3590,news,4.080740928649902,4.270636081695557,0.1898951530456543
3591,reviews,3.1061253547668457,3.2335450649261475,0.12741971015930176
3592,paper,1.3204604387283325,3.76080584526062,2.4403454065322876
3593,code,1.0733622312545776,1.7950259447097778,0.7216637134552002
3594,math,1.2205867767333984,1.8512924909591675,0.630705714225769
3595,wiki,3.154130220413208,4.097227573394775,0.9430973529815674
3596,news,4.494979381561279,4.79723596572876,0.30225658416748047
3597,reviews,3.2939443588256836,3.4113807678222656,0.11743640899658203
3598,paper,1.522539734840393,3.6604812145233154,2.1379414796829224
3599,code,1.085553765296936,1.2956604957580566,0.2101067304611206
3600,math,1.2018793821334839,1.6726597547531128,0.4707803726196289
3601,wiki,3.6447880268096924,4.121830940246582,0.47704291343688965
3602,news,3.3874852657318115,3.4688775539398193,0.08139228820800781
3603,reviews,3.906630516052246,4.039069175720215,0.13243865966796875
3604,paper,2.3939502239227295,3.129559278488159,0.7356090545654297
3605,code,1.0232312679290771,1.219001054763794,0.1957697868347168
3606,math,1.5122478008270264,2.129579544067383,0.6173317432403564
3607,wiki,3.505786895751953,4.286088943481445,0.7803020477294922
3608,news,3.490445852279663,3.5376033782958984,0.04715752601623535
3609,reviews,3.12921404838562,3.231520652770996,0.10230660438537598
3610,paper,2.8977179527282715,5.270807266235352,2.37308931350708
3611,code,1.3090488910675049,1.8795363903045654,0.5704874992370605
3612,math,0.9745763540267944,1.3271647691726685,0.352588415145874
3613,wiki,3.4242584705352783,3.725125789642334,0.30086731910705566
3614,news,3.9593050479888916,4.165644645690918,0.20633959770202637
3615,reviews,3.280447006225586,3.60833740234375,0.32789039611816406
3616,paper,2.574314594268799,4.438389301300049,1.86407470703125
3617,code,1.4724292755126953,2.003140449523926,0.5307111740112305
3618,math,1.843383550643921,2.1906120777130127,0.3472285270690918
3619,wiki,3.5115933418273926,3.7473130226135254,0.2357196807861328
3620,news,4.37391471862793,4.6038689613342285,0.22995424270629883
3621,reviews,3.7671234607696533,3.8679277896881104,0.10080432891845703
3622,paper,2.617380142211914,3.9608097076416016,1.3434295654296875
3623,code,1.4839485883712769,2.1614651679992676,0.6775165796279907
3624,math,1.2442669868469238,1.5081803798675537,0.2639133930206299
3625,wiki,3.101179361343384,3.985370635986328,0.8841912746429443
3626,news,4.226559638977051,4.491335868835449,0.26477622985839844
3627,reviews,3.8264851570129395,3.8496954441070557,0.02321028709411621
3628,paper,2.9408609867095947,4.474099636077881,1.5332386493682861
3629,code,0.863545298576355,1.4950671195983887,0.6315218210220337
3630,math,1.6154481172561646,2.0936572551727295,0.47820913791656494
3631,wiki,3.671444892883301,4.100645542144775,0.4292006492614746
3632,news,4.03468132019043,4.45799446105957,0.4233131408691406
3633,reviews,3.655501365661621,3.6548759937286377,-0.0006253719329833984
3634,paper,3.01789927482605,4.888067245483398,1.8701679706573486
3635,code,1.6035233736038208,2.3496530055999756,0.7461296319961548
3636,math,1.401328682899475,1.877129316329956,0.47580063343048096
3637,wiki,2.9803953170776367,3.2077016830444336,0.22730636596679688
3638,news,3.5764193534851074,3.988117218017578,0.4116978645324707
3639,reviews,3.5379638671875,3.60910701751709,0.07114315032958984
3640,paper,2.796215772628784,5.229675769805908,2.433459997177124
3641,code,1.7775886058807373,2.4860129356384277,0.7084243297576904
3642,math,2.0694379806518555,2.358572483062744,0.28913450241088867
3643,wiki,2.96614670753479,2.9729340076446533,0.006787300109863281
3644,news,3.7935407161712646,4.148972988128662,0.35543227195739746
3645,reviews,3.6158976554870605,3.7690787315368652,0.1531810760498047
3646,paper,2.3958749771118164,4.414379596710205,2.0185046195983887
3647,code,1.1419042348861694,1.6844762563705444,0.542572021484375
3648,math,1.0252968072891235,1.4499726295471191,0.4246758222579956
3649,wiki,2.6344802379608154,4.146486759185791,1.5120065212249756
3650,news,3.0017752647399902,3.4327423572540283,0.4309670925140381
3651,reviews,3.3128609657287598,3.4141855239868164,0.10132455825805664
3652,paper,1.7123606204986572,3.5471749305725098,1.8348143100738525
3653,code,1.4601497650146484,1.751678466796875,0.29152870178222656
3654,math,1.0690293312072754,1.4814997911453247,0.4124704599380493
3655,wiki,2.6996216773986816,3.839510679244995,1.1398890018463135
3656,news,3.1734507083892822,3.6010708808898926,0.42762017250061035
3657,reviews,3.5671801567077637,3.58689284324646,0.01971268653869629
3658,paper,2.736384630203247,4.361802101135254,1.6254174709320068
3659,code,1.2910963296890259,1.9193880558013916,0.6282917261123657
3660,math,1.7134405374526978,2.214184522628784,0.5007439851760864
3661,wiki,1.7828974723815918,2.9039196968078613,1.1210222244262695
3662,news,2.8870906829833984,3.4197728633880615,0.5326821804046631
3663,reviews,3.8765487670898438,4.050649642944336,0.1741008758544922
3664,paper,2.6232333183288574,4.427338600158691,1.804105281829834
3665,code,1.7396153211593628,2.2526233196258545,0.5130079984664917
3666,math,1.2416757345199585,1.7229015827178955,0.481225848197937
3667,wiki,2.3864057064056396,3.518439292907715,1.1320335865020752
3668,news,3.057701349258423,3.2315616607666016,0.1738603115081787
3669,reviews,3.8360888957977295,3.8676748275756836,0.0315859317779541
3670,paper,2.6192128658294678,3.7695224285125732,1.1503095626831055
3671,code,1.2713935375213623,1.8287161588668823,0.55732262134552
3672,math,1.1923059225082397,1.4190946817398071,0.22678875923156738
3673,wiki,2.4023306369781494,3.5859663486480713,1.1836357116699219
3674,news,3.5048463344573975,3.609243392944336,0.10439705848693848
3675,reviews,4.14182710647583,4.268355846405029,0.12652873992919922
3676,paper,2.486198902130127,4.22328519821167,1.737086296081543
3677,code,1.2666937112808228,2.0253171920776367,0.758623480796814
3678,math,1.4318124055862427,2.0781798362731934,0.6463674306869507
3679,wiki,2.2016913890838623,3.3299431800842285,1.1282517910003662
3680,news,3.256394386291504,3.3621623516082764,0.10576796531677246
3681,reviews,3.2521445751190186,3.350940227508545,0.09879565238952637
3682,paper,2.039316177368164,3.570380687713623,1.531064510345459
3683,code,0.9852073192596436,1.7935069799423218,0.8082996606826782
3684,math,1.1144368648529053,1.635503888130188,0.5210670232772827
3685,wiki,2.4209117889404297,3.548196792602539,1.1272850036621094
3686,news,4.460835933685303,4.86848258972168,0.40764665603637695
3687,reviews,3.2568609714508057,3.316978931427002,0.06011795997619629
3688,paper,1.9759914875030518,3.5520429611206055,1.5760514736175537
3689,code,1.7224915027618408,2.10676908493042,0.3842775821685791
3690,math,1.341318130493164,1.6814740896224976,0.3401559591293335
3691,wiki,2.574101209640503,3.8162713050842285,1.2421700954437256
3692,news,3.752915143966675,4.100561141967773,0.34764599800109863
3693,reviews,3.278205156326294,3.3720576763153076,0.09385251998901367
3694,paper,1.9594849348068237,3.7729263305664062,1.8134413957595825
3695,code,1.7084118127822876,2.3937506675720215,0.6853388547897339
3696,math,1.1654692888259888,1.621347188949585,0.4558779001235962
3697,wiki,2.705991744995117,3.9098825454711914,1.2038908004760742
3698,news,3.7826273441314697,4.01641321182251,0.23378586769104004
3699,reviews,3.262718677520752,3.3065176010131836,0.04379892349243164
3700,paper,2.558445453643799,4.314138412475586,1.755692958831787
3701,code,1.9340051412582397,2.593465566635132,0.6594604253768921
3702,math,1.9001712799072266,2.4146411418914795,0.5144698619842529
3703,wiki,2.933413028717041,3.8431193828582764,0.9097063541412354
3704,news,2.8888421058654785,3.141875982284546,0.2530338764190674
3705,reviews,3.501310110092163,3.683411121368408,0.18210101127624512
3706,paper,3.1545095443725586,5.113653182983398,1.9591436386108398
3707,code,0.9751856327056885,1.768559455871582,0.7933738231658936
3708,math,1.3243626356124878,1.6181164979934692,0.29375386238098145
3709,wiki,3.3862526416778564,4.330589294433594,0.9443366527557373
3710,news,3.22456955909729,3.558382272720337,0.3338127136230469
3711,reviews,3.5472567081451416,3.727691411972046,0.1804347038269043
3712,paper,2.300903558731079,3.994805097579956,1.693901538848877
3713,code,1.567499041557312,2.1639151573181152,0.5964161157608032
3714,math,1.2520571947097778,1.7198270559310913,0.4677698612213135
3715,wiki,2.4493248462677,3.283435106277466,0.8341102600097656
3716,news,3.9164319038391113,4.31467342376709,0.3982415199279785
3717,reviews,3.3766627311706543,3.5700082778930664,0.1933455467224121
3718,paper,2.4985485076904297,4.631264686584473,2.132716178894043
3719,code,0.9474062919616699,1.5514280796051025,0.6040217876434326
3720,math,1.5260035991668701,1.7664456367492676,0.24044203758239746
3721,wiki,2.3490331172943115,2.582817316055298,0.23378419876098633
3722,news,3.9048078060150146,4.340061187744141,0.435253381729126
3723,reviews,3.5287415981292725,3.708482027053833,0.17974042892456055
3724,paper,2.0236730575561523,3.404813051223755,1.3811399936676025
3725,code,1.0382691621780396,1.6641944646835327,0.6259253025054932
3726,math,1.2656224966049194,1.7414084672927856,0.4757859706878662
3727,wiki,2.8464975357055664,3.380265951156616,0.5337684154510498
3728,news,3.4959442615509033,3.8985888957977295,0.40264463424682617
3729,reviews,3.41349720954895,3.4926681518554688,0.07917094230651855
3730,paper,2.4164438247680664,4.0722503662109375,1.655806541442871
3731,code,0.9017987847328186,1.5756986141204834,0.6738998293876648
3732,math,1.314906120300293,1.8393833637237549,0.5244772434234619
3733,wiki,2.6049649715423584,2.822126626968384,0.2171616554260254
3734,news,3.026170015335083,3.3591244220733643,0.33295440673828125
3735,reviews,3.6460180282592773,3.8432679176330566,0.1972498893737793
3736,paper,2.028083324432373,3.9858593940734863,1.9577760696411133
3737,code,0.9421863555908203,1.4800268411636353,0.5378404855728149
3738,math,1.6336274147033691,2.156383991241455,0.5227565765380859
3739,wiki,2.592740774154663,3.7052388191223145,1.1124980449676514
3740,news,3.190864086151123,3.232846736907959,0.04198265075683594
3741,reviews,3.380561351776123,3.5157933235168457,0.13523197174072266
3742,paper,2.1357667446136475,3.680987596511841,1.5452208518981934
3743,code,1.3812288045883179,1.8175339698791504,0.4363051652908325
3744,math,1.5246620178222656,1.8164228200912476,0.29176080226898193
3745,wiki,2.5113675594329834,2.8897969722747803,0.3784294128417969
3746,news,2.8638851642608643,3.023898124694824,0.16001296043395996
3747,reviews,3.886950969696045,3.9455626010894775,0.05861163139343262
3748,paper,2.351036548614502,4.046592712402344,1.6955561637878418
3749,code,1.0638161897659302,1.640319585800171,0.5765033960342407
3750,math,1.395991563796997,1.7979828119277954,0.40199124813079834
3751,wiki,3.2456510066986084,4.080946922302246,0.8352959156036377
3752,news,3.0118930339813232,3.1305959224700928,0.11870288848876953
3753,reviews,3.522932291030884,3.7779839038848877,0.2550516128540039
3754,paper,2.5347933769226074,4.553090572357178,2.0182971954345703
3755,code,1.140052080154419,1.874202013015747,0.7341499328613281
3756,math,1.480944037437439,1.9631718397140503,0.48222780227661133
3757,wiki,3.4157137870788574,3.930936574935913,0.5152227878570557
3758,news,2.7870261669158936,3.050246238708496,0.26322007179260254
3759,reviews,3.3789634704589844,3.4797093868255615,0.10074591636657715
3760,paper,1.824430227279663,3.9659698009490967,2.1415395736694336
3761,code,1.1715056896209717,1.524160623550415,0.35265493392944336
3762,math,1.7303239107131958,1.9365439414978027,0.20622003078460693
3763,wiki,2.811002492904663,2.991872549057007,0.18087005615234375
3764,news,4.180697917938232,4.395175933837891,0.2144780158996582
3765,reviews,3.824449300765991,3.908085346221924,0.08363604545593262
3766,paper,1.9055644273757935,3.945328950881958,2.0397645235061646
3767,code,1.1692200899124146,1.6602776050567627,0.49105751514434814
3768,math,1.1765363216400146,1.680857539176941,0.5043212175369263
3769,wiki,3.0844149589538574,3.506028652191162,0.4216136932373047
3770,news,3.740949869155884,3.949262857437134,0.20831298828125
3771,reviews,3.6508030891418457,3.744788885116577,0.09398579597473145
3772,paper,2.812225580215454,4.621999740600586,1.8097741603851318
3773,code,1.0760352611541748,1.6094311475753784,0.5333958864212036
3774,math,1.4930261373519897,2.1334543228149414,0.6404281854629517
3775,wiki,2.9752442836761475,3.3241679668426514,0.3489236831665039
3776,news,3.522890567779541,3.864560604095459,0.34167003631591797
3777,reviews,3.805488109588623,3.9840049743652344,0.17851686477661133
3778,paper,2.1319985389709473,3.810817241668701,1.678818702697754
3779,code,1.7515360116958618,2.1819159984588623,0.4303799867630005
3780,math,1.2251312732696533,1.7585545778274536,0.5334233045578003
3781,wiki,3.1685585975646973,4.002524375915527,0.8339657783508301
3782,news,3.8422906398773193,4.208191871643066,0.36590123176574707
3783,reviews,4.495698928833008,4.5737762451171875,0.07807731628417969
3784,paper,2.0678329467773438,4.170952320098877,2.103119373321533
3785,code,1.35579252243042,1.5201289653778076,0.1643364429473877
3786,math,0.9096002578735352,1.2306932210922241,0.32109296321868896
3787,wiki,3.20465350151062,3.3707010746002197,0.1660475730895996
3788,news,3.6788430213928223,3.8351058959960938,0.15626287460327148
3789,reviews,3.731029987335205,3.9037764072418213,0.1727464199066162
3790,paper,1.9701310396194458,3.76002836227417,1.7898973226547241
3791,code,0.9813703298568726,1.2928754091262817,0.3115050792694092
3792,math,1.2472119331359863,1.874076008796692,0.6268640756607056
3793,wiki,3.015855073928833,3.3005096912384033,0.2846546173095703
3794,news,3.9584157466888428,4.399938583374023,0.44152283668518066
3795,reviews,4.010839462280273,4.02052640914917,0.009686946868896484
3796,paper,2.7550203800201416,4.587088108062744,1.8320677280426025
3797,code,0.8966028690338135,1.5386390686035156,0.6420361995697021
3798,math,1.4275784492492676,1.903607726097107,0.47602927684783936
3799,wiki,2.967797040939331,3.8410146236419678,0.8732175827026367
3800,news,3.924043893814087,4.098390579223633,0.1743466854095459
3801,reviews,3.541304349899292,3.5924670696258545,0.0511627197265625
3802,paper,2.308366060256958,4.141315937042236,1.8329498767852783
3803,code,0.7594480514526367,1.265491247177124,0.5060431957244873
3804,math,1.23650062084198,1.8400486707687378,0.6035480499267578
3805,wiki,2.6537926197052,2.833831310272217,0.1800386905670166
3806,news,3.7199795246124268,3.9481379985809326,0.22815847396850586
3807,reviews,3.397104501724243,3.6495866775512695,0.25248217582702637
3808,paper,1.992854356765747,3.442685127258301,1.4498307704925537
3809,code,1.2802940607070923,1.6688480377197266,0.3885539770126343
3810,math,1.4368934631347656,1.8577275276184082,0.4208340644836426
3811,wiki,2.8415188789367676,3.785433530807495,0.9439146518707275
3812,news,3.653024673461914,3.8353958129882812,0.1823711395263672
3813,reviews,3.1522045135498047,3.3169703483581543,0.1647658348083496
3814,paper,1.9823468923568726,4.194967269897461,2.2126203775405884
3815,code,1.0505236387252808,1.3263072967529297,0.2757836580276489
3816,math,1.5284086465835571,2.026280164718628,0.4978715181350708
3817,wiki,2.689274787902832,2.8872735500335693,0.1979987621307373
3818,news,3.499887466430664,3.72885799407959,0.22897052764892578
3819,reviews,3.2480852603912354,3.3734428882598877,0.12535762786865234
3820,paper,2.3804726600646973,4.323800563812256,1.9433279037475586
3821,code,1.2719995975494385,1.846276044845581,0.5742764472961426
3822,math,1.2811787128448486,1.4889014959335327,0.20772278308868408
3823,wiki,3.2715578079223633,4.104061603546143,0.8325037956237793
3824,news,3.175621271133423,3.2344746589660645,0.0588533878326416
3825,reviews,3.258575916290283,3.395975351333618,0.13739943504333496
3826,paper,3.1766910552978516,4.878626823425293,1.7019357681274414
3827,code,1.5750268697738647,2.375243663787842,0.800216794013977
3828,math,1.3255372047424316,1.858283281326294,0.5327460765838623
3829,wiki,2.455134868621826,3.157975912094116,0.70284104347229
3830,news,2.9205591678619385,3.2694427967071533,0.34888362884521484
3831,reviews,3.22503662109375,3.3483726978302,0.1233360767364502
3832,paper,2.8893935680389404,5.176328182220459,2.2869346141815186
3833,code,1.9424501657485962,2.6303610801696777,0.6879109144210815
3834,math,1.1930783987045288,1.427961826324463,0.23488342761993408
3835,wiki,2.2393229007720947,2.53600811958313,0.29668521881103516
3836,news,2.867518663406372,3.167606830596924,0.30008816719055176
3837,reviews,3.522629976272583,3.5435664653778076,0.02093648910522461
3838,paper,2.7002251148223877,4.412531852722168,1.7123067378997803
3839,code,1.850232481956482,2.062851905822754,0.21261942386627197
3840,math,1.4493396282196045,1.8819923400878906,0.43265271186828613
3841,wiki,3.343209743499756,3.8778750896453857,0.5346653461456299
3842,news,3.4113802909851074,3.505232095718384,0.09385180473327637
3843,reviews,3.721076726913452,3.8110883235931396,0.0900115966796875
3844,paper,2.4653680324554443,2.924497604370117,0.45912957191467285
3845,code,1.2908072471618652,1.5400137901306152,0.24920654296875
3846,math,1.2645084857940674,1.5334336757659912,0.26892518997192383
3847,wiki,3.054248571395874,3.9868087768554688,0.9325602054595947
3848,news,3.100461959838867,3.2988483905792236,0.19838643074035645
3849,reviews,2.9685730934143066,3.1472394466400146,0.178666353225708
3850,paper,2.225034236907959,2.650975227355957,0.42594099044799805
3851,code,0.890968918800354,1.5238243341445923,0.6328554153442383
3852,math,1.6240479946136475,2.2433528900146484,0.619304895401001
3853,wiki,3.460826873779297,3.6976816654205322,0.23685479164123535
3854,news,3.4186360836029053,3.5425052642822266,0.12386918067932129
3855,reviews,2.90792179107666,2.9601051807403564,0.05218338966369629
3856,paper,2.5571107864379883,3.636798858642578,1.0796880722045898
3857,code,1.1907013654708862,1.8809372186660767,0.6902358531951904
3858,math,1.7198058366775513,2.260637044906616,0.5408312082290649
3859,wiki,2.988694667816162,3.4425535202026367,0.4538588523864746
3860,news,3.2969346046447754,3.561424970626831,0.26449036598205566
3861,reviews,3.1980061531066895,3.3483235836029053,0.15031743049621582
3862,paper,2.620840549468994,4.388517379760742,1.767676830291748
3863,code,0.8599410057067871,1.0936529636383057,0.23371195793151855
3864,math,1.6859431266784668,2.161724805831909,0.4757816791534424
3865,wiki,3.3728296756744385,3.6200637817382812,0.24723410606384277
3866,news,3.3022167682647705,3.628662109375,0.3264453411102295
3867,reviews,3.0866434574127197,3.3396356105804443,0.2529921531677246
3868,paper,1.9316072463989258,2.7358224391937256,0.8042151927947998
3869,code,1.0453848838806152,1.7042481899261475,0.6588633060455322
3870,math,1.3043330907821655,1.8370411396026611,0.5327080488204956
3871,wiki,2.9788784980773926,4.073574542999268,1.094696044921875
3872,news,3.3566408157348633,3.6088626384735107,0.25222182273864746
3873,reviews,3.0044915676116943,3.2149441242218018,0.21045255661010742
3874,paper,1.9222626686096191,2.6373062133789062,0.7150435447692871
3875,code,1.7088191509246826,2.4123339653015137,0.703514814376831
3876,math,1.3679323196411133,1.8125860691070557,0.4446537494659424
3877,wiki,3.0070509910583496,3.2429347038269043,0.2358837127685547
3878,news,2.633829355239868,2.7128548622131348,0.0790255069732666
3879,reviews,3.0456655025482178,3.14229416847229,0.09662866592407227
3880,paper,2.543137550354004,3.7427661418914795,1.1996285915374756
3881,code,1.2137775421142578,1.5851812362670898,0.37140369415283203
3882,math,1.564261794090271,2.1601271629333496,0.5958653688430786
3883,wiki,3.242760419845581,3.4176363945007324,0.17487597465515137
3884,news,3.1598293781280518,3.3478846549987793,0.18805527687072754
3885,reviews,3.4736554622650146,3.587338447570801,0.11368298530578613
3886,paper,2.9290080070495605,4.5365729331970215,1.607564926147461
3887,code,0.9064650535583496,1.085002064704895,0.1785370111465454
3888,math,1.829948902130127,2.2463576793670654,0.4164087772369385
3889,wiki,3.1004042625427246,3.176567554473877,0.07616329193115234
3890,news,3.368088722229004,3.621967315673828,0.2538785934448242
3891,reviews,3.1424574851989746,3.3009328842163086,0.15847539901733398
3892,paper,2.563490867614746,4.5896830558776855,2.0261921882629395
3893,code,1.0913642644882202,1.654563069343567,0.5631988048553467
3894,math,1.0021823644638062,1.3878719806671143,0.3856896162033081
3895,wiki,2.771090269088745,3.0734353065490723,0.30234503746032715
3896,news,3.419173002243042,3.6299092769622803,0.21073627471923828
3897,reviews,3.5015807151794434,3.6967720985412598,0.1951913833618164
3898,paper,2.856058120727539,4.683923244476318,1.8278651237487793
3899,code,1.2568714618682861,1.8925710916519165,0.6356996297836304
3900,math,1.8680921792984009,2.414468765258789,0.5463765859603882
3901,wiki,3.216088056564331,3.5315299034118652,0.3154418468475342
3902,news,3.784126043319702,4.20050048828125,0.41637444496154785
3903,reviews,3.9158437252044678,3.9498515129089355,0.03400778770446777
3904,paper,3.0016849040985107,5.141180515289307,2.139495611190796
3905,code,1.0569877624511719,1.3947250843048096,0.3377373218536377
3906,math,1.5495175123214722,1.7841843366622925,0.2346668243408203
3907,wiki,3.229891777038574,4.125592231750488,0.8957004547119141
3908,news,3.4913978576660156,3.7206008434295654,0.2292029857635498
3909,reviews,3.5357887744903564,3.676710605621338,0.14092183113098145
3910,paper,3.050302028656006,5.272010326385498,2.221708297729492
3911,code,0.9643257856369019,1.6100964546203613,0.6457706689834595
3912,math,1.5217211246490479,1.9050476551055908,0.38332653045654297
3913,wiki,3.504465103149414,3.75797438621521,0.2535092830657959
3914,news,3.495927095413208,3.701552391052246,0.20562529563903809
3915,reviews,3.3592703342437744,3.5478358268737793,0.18856549263000488
3916,paper,1.4310588836669922,3.3847522735595703,1.9536933898925781
3917,code,1.8860666751861572,2.26149845123291,0.37543177604675293
3918,math,0.9768620133399963,1.2094165086746216,0.23255449533462524
3919,wiki,3.2101142406463623,3.5302717685699463,0.320157527923584
3920,news,3.4457919597625732,3.796823263168335,0.3510313034057617
3921,reviews,3.290536403656006,3.388009548187256,0.09747314453125
3922,paper,1.829262137413025,3.354214906692505,1.52495276927948
3923,code,1.6277551651000977,1.8834812641143799,0.2557260990142822
3924,math,1.1188323497772217,1.6708852052688599,0.5520528554916382
3925,wiki,3.246136426925659,3.5211117267608643,0.2749752998352051
3926,news,3.1707561016082764,3.4853367805480957,0.31458067893981934
3927,reviews,3.4647040367126465,3.5626323223114014,0.09792828559875488
3928,paper,2.701220989227295,4.479924201965332,1.778703212738037
3929,code,1.0661377906799316,1.4450002908706665,0.37886250019073486
3930,math,0.9322999119758606,1.4836781024932861,0.5513781905174255
3931,wiki,3.0367069244384766,3.342257022857666,0.30555009841918945
3932,news,3.696058750152588,3.9031646251678467,0.2071058750152588
3933,reviews,2.798485040664673,2.966277837753296,0.16779279708862305
3934,paper,2.4032154083251953,3.753263235092163,1.3500478267669678
3935,code,0.6140925288200378,0.961786687374115,0.34769415855407715
3936,math,1.4047383069992065,2.072082996368408,0.6673446893692017
3937,wiki,3.47936749458313,3.863945245742798,0.38457775115966797
3938,news,3.054560899734497,3.2718491554260254,0.21728825569152832
3939,reviews,4.0675859451293945,4.122450828552246,0.05486488342285156
3940,paper,1.7919484376907349,3.523585081100464,1.731636643409729
3941,code,0.9289566278457642,1.5428465604782104,0.6138899326324463
3942,math,1.2088940143585205,1.5047476291656494,0.2958536148071289
3943,wiki,3.559506893157959,3.800313711166382,0.24080681800842285
3944,news,3.373732566833496,3.7420260906219482,0.36829352378845215
3945,reviews,3.1397571563720703,3.2567365169525146,0.11697936058044434
3946,paper,1.5068719387054443,3.8532211780548096,2.3463492393493652
3947,code,1.4452604055404663,2.087104558944702,0.6418441534042358
3948,math,1.3511179685592651,1.8524359464645386,0.5013179779052734
3949,wiki,3.587346315383911,4.036098003387451,0.44875168800354004
3950,news,3.6264617443084717,3.9681148529052734,0.34165310859680176
3951,reviews,3.65141224861145,3.7304742336273193,0.07906198501586914
3952,paper,1.2626863718032837,3.76080584526062,2.4981194734573364
3953,code,0.8356804847717285,1.109235405921936,0.2735549211502075
3954,math,1.2886018753051758,1.8346140384674072,0.5460121631622314
3955,wiki,3.470828056335449,3.628530979156494,0.15770292282104492
3956,news,4.992977142333984,5.3411431312561035,0.34816598892211914
3957,reviews,3.4144434928894043,3.512643337249756,0.09819984436035156
3958,paper,1.304626703262329,3.6604812145233154,2.3558545112609863
3959,code,1.280596375465393,1.751631259918213,0.4710348844528198
3960,math,2.2220680713653564,2.336951732635498,0.1148836612701416
3961,wiki,3.2957048416137695,3.5921719074249268,0.2964670658111572
3962,news,3.907000780105591,4.372003078460693,0.46500229835510254
3963,reviews,3.9162542819976807,4.034346103668213,0.11809182167053223
3964,paper,2.3298463821411133,3.129559278488159,0.7997128963470459
3965,code,1.0142545700073242,1.406319499015808,0.3920649290084839
3966,math,1.8883538246154785,2.3849422931671143,0.49658846855163574
3967,wiki,3.0843164920806885,4.038388252258301,0.9540717601776123
3968,news,4.377727031707764,4.96399450302124,0.5862674713134766
3969,reviews,3.7557973861694336,3.856492519378662,0.10069513320922852
3970,paper,2.656613826751709,5.270807266235352,2.6141934394836426
3971,code,1.4457215070724487,1.9611341953277588,0.5154126882553101
3972,math,1.6164129972457886,1.9482725858688354,0.3318595886230469
3973,wiki,2.3663454055786133,2.680560350418091,0.31421494483947754
3974,news,4.093842506408691,4.772047519683838,0.6782050132751465
3975,reviews,4.214644908905029,4.210716247558594,-0.003928661346435547
3976,paper,2.409940481185913,4.438389301300049,2.0284488201141357
3977,code,1.5992177724838257,2.3605966567993164,0.7613788843154907
3978,math,1.8392260074615479,2.258053779602051,0.41882777214050293
3979,wiki,3.2117578983306885,3.7301952838897705,0.518437385559082
3980,news,4.300747394561768,4.8228349685668945,0.522087574005127
3981,reviews,3.4926633834838867,3.7592902183532715,0.26662683486938477
3982,paper,2.4746906757354736,3.9608097076416016,1.486119031906128
3983,code,1.5095956325531006,2.1440858840942383,0.6344902515411377
3984,math,1.515071153640747,1.7722591161727905,0.25718796253204346
3985,wiki,3.0224461555480957,3.2579965591430664,0.2355504035949707
3986,news,4.865880489349365,5.244858741760254,0.37897825241088867
3987,reviews,3.246187925338745,3.4255385398864746,0.1793506145477295
3988,paper,2.835733652114868,4.474099636077881,1.6383659839630127
3989,code,1.0568950176239014,1.2855969667434692,0.22870194911956787
3990,math,1.4649386405944824,2.124316453933716,0.6593778133392334
3991,wiki,2.8299455642700195,4.0306782722473145,1.200732707977295
3992,news,4.045949935913086,4.423555374145508,0.3776054382324219
3993,reviews,3.21109938621521,3.4100818634033203,0.19898247718811035
3994,paper,2.8956568241119385,4.888067245483398,1.99241042137146
3995,code,1.2875784635543823,1.4996148347854614,0.2120363712310791
3996,math,1.7099552154541016,2.395029067993164,0.6850738525390625
3997,wiki,3.0994513034820557,3.662142753601074,0.5626914501190186
3998,news,4.291739463806152,4.838390827178955,0.5466513633728027
3999,reviews,2.8751213550567627,2.9838058948516846,0.10868453979492188
4000,paper,2.537100315093994,5.229675769805908,2.692575454711914
4001,code,1.1770151853561401,1.738224983215332,0.5612097978591919
4002,math,1.7388217449188232,2.155578851699829,0.41675710678100586
4003,wiki,2.6387784481048584,3.4748921394348145,0.836113691329956
4004,news,5.0239577293396,5.401814937591553,0.3778572082519531
4005,reviews,3.312527894973755,3.457341194152832,0.14481329917907715
4006,paper,2.247152805328369,4.414379596710205,2.167226791381836
4007,code,1.1971591711044312,1.711338996887207,0.5141798257827759
4008,math,1.4741194248199463,2.1821610927581787,0.7080416679382324
4009,wiki,3.0546746253967285,4.648487567901611,1.5938129425048828
4010,news,4.1906304359436035,4.677680969238281,0.48705053329467773
4011,reviews,2.8677873611450195,2.9974169731140137,0.12962961196899414
4012,paper,1.6093988418579102,3.5471749305725098,1.9377760887145996
4013,code,1.4952857494354248,2.193516731262207,0.6982309818267822
4014,math,2.0729711055755615,2.5435752868652344,0.47060418128967285
4015,wiki,3.0921008586883545,4.024777412414551,0.9326765537261963
4016,news,4.58352518081665,5.179710388183594,0.5961852073669434
4017,reviews,3.334895133972168,3.350846529006958,0.01595139503479004
4018,paper,2.5755114555358887,4.361802101135254,1.7862906455993652
4019,code,1.2706760168075562,1.604631781578064,0.3339557647705078
4020,math,1.381089687347412,1.674201488494873,0.29311180114746094
4021,wiki,2.574833869934082,4.263751029968262,1.6889171600341797
4022,news,3.9296979904174805,4.232351303100586,0.30265331268310547
4023,reviews,4.034007549285889,4.092184066772461,0.058176517486572266
4024,paper,2.476375102996826,4.427338600158691,1.9509634971618652
4025,code,1.2769185304641724,1.8906697034835815,0.6137511730194092
4026,math,1.5350285768508911,1.9382007122039795,0.4031721353530884
4027,wiki,4.104985237121582,5.003512859344482,0.8985276222229004
4028,news,3.930994987487793,4.2138519287109375,0.28285694122314453
4029,reviews,3.787487506866455,3.870659351348877,0.08317184448242188
4030,paper,2.578115701675415,3.7695224285125732,1.1914067268371582
4031,code,1.4917787313461304,1.9787589311599731,0.4869801998138428
4032,math,1.4314125776290894,1.8152873516082764,0.383874773979187
4033,wiki,3.1042962074279785,3.3300468921661377,0.22575068473815918
4034,news,3.6814041137695312,4.083992004394531,0.402587890625
4035,reviews,2.865555763244629,3.0398149490356445,0.17425918579101562
4036,paper,2.396745443344116,4.22328519821167,1.8265397548675537
4037,code,1.2457609176635742,2.031062364578247,0.7853014469146729
4038,math,0.8910941481590271,1.56206476688385,0.670970618724823
4039,wiki,3.1496312618255615,4.065524101257324,0.9158928394317627
4040,news,3.872413396835327,4.290278434753418,0.4178650379180908
4041,reviews,3.512281894683838,3.6071298122406006,0.0948479175567627
4042,paper,1.9185831546783447,3.570380687713623,1.6517975330352783
4043,code,0.5754877328872681,0.9464263916015625,0.37093865871429443
4044,math,1.5607554912567139,2.046814441680908,0.48605895042419434
4045,wiki,3.290097236633301,3.639477252960205,0.3493800163269043
4046,news,3.7292964458465576,4.083254814147949,0.3539583683013916
4047,reviews,4.655177593231201,4.754946231842041,0.09976863861083984
4048,paper,1.8723082542419434,3.5520429611206055,1.679734706878662
4049,code,1.1005741357803345,1.6606825590133667,0.5601084232330322
4050,math,1.593113899230957,1.9278614521026611,0.3347475528717041
4051,wiki,2.884850025177002,3.667447090148926,0.7825970649719238
4052,news,3.189954996109009,3.294283628463745,0.10432863235473633
4053,reviews,3.469541549682617,3.687474012374878,0.21793246269226074
4054,paper,1.8506678342819214,3.7729263305664062,1.9222584962844849
4055,code,1.5220537185668945,1.711539387702942,0.18948566913604736
4056,math,1.049950361251831,1.3178062438964844,0.2678558826446533
4057,wiki,2.7702255249023438,2.828585624694824,0.05836009979248047
4058,news,4.10922384262085,4.165457725524902,0.056233882904052734
4059,reviews,3.8165762424468994,4.015998840332031,0.19942259788513184
4060,paper,2.3609344959259033,4.314138412475586,1.9532039165496826
4061,code,1.9482426643371582,2.4081084728240967,0.4598658084869385
4062,math,1.316757082939148,2.015005111694336,0.698248028755188
4063,wiki,2.8666598796844482,3.512403964996338,0.6457440853118896
4064,news,2.9747724533081055,3.2099671363830566,0.23519468307495117
4065,reviews,4.091944694519043,4.169252395629883,0.07730770111083984
4066,paper,2.961278200149536,5.113653182983398,2.1523749828338623
4067,code,1.2155776023864746,1.5843145847320557,0.36873698234558105
4068,math,1.4171380996704102,1.817003607749939,0.3998655080795288
4069,wiki,3.4600319862365723,3.4955363273620605,0.03550434112548828
4070,news,4.240414142608643,4.754358291625977,0.513944149017334
4071,reviews,3.5103566646575928,3.578468084335327,0.06811141967773438
4072,paper,2.177654266357422,3.994805097579956,1.8171508312225342
4073,code,1.386596918106079,2.029902458190918,0.6433055400848389
4074,math,1.6968191862106323,1.8655050992965698,0.1686859130859375
4075,wiki,3.0998315811157227,3.8331925868988037,0.733361005783081
4076,news,5.068051338195801,5.497061252593994,0.42900991439819336
4077,reviews,3.353022575378418,3.470588207244873,0.11756563186645508
4078,paper,2.3876333236694336,4.631264686584473,2.243631362915039
4079,code,1.0057896375656128,1.5265425443649292,0.5207529067993164
4080,math,1.795223593711853,2.158327341079712,0.3631037473678589
4081,wiki,3.8909153938293457,3.8980491161346436,0.0071337223052978516
4082,news,4.8970417976379395,5.607436180114746,0.7103943824768066
4083,reviews,3.3902642726898193,3.4660298824310303,0.07576560974121094
4084,paper,1.9294390678405762,3.404813051223755,1.4753739833831787
4085,code,1.3087849617004395,1.457884430885315,0.1490994691848755
4086,math,1.539225459098816,1.9755685329437256,0.43634307384490967
4087,wiki,3.143389940261841,3.2008111476898193,0.057421207427978516
4088,news,4.258016109466553,4.727819919586182,0.4698038101196289
4089,reviews,3.5475070476531982,3.6582908630371094,0.11078381538391113
4090,paper,2.311143398284912,4.0722503662109375,1.7611069679260254
4091,code,1.6934130191802979,2.158750057220459,0.46533703804016113
4092,math,1.3597551584243774,1.900475263595581,0.5407201051712036
4093,wiki,3.079784631729126,3.8569388389587402,0.7771542072296143
4094,news,3.8581736087799072,4.133490085601807,0.2753164768218994
4095,reviews,4.423315048217773,4.490251541137695,0.06693649291992188
4096,paper,1.8454240560531616,3.9858593940734863,2.1404353380203247
4097,code,0.9101837873458862,1.174545168876648,0.2643613815307617
4098,math,1.7642170190811157,2.0623526573181152,0.2981356382369995
4099,wiki,2.9375815391540527,3.199759006500244,0.2621774673461914
4100,news,3.989361524581909,4.460237503051758,0.47087597846984863
4101,reviews,3.56329345703125,3.6857144832611084,0.1224210262298584
4102,paper,2.028350591659546,3.680987596511841,1.652637004852295
4103,code,0.890981912612915,1.1645013093948364,0.2735193967819214
4104,math,1.2663013935089111,1.5404354333877563,0.2741340398788452
4105,wiki,3.1224615573883057,3.337655782699585,0.2151942253112793
4106,news,3.8094663619995117,3.917764186859131,0.10829782485961914
4107,reviews,3.8985657691955566,4.0728349685668945,0.1742691993713379
4108,paper,2.3296878337860107,4.046592712402344,1.716904878616333
4109,code,1.844800591468811,2.2150890827178955,0.3702884912490845
4110,math,1.3450977802276611,1.9460740089416504,0.6009762287139893
4111,wiki,3.2445449829101562,4.054346561431885,0.8098015785217285
4112,news,3.845682382583618,4.239865303039551,0.3941829204559326
4113,reviews,3.3582048416137695,3.4268088340759277,0.0686039924621582
4114,paper,2.406747817993164,4.553090572357178,2.1463427543640137
4115,code,1.671364188194275,1.8899974822998047,0.21863329410552979
4116,math,1.2915380001068115,1.914049506187439,0.6225115060806274
4117,wiki,3.5276081562042236,3.6976001262664795,0.16999197006225586
4118,news,3.9177606105804443,4.162867546081543,0.24510693550109863
4119,reviews,3.4514822959899902,3.7127108573913574,0.2612285614013672
4120,paper,1.8342573642730713,3.9659698009490967,2.1317124366760254
4121,code,1.767818808555603,2.2094039916992188,0.4415851831436157
4122,math,1.408980131149292,1.8993592262268066,0.49037909507751465
4123,wiki,3.2446937561035156,3.992562770843506,0.7478690147399902
4124,news,3.117933750152588,3.3397278785705566,0.22179412841796875
4125,reviews,3.648419141769409,3.902303457260132,0.25388431549072266
4126,paper,1.9382250308990479,3.945328950881958,2.00710391998291
4127,code,0.9812047481536865,1.420401930809021,0.4391971826553345
4128,math,1.3916277885437012,1.979073166847229,0.5874453783035278
4129,wiki,3.704427480697632,4.025860786437988,0.32143330574035645
4130,news,3.4407172203063965,3.902374267578125,0.4616570472717285
4131,reviews,3.696096420288086,3.7885794639587402,0.0924830436706543
4132,paper,2.7640602588653564,4.621999740600586,1.8579394817352295
4133,code,1.1132903099060059,1.417954444885254,0.30466413497924805
4134,math,2.3434128761291504,2.5734801292419434,0.23006725311279297
4135,wiki,2.996333122253418,3.184844732284546,0.18851161003112793
4136,news,3.8611130714416504,4.208733558654785,0.34762048721313477
4137,reviews,3.405046224594116,3.520637273788452,0.11559104919433594
4138,paper,2.055652141571045,3.810817241668701,1.7551651000976562
4139,code,1.3785494565963745,1.9856927394866943,0.6071432828903198
4140,math,1.6292983293533325,1.9363294839859009,0.30703115463256836
4141,wiki,2.9552536010742188,3.900385856628418,0.9451322555541992
4142,news,3.1092326641082764,3.5511562824249268,0.4419236183166504
4143,reviews,3.7814598083496094,3.913782835006714,0.1323230266571045
4144,paper,1.953910231590271,4.170952320098877,2.217042088508606
4145,code,2.1018002033233643,2.6982932090759277,0.5964930057525635
4146,math,1.5123512744903564,1.8940571546554565,0.3817058801651001
4147,wiki,3.043375253677368,3.3937363624572754,0.3503611087799072
4148,news,3.9899344444274902,4.340468406677246,0.35053396224975586
4149,reviews,3.772810220718384,3.936635971069336,0.16382575035095215
4150,paper,1.8849430084228516,3.76002836227417,1.8750853538513184
4151,code,0.8078783750534058,1.2583863735198975,0.4505079984664917
4152,math,1.535785436630249,1.8832634687423706,0.3474780321121216
4153,wiki,2.852447271347046,3.8262784481048584,0.9738311767578125
4154,news,4.311091899871826,4.672940731048584,0.3618488311767578
4155,reviews,3.8710176944732666,3.9773707389831543,0.1063530445098877
4156,paper,2.6167190074920654,4.587088108062744,1.9703691005706787
4157,code,1.920975923538208,2.6663355827331543,0.7453596591949463
4158,math,1.4616538286209106,1.9911988973617554,0.5295450687408447
4159,wiki,3.9228458404541016,4.042562007904053,0.11971616744995117
4160,news,4.923914432525635,4.956376075744629,0.03246164321899414
4161,reviews,3.8022677898406982,3.888890266418457,0.08662247657775879
4162,paper,2.226508378982544,4.141315937042236,1.9148075580596924
4163,code,1.873029351234436,2.5955989360809326,0.7225695848464966
4164,math,1.2472202777862549,1.9021034240722656,0.6548831462860107
4165,wiki,2.835576057434082,3.7042970657348633,0.8687210083007812
4166,news,3.85307240486145,4.224447727203369,0.37137532234191895
4167,reviews,4.145923137664795,4.273268699645996,0.12734556198120117
4168,paper,1.910103440284729,3.442685127258301,1.5325816869735718
4169,code,1.057976484298706,1.6180235147476196,0.5600470304489136
4170,math,1.661657452583313,2.1859843730926514,0.5243269205093384
4171,wiki,3.551644802093506,4.464240074157715,0.912595272064209
4172,news,4.002518653869629,4.217162132263184,0.2146434783935547
4173,reviews,3.90352463722229,4.027076721191406,0.12355208396911621
4174,paper,1.9262464046478271,4.194967269897461,2.268720865249634
4175,code,0.8042881488800049,1.493880033493042,0.6895918846130371
4176,math,1.1585272550582886,1.421610713005066,0.26308345794677734
4177,wiki,3.100978136062622,3.48213267326355,0.38115453720092773
4178,news,3.050776481628418,3.3079915046691895,0.2572150230407715
4179,reviews,3.819317579269409,3.8744027614593506,0.055085182189941406
4180,paper,2.167891263961792,4.323800563812256,2.155909299850464
4181,code,0.858379602432251,1.0160235166549683,0.15764391422271729
4182,math,2.0658152103424072,2.56227445602417,0.4964592456817627
4183,wiki,3.3629324436187744,4.124714374542236,0.7617819309234619
4184,news,3.972057342529297,4.142930507659912,0.17087316513061523
4185,reviews,3.3638811111450195,3.4493472576141357,0.08546614646911621
4186,paper,3.0727760791778564,4.878626823425293,1.8058507442474365
4187,code,1.3099958896636963,1.9137836694717407,0.6037877798080444
4188,math,1.6076898574829102,2.010913610458374,0.40322375297546387
4189,wiki,3.062757968902588,3.8237481117248535,0.7609901428222656
4190,news,3.237642288208008,3.465449810028076,0.22780752182006836
4191,reviews,4.259487152099609,4.316082000732422,0.0565948486328125
4192,paper,2.7135202884674072,5.176328182220459,2.4628078937530518
4193,code,2.0700132846832275,2.6329643726348877,0.5629510879516602
4194,math,1.3877087831497192,1.7163398265838623,0.32863104343414307
4195,wiki,2.146329402923584,3.462347984313965,1.3160185813903809
4196,news,3.0836896896362305,3.3361008167266846,0.2524111270904541
4197,reviews,3.67228364944458,3.778660774230957,0.10637712478637695
4198,paper,2.595651865005493,4.412531852722168,1.8168799877166748
4199,code,1.9170184135437012,2.563335418701172,0.6463170051574707
4200,math,1.745360255241394,2.1060118675231934,0.3606516122817993
4201,wiki,2.4079363346099854,3.2083041667938232,0.8003678321838379
4202,news,3.2050867080688477,3.4679877758026123,0.26290106773376465
4203,reviews,3.8071491718292236,3.9208295345306396,0.11368036270141602
4204,paper,2.406428337097168,2.924497604370117,0.5180692672729492
4205,code,0.5759042501449585,0.7902026176452637,0.21429836750030518
4206,math,1.7108666896820068,2.330592393875122,0.6197257041931152
4207,wiki,3.0233254432678223,3.19099497795105,0.16766953468322754
4208,news,3.976130723953247,4.3287224769592285,0.35259175300598145
4209,reviews,3.879284381866455,3.9443864822387695,0.06510210037231445
4210,paper,2.1931142807006836,2.650975227355957,0.45786094665527344
4211,code,0.8230113983154297,1.3896631002426147,0.5666517019271851
4212,math,1.5114842653274536,1.6621607542037964,0.15067648887634277
4213,wiki,3.2324728965759277,3.4931704998016357,0.260697603225708
4214,news,3.2748806476593018,3.375342845916748,0.10046219825744629
4215,reviews,3.6476244926452637,3.8592820167541504,0.21165752410888672
4216,paper,2.526010274887085,3.636798858642578,1.1107885837554932
4217,code,1.04679274559021,1.3466583490371704,0.29986560344696045
4218,math,1.7485828399658203,2.334435224533081,0.5858523845672607
4219,wiki,2.8387532234191895,3.0053551197052,0.16660189628601074
4220,news,3.218822479248047,3.333630084991455,0.1148076057434082
4221,reviews,3.8643085956573486,4.138645172119141,0.274336576461792
4222,paper,2.516974449157715,4.388517379760742,1.8715429306030273
4223,code,1.3025541305541992,1.863943099975586,0.5613889694213867
4224,math,1.204976201057434,1.8112314939498901,0.606255292892456
4225,wiki,2.7768056392669678,3.4532177448272705,0.6764121055603027
4226,news,3.684675455093384,4.015647888183594,0.33097243309020996
4227,reviews,3.629819869995117,3.723351240158081,0.09353137016296387
4228,paper,1.8580682277679443,2.7358224391937256,0.8777542114257812
4229,code,1.075447678565979,1.750994086265564,0.675546407699585
4230,math,1.008309245109558,1.5451422929763794,0.5368330478668213
4231,wiki,2.730717658996582,2.942772626876831,0.21205496788024902
4232,news,4.221455097198486,4.527151107788086,0.3056960105895996
4233,reviews,4.066824913024902,4.055020809173584,-0.01180410385131836
4234,paper,1.8691266775131226,2.6373062133789062,0.7681795358657837
4235,code,1.544783353805542,2.4075520038604736,0.8627686500549316
4236,math,1.4485156536102295,1.9474332332611084,0.4989175796508789
4237,wiki,2.8981096744537354,4.210902690887451,1.3127930164337158
4238,news,3.5735836029052734,3.7427775859832764,0.16919398307800293
4239,reviews,4.472322940826416,4.6694231033325195,0.19710016250610352
4240,paper,2.4810428619384766,3.7427661418914795,1.261723279953003
4241,code,1.1440290212631226,1.8180559873580933,0.6740269660949707
4242,math,1.152878761291504,1.434814214706421,0.281935453414917
4243,wiki,2.7084450721740723,3.5354995727539062,0.827054500579834
4244,news,3.4559638500213623,3.5214695930480957,0.0655057430267334
4245,reviews,3.9466681480407715,4.081540584564209,0.1348724365234375
4246,paper,2.7899410724639893,4.5365729331970215,1.7466318607330322
4247,code,1.485573649406433,2.2575831413269043,0.7720094919204712
4248,math,1.500413417816162,2.119964838027954,0.619551420211792
4249,wiki,2.7844748497009277,3.091688632965088,0.30721378326416016
4250,news,3.3540616035461426,3.4867284297943115,0.13266682624816895
4251,reviews,4.288099765777588,4.395385265350342,0.1072854995727539
4252,paper,2.4332075119018555,4.5896830558776855,2.15647554397583
4253,code,0.9323998093605042,1.2576830387115479,0.3252832293510437
4254,math,1.3271621465682983,1.9007542133331299,0.5735920667648315
4255,wiki,2.3498852252960205,2.7123591899871826,0.3624739646911621
4256,news,3.930708646774292,4.081614017486572,0.15090537071228027
4257,reviews,3.4691362380981445,3.6098787784576416,0.14074254035949707
4258,paper,2.6750104427337646,4.683923244476318,2.0089128017425537
4259,code,0.7749693393707275,1.428560733795166,0.6535913944244385
4260,math,0.9901829361915588,1.5123491287231445,0.5221661925315857
4261,wiki,3.6596689224243164,3.900430917739868,0.24076199531555176
4262,news,3.7068846225738525,3.9705734252929688,0.2636888027191162
4263,reviews,3.6542770862579346,3.76967453956604,0.11539745330810547
4264,paper,2.87630558013916,5.141180515289307,2.2648749351501465
4265,code,1.3848687410354614,2.069366455078125,0.6844977140426636
4266,math,1.4493917226791382,1.9977623224258423,0.5483705997467041
4267,wiki,3.8582253456115723,3.846204996109009,-0.012020349502563477
4268,news,3.3749234676361084,3.6243698596954346,0.24944639205932617
4269,reviews,3.377124309539795,3.512073040008545,0.13494873046875
4270,paper,2.797956943511963,5.272010326385498,2.474053382873535
4271,code,1.6034305095672607,2.2901620864868164,0.6867315769195557
4272,math,1.9023321866989136,2.1856679916381836,0.28333580493927
4273,wiki,3.2978720664978027,3.667414665222168,0.36954259872436523
4274,news,3.142003297805786,3.3870506286621094,0.24504733085632324
4275,reviews,3.1481716632843018,3.2307350635528564,0.08256340026855469
4276,paper,1.327122449874878,3.3847522735595703,2.0576298236846924
4277,code,0.6481676697731018,0.9366399645805359,0.2884722948074341
4278,math,1.39799964427948,1.7912745475769043,0.3932749032974243
4279,wiki,3.3626670837402344,3.456543207168579,0.09387612342834473
4280,news,2.882456064224243,3.067321538925171,0.18486547470092773
4281,reviews,3.672271251678467,3.819955825805664,0.14768457412719727
4282,paper,1.5632269382476807,3.354214906692505,1.7909879684448242
4283,code,0.9851953983306885,1.7889093160629272,0.8037139177322388
4284,math,1.036348819732666,1.511263370513916,0.47491455078125
4285,wiki,3.345832347869873,4.066082954406738,0.7202506065368652
4286,news,3.6172144412994385,4.141564846038818,0.5243504047393799
4287,reviews,3.1812267303466797,3.3049874305725098,0.12376070022583008
4288,paper,2.505159616470337,4.479924201965332,1.9747645854949951
4289,code,1.3635263442993164,1.859603762626648,0.49607741832733154
4290,math,0.9908033013343811,1.2240382432937622,0.2332349419593811
4291,wiki,2.247361898422241,2.6446950435638428,0.39733314514160156
4292,news,3.6953020095825195,4.11431360244751,0.41901159286499023
4293,reviews,3.534029722213745,3.664175033569336,0.13014531135559082
4294,paper,2.2210745811462402,3.753263235092163,1.5321886539459229
4295,code,0.9210221767425537,1.2199267148971558,0.29890453815460205
4296,math,1.3701578378677368,2.0165679454803467,0.6464101076126099
4297,wiki,2.5101640224456787,2.600569486618042,0.09040546417236328
4298,news,3.220137357711792,3.602688789367676,0.3825514316558838
4299,reviews,3.2503464221954346,3.374861001968384,0.12451457977294922
4300,paper,1.7198001146316528,3.523585081100464,1.803784966468811
4301,code,1.083785891532898,1.7030353546142578,0.6192494630813599
4302,math,1.054486870765686,1.3246368169784546,0.27014994621276855
4303,wiki,3.111847162246704,3.556257486343384,0.4444103240966797
4304,news,3.188887357711792,3.444387674331665,0.25550031661987305
4305,reviews,3.0818979740142822,3.322986364364624,0.2410883903503418
4306,paper,1.3784122467041016,3.8532211780548096,2.474808931350708
4307,code,1.2504795789718628,1.8236602544784546,0.5731806755065918
4308,math,1.1864063739776611,1.6612143516540527,0.4748079776763916
4309,wiki,2.2990987300872803,2.690634250640869,0.39153552055358887
4310,news,4.6829681396484375,4.985536098480225,0.3025679588317871
4311,reviews,3.5975348949432373,3.7336416244506836,0.1361067295074463
4312,paper,1.1274421215057373,3.76080584526062,2.633363723754883
4313,code,0.8927457332611084,1.0153056383132935,0.12255990505218506
4314,math,1.3955285549163818,1.8197181224822998,0.42418956756591797
4315,wiki,2.6486308574676514,2.909759044647217,0.26112818717956543
4316,news,3.892232894897461,4.065555572509766,0.1733226776123047
4317,reviews,3.9562230110168457,4.072131633758545,0.11590862274169922
4318,paper,1.301861047744751,3.6604812145233154,2.3586201667785645
4319,code,2.2387022972106934,2.7007455825805664,0.46204328536987305
4320,math,1.8866325616836548,2.5159196853637695,0.6292871236801147
4321,wiki,3.070432424545288,3.379554033279419,0.30912160873413086
4322,news,4.719144821166992,4.991419792175293,0.2722749710083008
4323,reviews,4.521975994110107,4.661048412322998,0.13907241821289062
4324,paper,2.257420301437378,3.129559278488159,0.8721389770507812
4325,code,1.4360921382904053,1.9993016719818115,0.5632095336914062
4326,math,1.4892789125442505,1.8858238458633423,0.3965449333190918
4327,wiki,3.7213220596313477,4.1483964920043945,0.4270744323730469
4328,news,3.8250131607055664,4.055413722991943,0.23040056228637695
4329,reviews,4.469641208648682,4.601457595825195,0.13181638717651367
4330,paper,2.4151201248168945,5.270807266235352,2.855687141418457
4331,code,1.2218478918075562,1.575579047203064,0.3537311553955078
4332,math,1.707991600036621,2.191229820251465,0.48323822021484375
4333,wiki,3.32486891746521,3.398423671722412,0.07355475425720215
4334,news,3.3437764644622803,3.5447278022766113,0.20095133781433105
4335,reviews,4.128725528717041,4.229226589202881,0.10050106048583984
4336,paper,2.386796236038208,4.438389301300049,2.051593065261841
4337,code,1.237151026725769,1.4194049835205078,0.18225395679473877
4338,math,1.2889822721481323,1.7183409929275513,0.42935872077941895
4339,wiki,3.7066049575805664,4.043710708618164,0.33710575103759766
4340,news,4.013514041900635,4.143030643463135,0.1295166015625
4341,reviews,4.22269868850708,4.285048961639404,0.06235027313232422
4342,paper,2.4029457569122314,3.9608097076416016,1.5578639507293701
4343,code,0.8802040815353394,1.5443145036697388,0.6641104221343994
4344,math,1.283396601676941,1.580512523651123,0.29711592197418213
4345,wiki,3.5698564052581787,3.6645514965057373,0.0946950912475586
4346,news,4.006928443908691,4.251615524291992,0.24468708038330078
4347,reviews,3.281322717666626,3.3666415214538574,0.08531880378723145
4348,paper,2.6338963508605957,4.474099636077881,1.8402032852172852
4349,code,0.8569931983947754,1.3818892240524292,0.5248960256576538
4350,math,1.958452820777893,2.6236727237701416,0.6652199029922485
4351,wiki,3.644908905029297,3.893543004989624,0.24863409996032715
4352,news,3.833404541015625,4.105445861816406,0.27204132080078125
4353,reviews,3.9675467014312744,4.027790069580078,0.06024336814880371
4354,paper,2.6976571083068848,4.888067245483398,2.1904101371765137
4355,code,1.217344045639038,1.4465091228485107,0.22916507720947266
4356,math,1.5404014587402344,1.7195775508880615,0.17917609214782715
4357,wiki,3.1135666370391846,3.4409611225128174,0.3273944854736328
4358,news,4.165276050567627,4.437834739685059,0.27255868911743164
4359,reviews,3.9926459789276123,4.137710094451904,0.145064115524292
4360,paper,2.3054957389831543,5.229675769805908,2.924180030822754
4361,code,0.9330589771270752,1.4801632165908813,0.5471042394638062
4362,math,1.4665555953979492,1.9256948232650757,0.45913922786712646
4363,wiki,2.79084849357605,3.0456106662750244,0.2547621726989746
4364,news,4.28106164932251,4.625561237335205,0.3444995880126953
4365,reviews,4.326201915740967,4.4378342628479,0.1116323471069336
4366,paper,2.0620803833007812,4.414379596710205,2.352299213409424
4367,code,1.4365934133529663,2.1607632637023926,0.7241698503494263
4368,math,1.1429201364517212,1.6139105558395386,0.4709904193878174
4369,wiki,2.9817259311676025,3.1816842555999756,0.19995832443237305
4370,news,4.187624931335449,4.467216968536377,0.27959203720092773
4371,reviews,3.9087750911712646,3.9937639236450195,0.08498883247375488
4372,paper,1.5206005573272705,3.5471749305725098,2.0265743732452393
4373,code,1.4132031202316284,1.5857349634170532,0.1725318431854248
4374,math,1.50294029712677,1.780253291130066,0.2773129940032959
4375,wiki,3.4837512969970703,3.6371564865112305,0.15340518951416016
4376,news,3.704202175140381,3.9369654655456543,0.23276329040527344
4377,reviews,4.145723819732666,4.272010326385498,0.12628650665283203
4378,paper,2.4936811923980713,4.361802101135254,1.8681209087371826
4379,code,1.3730411529541016,2.0209381580352783,0.6478970050811768
4380,math,1.6135529279708862,2.1335608959198,0.5200079679489136
4381,wiki,3.1002745628356934,4.00414514541626,0.9038705825805664
4382,news,3.3939826488494873,3.789173126220703,0.3951904773712158
4383,reviews,3.995326042175293,4.07679557800293,0.08146953582763672
4384,paper,2.364056348800659,4.427338600158691,2.0632822513580322
4385,code,0.8141705393791199,1.0644819736480713,0.2503114342689514
4386,math,1.6237807273864746,2.138627290725708,0.5148465633392334
4387,wiki,2.195620059967041,2.454432725906372,0.25881266593933105
4388,news,3.107008457183838,3.4764437675476074,0.36943531036376953
4389,reviews,4.630977153778076,4.703857898712158,0.07288074493408203
4390,paper,2.472574234008789,3.7695224285125732,1.2969481945037842
4391,code,1.015376091003418,1.577951431274414,0.5625753402709961
4392,math,1.5722237825393677,1.8356726169586182,0.2634488344192505
4393,wiki,2.989011764526367,3.3147521018981934,0.32574033737182617
4394,news,3.1951544284820557,3.522733449935913,0.3275790214538574
4395,reviews,3.7435243129730225,3.867779493331909,0.12425518035888672
4396,paper,2.3469974994659424,4.22328519821167,1.8762876987457275
4397,code,1.4608632326126099,1.760624647140503,0.29976141452789307
4398,math,1.6364116668701172,2.1052212715148926,0.4688096046447754
4399,wiki,3.2377395629882812,3.68015456199646,0.4424149990081787
4400,news,3.058358669281006,3.4868810176849365,0.42852234840393066
4401,reviews,3.8169946670532227,3.886197328567505,0.06920266151428223
4402,paper,1.8244807720184326,3.570380687713623,1.7458999156951904
4403,code,1.6389936208724976,2.3228888511657715,0.6838952302932739
4404,math,0.9800518155097961,1.3385370969772339,0.35848528146743774
4405,wiki,3.6004385948181152,3.9319844245910645,0.3315458297729492
4406,news,3.3156068325042725,3.7414588928222656,0.42585206031799316
4407,reviews,3.3712329864501953,3.466792345046997,0.09555935859680176
4408,paper,1.814415693283081,3.5520429611206055,1.7376272678375244
4409,code,2.0438649654388428,2.6297121047973633,0.5858471393585205
4410,math,1.3170562982559204,1.9439595937728882,0.6269032955169678
4411,wiki,2.65887451171875,3.357501268386841,0.6986267566680908
4412,news,3.0784857273101807,3.538081169128418,0.4595954418182373
4413,reviews,3.8760910034179688,4.115235328674316,0.23914432525634766
4414,paper,1.7163642644882202,3.7729263305664062,2.056562066078186
4415,code,1.9399505853652954,2.636470079421997,0.6965194940567017
4416,math,1.1214916706085205,1.5917853116989136,0.47029364109039307
4417,wiki,2.858194589614868,3.3026540279388428,0.4444594383239746
4418,news,3.332563877105713,3.705000638961792,0.3724367618560791
4419,reviews,3.443567991256714,3.6118078231811523,0.16823983192443848
4420,paper,2.2794275283813477,4.314138412475586,2.0347108840942383
4421,code,0.9936488270759583,1.2938348054885864,0.3001859784126282
4422,math,1.1955915689468384,1.7011815309524536,0.5055899620056152
4423,wiki,2.614558696746826,3.146454095840454,0.5318953990936279
4424,news,4.0667033195495605,4.4661431312561035,0.39943981170654297
4425,reviews,3.143808364868164,3.3165273666381836,0.17271900177001953
4426,paper,2.7565627098083496,5.113653182983398,2.357090473175049
4427,code,0.899898886680603,1.2547415494918823,0.3548426628112793
4428,math,1.0727931261062622,1.6934338808059692,0.620640754699707
4429,wiki,2.2649412155151367,3.2078781127929688,0.942936897277832
4430,news,3.372739791870117,3.9052417278289795,0.5325019359588623
4431,reviews,3.6889753341674805,3.750878095626831,0.061902761459350586
4432,paper,1.9482452869415283,3.994805097579956,2.0465598106384277
4433,code,1.364375114440918,1.8499740362167358,0.48559892177581787
4434,math,1.1036113500595093,1.6479637622833252,0.5443524122238159
4435,wiki,2.916581869125366,3.2601068019866943,0.3435249328613281
4436,news,4.102562427520752,4.527225494384766,0.42466306686401367
4437,reviews,3.405097484588623,3.4403200149536133,0.035222530364990234
4438,paper,2.1733238697052,4.631264686584473,2.4579408168792725
4439,code,1.009775996208191,1.5700782537460327,0.5603022575378418
4440,math,1.161773920059204,1.4742554426193237,0.31248152256011963
4441,wiki,2.7284200191497803,2.8010387420654297,0.07261872291564941
4442,news,3.805036783218384,4.3347249031066895,0.5296881198883057
4443,reviews,3.5909857749938965,3.6759908199310303,0.08500504493713379
4444,paper,1.810795545578003,3.404813051223755,1.594017505645752
4445,code,1.1929287910461426,1.5496925115585327,0.35676372051239014
4446,math,1.1240904331207275,1.3017897605895996,0.17769932746887207
4447,wiki,2.711273431777954,3.824554920196533,1.113281488418579
4448,news,3.99495792388916,4.169610977172852,0.1746530532836914
4449,reviews,4.104824542999268,4.188942909240723,0.08411836624145508
4450,paper,2.2096450328826904,4.0722503662109375,1.862605333328247
4451,code,0.9486455917358398,1.620318055152893,0.6716724634170532
4452,math,1.3916171789169312,1.8493715524673462,0.45775437355041504
4453,wiki,3.4952738285064697,3.9623875617980957,0.467113733291626
4454,news,3.516660690307617,3.681713581085205,0.1650528907775879
4455,reviews,4.10328483581543,4.220012187957764,0.11672735214233398
4456,paper,1.6968269348144531,3.9858593940734863,2.289032459259033
4457,code,0.9994833469390869,1.4578633308410645,0.45837998390197754
4458,math,1.5768660306930542,1.9587064981460571,0.38184046745300293
4459,wiki,3.938243865966797,4.110623359680176,0.1723794937133789
4460,news,3.3859026432037354,3.530959129333496,0.14505648612976074
4461,reviews,4.552199840545654,4.758395671844482,0.20619583129882812
4462,paper,1.894784927368164,3.680987596511841,1.7862026691436768
4463,code,1.6590704917907715,2.305088996887207,0.6460185050964355
4464,math,1.674731731414795,2.196723461151123,0.5219917297363281
4465,wiki,3.7294716835021973,4.328434467315674,0.5989627838134766
4466,news,3.791468381881714,4.115049839019775,0.3235814571380615
4467,reviews,3.7882633209228516,3.838015556335449,0.049752235412597656
4468,paper,2.159327745437622,4.046592712402344,1.8872649669647217
4469,code,1.5414799451828003,2.1957104206085205,0.6542304754257202
4470,math,1.2913517951965332,1.5705444812774658,0.2791926860809326
4471,wiki,3.3479363918304443,3.6135566234588623,0.26562023162841797
4472,news,3.600353240966797,4.021999835968018,0.4216465950012207
4473,reviews,3.9768786430358887,4.114814281463623,0.13793563842773438
4474,paper,2.2492735385894775,4.553090572357178,2.3038170337677
4475,code,0.904491126537323,1.224367618560791,0.319876492023468
4476,math,1.5780822038650513,2.0904767513275146,0.5123945474624634
4477,wiki,3.259385108947754,3.643763303756714,0.38437819480895996
4478,news,3.78822922706604,4.136623382568359,0.34839415550231934
4479,reviews,3.595832586288452,3.6848948001861572,0.08906221389770508
4480,paper,1.5821638107299805,3.9659698009490967,2.383805990219116
4481,code,0.4853135943412781,0.8467738628387451,0.36146026849746704
4482,math,1.7403532266616821,2.148303508758545,0.4079502820968628
4483,wiki,3.6410441398620605,3.836620807647705,0.19557666778564453
4484,news,3.3269729614257812,3.587958335876465,0.2609853744506836
4485,reviews,4.199295520782471,4.295996189117432,0.09670066833496094
4486,paper,1.7401806116104126,3.945328950881958,2.2051483392715454
4487,code,0.9164322018623352,1.280390739440918,0.36395853757858276
4488,math,1.2658218145370483,1.650181531906128,0.3843597173690796
4489,wiki,3.548640251159668,4.255868911743164,0.7072286605834961
4490,news,3.2514777183532715,3.490631580352783,0.23915386199951172
4491,reviews,3.8871986865997314,4.006922245025635,0.11972355842590332
4492,paper,2.67038631439209,4.621999740600586,1.951613426208496
4493,code,0.984338641166687,1.595646619796753,0.6113079786300659
4494,math,1.5710433721542358,2.082078456878662,0.5110350847244263
4495,wiki,3.1765286922454834,3.8995938301086426,0.7230651378631592
4496,news,3.178771495819092,3.4158191680908203,0.23704767227172852
4497,reviews,3.3266947269439697,3.4085006713867188,0.08180594444274902
4498,paper,1.906814694404602,3.810817241668701,1.9040025472640991
4499,code,1.0784331560134888,1.7125383615493774,0.6341052055358887
4500,math,1.5510523319244385,2.01007342338562,0.45902109146118164
4501,wiki,3.699139356613159,4.271461009979248,0.5723216533660889
4502,news,3.7168867588043213,3.976451873779297,0.2595651149749756
4503,reviews,3.196687936782837,3.422002077102661,0.22531414031982422
4504,paper,1.7875524759292603,4.170952320098877,2.3833998441696167
4505,code,1.1659793853759766,1.7633713483810425,0.5973919630050659
4506,math,1.60505211353302,2.225813627243042,0.620761513710022
4507,wiki,3.277926206588745,3.5874593257904053,0.30953311920166016
4508,news,3.61299729347229,4.2291789054870605,0.6161816120147705
4509,reviews,2.938523530960083,3.130497455596924,0.19197392463684082
4510,paper,1.6838538646697998,3.76002836227417,2.07617449760437
4511,code,1.4088517427444458,2.162031412124634,0.753179669380188
4512,math,2.1059281826019287,2.5720295906066895,0.46610140800476074
4513,wiki,4.2857184410095215,4.737163543701172,0.4514451026916504
4514,news,3.222043991088867,3.7994234561920166,0.5773794651031494
4515,reviews,3.9156250953674316,4.051447868347168,0.13582277297973633
4516,paper,2.477724075317383,4.587088108062744,2.1093640327453613
4517,code,0.9662027955055237,1.2637485265731812,0.29754573106765747
4518,math,1.9637364149093628,2.2637758255004883,0.3000394105911255
4519,wiki,3.7492547035217285,4.686673641204834,0.9374189376831055
4520,news,3.2692904472351074,3.6605799198150635,0.39128947257995605
4521,reviews,3.797879695892334,3.8705363273620605,0.07265663146972656
4522,paper,2.062981128692627,4.141315937042236,2.0783348083496094
4523,code,1.890212893486023,2.5376548767089844,0.6474419832229614
4524,math,1.640262246131897,2.1256942749023438,0.4854320287704468
4525,wiki,3.0401360988616943,3.656256914138794,0.6161208152770996
4526,news,3.6614527702331543,4.073128700256348,0.41167593002319336
4527,reviews,3.096113920211792,3.3219990730285645,0.22588515281677246
4528,paper,1.7895621061325073,3.442685127258301,1.6531230211257935
4529,code,2.3025875091552734,2.849921226501465,0.5473337173461914
4530,math,1.5061092376708984,1.99190354347229,0.4857943058013916
4531,wiki,2.550967216491699,2.949420690536499,0.3984534740447998
4532,news,3.358011484146118,3.8091976642608643,0.4511861801147461
4533,reviews,3.5615599155426025,3.614926815032959,0.053366899490356445
4534,paper,1.8478171825408936,4.194967269897461,2.3471500873565674
4535,code,1.5202240943908691,2.04783034324646,0.5276062488555908
4536,math,1.3851791620254517,1.6930993795394897,0.3079202175140381
4537,wiki,3.628262758255005,3.7910408973693848,0.16277813911437988
4538,news,2.676751136779785,2.798384428024292,0.12163329124450684
4539,reviews,3.4849886894226074,3.6029882431030273,0.11799955368041992
4540,paper,2.0958242416381836,4.323800563812256,2.2279763221740723
4541,code,1.952204704284668,2.704657793045044,0.752453088760376
4542,math,1.3713313341140747,1.7846568822860718,0.41332554817199707
4543,wiki,3.070464849472046,3.4243521690368652,0.35388731956481934
4544,news,3.2738254070281982,3.5499496459960938,0.2761242389678955
4545,reviews,3.757100820541382,3.995795965194702,0.2386951446533203
4546,paper,2.9703259468078613,4.878626823425293,1.9083008766174316
4547,code,1.2978665828704834,1.8866863250732422,0.5888197422027588
4548,math,1.6205343008041382,2.005518674850464,0.3849843740463257
4549,wiki,3.0923640727996826,3.919945001602173,0.8275809288024902
4550,news,3.8590586185455322,4.090075492858887,0.2310168743133545
4551,reviews,4.124670505523682,4.148340225219727,0.023669719696044922
4552,paper,2.560875415802002,5.176328182220459,2.615452766418457
4553,code,1.2951438426971436,1.5668853521347046,0.27174150943756104
4554,math,0.9711185693740845,1.4363658428192139,0.4652472734451294
4555,wiki,3.7718896865844727,3.874657392501831,0.1027677059173584
4556,news,3.0435335636138916,3.443714141845703,0.4001805782318115
4557,reviews,3.526913642883301,3.7411134243011475,0.21419978141784668
4558,paper,2.526646614074707,4.412531852722168,1.885885238647461
4559,code,1.3084856271743774,2.031683921813965,0.7231982946395874
4560,math,0.9714853167533875,1.414125680923462,0.44264036417007446
4561,wiki,3.0312697887420654,3.3954081535339355,0.3641383647918701
4562,news,2.8382909297943115,3.238659381866455,0.40036845207214355
4563,reviews,3.2790918350219727,3.421149253845215,0.1420574188232422
4564,paper,2.3718857765197754,2.924497604370117,0.5526118278503418
4565,code,1.4736558198928833,2.1227803230285645,0.6491245031356812
4566,math,2.1108672618865967,2.709449529647827,0.5985822677612305
4567,wiki,2.6273512840270996,3.0232081413269043,0.3958568572998047
4568,news,3.705481767654419,4.073246002197266,0.3677642345428467
4569,reviews,4.015358924865723,4.240902423858643,0.22554349899291992
4570,paper,2.1587588787078857,2.650975227355957,0.4922163486480713
4571,code,0.8666050434112549,1.2544770240783691,0.38787198066711426
4572,math,0.8248367309570312,1.036246657371521,0.21140992641448975
4573,wiki,1.9821712970733643,3.068359375,1.0861880779266357
4574,news,3.6744251251220703,4.111151218414307,0.43672609329223633
4575,reviews,4.278111934661865,4.313510417938232,0.03539848327636719
4576,paper,2.4015512466430664,3.636798858642578,1.2352476119995117
4577,code,0.9298758506774902,1.1200079917907715,0.19013214111328125
4578,math,1.6000714302062988,2.170069932937622,0.5699985027313232
4579,wiki,2.368927001953125,2.889767646789551,0.5208406448364258
4580,news,2.783421754837036,3.323552370071411,0.540130615234375
4581,reviews,4.168393611907959,4.234123229980469,0.06572961807250977
4582,paper,2.378330945968628,4.388517379760742,2.0101864337921143
4583,code,1.1983705759048462,1.8016371726989746,0.6032665967941284
4584,math,1.2796341180801392,1.5943349599838257,0.3147008419036865
4585,wiki,2.6617467403411865,3.812692642211914,1.1509459018707275
4586,news,3.794031858444214,4.432708263397217,0.6386764049530029
4587,reviews,3.2459025382995605,3.3529655933380127,0.10706305503845215
4588,paper,1.7870798110961914,2.7358224391937256,0.9487426280975342
4589,code,1.1440229415893555,1.4804496765136719,0.3364267349243164
4590,math,1.4547333717346191,2.207188367843628,0.7524549961090088
4591,wiki,3.1730594635009766,3.6396710872650146,0.4666116237640381
4592,news,3.508641481399536,3.7853429317474365,0.2767014503479004
4593,reviews,3.4250190258026123,3.528729200363159,0.10371017456054688
4594,paper,1.8595808744430542,2.6373062133789062,0.777725338935852
4595,code,1.1666759252548218,1.8220243453979492,0.6553484201431274
4596,math,2.0359416007995605,2.709801197052002,0.6738595962524414
4597,wiki,2.6258599758148193,3.5259549617767334,0.9000949859619141
4598,news,3.198427677154541,3.6232852935791016,0.42485761642456055
4599,reviews,3.506929397583008,3.689116954803467,0.18218755722045898
4600,paper,2.406127452850342,3.7427661418914795,1.3366386890411377
4601,code,0.8893144130706787,1.1630035638809204,0.2736891508102417
4602,math,1.2733265161514282,1.5888714790344238,0.3155449628829956
4603,wiki,2.223435640335083,2.6096391677856445,0.3862035274505615
4604,news,2.945219039916992,3.2814931869506836,0.3362741470336914
4605,reviews,3.4326047897338867,3.614858627319336,0.18225383758544922
4606,paper,2.712935209274292,4.5365729331970215,1.8236377239227295
4607,code,1.090093731880188,1.6239666938781738,0.5338729619979858
4608,math,1.3455921411514282,1.791359782218933,0.4457676410675049
4609,wiki,2.8260836601257324,3.1529173851013184,0.32683372497558594
4610,news,4.6531453132629395,5.1177825927734375,0.46463727951049805
4611,reviews,2.975285530090332,3.137544631958008,0.16225910186767578
4612,paper,2.312594175338745,4.5896830558776855,2.2770888805389404
4613,code,0.8628808856010437,1.1406735181808472,0.27779263257980347
4614,math,1.6678032875061035,2.2124032974243164,0.5446000099182129
4615,wiki,2.614299774169922,3.439849615097046,0.825549840927124
4616,news,3.361551284790039,3.5504612922668457,0.18891000747680664
4617,reviews,2.925020456314087,3.0547170639038086,0.12969660758972168
4618,paper,2.531048536300659,4.683923244476318,2.152874708175659
4619,code,1.0806245803833008,1.6582704782485962,0.5776458978652954
4620,math,1.2653905153274536,1.8084146976470947,0.5430241823196411
4621,wiki,2.654231548309326,3.188668727874756,0.5344371795654297
4622,news,3.892298698425293,4.225776195526123,0.3334774971008301
4623,reviews,3.1411075592041016,3.2276856899261475,0.0865781307220459
4624,paper,2.701080799102783,5.141180515289307,2.4400997161865234
4625,code,0.9931765794754028,1.4836688041687012,0.49049222469329834
4626,math,1.450958013534546,2.0605051517486572,0.6095471382141113
4627,wiki,3.4245657920837402,3.6390044689178467,0.21443867683410645
4628,news,3.8768694400787354,4.210484027862549,0.3336145877838135
4629,reviews,3.6860311031341553,3.907109260559082,0.22107815742492676
4630,paper,2.5684261322021484,5.272010326385498,2.7035841941833496
4631,code,1.194109320640564,1.1926484107971191,-0.0014609098434448242
4632,math,1.523590326309204,2.00596022605896,0.48236989974975586
4633,wiki,3.118227243423462,3.4760525226593018,0.35782527923583984
4634,news,3.2174787521362305,3.6236438751220703,0.40616512298583984
4635,reviews,2.9375360012054443,2.906243085861206,-0.03129291534423828
4636,paper,1.2169944047927856,3.3847522735595703,2.1677578687667847
4637,code,1.280448079109192,1.5442358255386353,0.26378774642944336
4638,math,1.4615440368652344,1.723727822303772,0.2621837854385376
4639,wiki,2.5667531490325928,3.103682279586792,0.5369291305541992
4640,news,4.693567752838135,4.6188764572143555,-0.0746912956237793
4641,reviews,3.6791493892669678,3.7956655025482178,0.11651611328125
4642,paper,1.4007220268249512,3.354214906692505,1.9534928798675537
4643,code,1.3480870723724365,1.8815428018569946,0.5334557294845581
4644,math,1.6606730222702026,2.2611303329467773,0.6004573106765747
4645,wiki,2.917947769165039,3.176755428314209,0.2588076591491699
4646,news,3.3109495639801025,4.007807731628418,0.6968581676483154
4647,reviews,3.776249408721924,3.8985207080841064,0.12227129936218262
4648,paper,2.429349899291992,4.479924201965332,2.05057430267334
4649,code,1.5839327573776245,2.3405280113220215,0.756595253944397
4650,math,1.6868897676467896,2.3083107471466064,0.6214209794998169
4651,wiki,2.950592279434204,3.4581172466278076,0.5075249671936035
4652,news,3.001638412475586,3.5550315380096436,0.5533931255340576
4653,reviews,2.9465231895446777,3.1412353515625,0.19471216201782227
4654,paper,2.165132761001587,3.753263235092163,1.5881304740905762
4655,code,1.1260664463043213,1.7348359823226929,0.6087695360183716
4656,math,1.6702340841293335,1.894911527633667,0.2246774435043335
4657,wiki,3.0776989459991455,4.105584144592285,1.0278851985931396
4658,news,3.70736026763916,4.245880603790283,0.538520336151123
4659,reviews,3.450314998626709,3.486985206604004,0.03667020797729492
4660,paper,1.6886690855026245,3.523585081100464,1.8349159955978394
4661,code,1.2789779901504517,1.905564785003662,0.6265867948532104
4662,math,1.163528323173523,1.7524522542953491,0.5889239311218262
4663,wiki,3.181316614151001,3.521345376968384,0.3400287628173828
4664,news,3.1014153957366943,3.5037927627563477,0.4023773670196533
4665,reviews,3.289808988571167,3.413945198059082,0.12413620948791504
4666,paper,1.2365003824234009,3.8532211780548096,2.6167207956314087
4667,code,1.7127681970596313,2.5002455711364746,0.7874773740768433
4668,math,1.5950347185134888,2.1430251598358154,0.5479904413223267
4669,wiki,2.616194486618042,3.317284345626831,0.7010898590087891
4670,news,3.637676477432251,3.9384500980377197,0.30077362060546875
4671,reviews,3.746605634689331,3.8390488624572754,0.09244322776794434
4672,paper,1.030981183052063,3.76080584526062,2.729824662208557
4673,code,1.524673581123352,2.2409393787384033,0.7162657976150513
4674,math,0.8292301297187805,1.2482460737228394,0.41901594400405884
4675,wiki,2.9209349155426025,3.3489739894866943,0.4280390739440918
4676,news,3.5028610229492188,3.9283559322357178,0.425494909286499
4677,reviews,3.811223030090332,3.9789011478424072,0.1676781177520752
4678,paper,1.2411034107208252,3.6604812145233154,2.4193778038024902
4679,code,1.2005506753921509,2.0793631076812744,0.8788124322891235
4680,math,1.5890649557113647,1.9443392753601074,0.3552743196487427
4681,wiki,2.8194499015808105,3.1986567974090576,0.37920689582824707
4682,news,3.331146240234375,3.760953903198242,0.4298076629638672
4683,reviews,3.606858253479004,3.737914562225342,0.1310563087463379
4684,paper,2.219958782196045,3.129559278488159,0.9096004962921143
4685,code,1.1010446548461914,1.5224125385284424,0.421367883682251
4686,math,1.0721747875213623,1.4552562236785889,0.38308143615722656
4687,wiki,3.414904832839966,4.252910614013672,0.838005781173706
4688,news,2.8276031017303467,3.361912488937378,0.5343093872070312
4689,reviews,3.909970998764038,3.9507570266723633,0.040786027908325195
4690,paper,2.198934316635132,5.270807266235352,3.0718729496002197
4691,code,1.1219254732131958,1.7262076139450073,0.6042821407318115
4692,math,1.5819207429885864,2.113755702972412,0.5318349599838257
4693,wiki,2.7651970386505127,2.835221529006958,0.07002449035644531
4694,news,3.6646230220794678,4.093912601470947,0.4292895793914795
4695,reviews,4.35508394241333,4.507687091827393,0.1526031494140625
4696,paper,2.157038688659668,4.438389301300049,2.281350612640381
4697,code,0.8115771412849426,1.4173039197921753,0.6057267785072327
4698,math,1.234427571296692,1.61314857006073,0.3787209987640381
4699,wiki,3.4085519313812256,3.988585948944092,0.5800340175628662
4700,news,3.754152297973633,4.119093418121338,0.3649411201477051
4701,reviews,4.004837989807129,4.161841869354248,0.15700387954711914
4702,paper,2.2983274459838867,3.9608097076416016,1.6624822616577148
4703,code,1.3665653467178345,1.8313175439834595,0.464752197265625
4704,math,1.4370489120483398,2.1442620754241943,0.7072131633758545
4705,wiki,2.4892520904541016,4.036920070648193,1.5476679801940918
4706,news,3.422484874725342,3.7533068656921387,0.3308219909667969
4707,reviews,3.0696699619293213,3.2165544033050537,0.14688444137573242
4708,paper,2.5513570308685303,4.474099636077881,1.9227426052093506
4709,code,1.7730088233947754,2.346086263656616,0.5730774402618408
4710,math,1.2852903604507446,1.8726129531860352,0.5873225927352905
4711,wiki,2.368135452270508,3.0470662117004395,0.6789307594299316
4712,news,3.62947678565979,4.010519981384277,0.3810431957244873
4713,reviews,2.7699623107910156,2.8803420066833496,0.11037969589233398
4714,paper,2.5131850242614746,4.888067245483398,2.374882221221924
4715,code,1.2212789058685303,1.6604626178741455,0.43918371200561523
4716,math,1.001611351966858,1.2152447700500488,0.21363341808319092
4717,wiki,2.888477325439453,3.106182098388672,0.21770477294921875
4718,news,3.3051865100860596,3.6758790016174316,0.37069249153137207
4719,reviews,3.6917507648468018,3.8752028942108154,0.18345212936401367
4720,paper,2.171926736831665,5.229675769805908,3.057749032974243
4721,code,1.0092370510101318,1.2066149711608887,0.19737792015075684
4722,math,1.143836259841919,1.7215380668640137,0.5777018070220947
4723,wiki,2.2671658992767334,3.195317268371582,0.9281513690948486
4724,news,3.4404284954071045,3.614072561264038,0.1736440658569336
4725,reviews,3.0793330669403076,3.212550163269043,0.13321709632873535
4726,paper,1.902192234992981,4.414379596710205,2.512187361717224
4727,code,1.1618784666061401,1.7440128326416016,0.5821343660354614
4728,math,1.4761011600494385,1.7459092140197754,0.2698080539703369
4729,wiki,2.834303379058838,3.2399115562438965,0.4056081771850586
4730,news,3.5301194190979004,3.8249917030334473,0.2948722839355469
4731,reviews,3.253711700439453,3.4408326148986816,0.18712091445922852
4732,paper,1.3438600301742554,3.5471749305725098,2.2033149003982544
4733,code,1.4271233081817627,1.8651328086853027,0.43800950050354004
4734,math,1.3416069746017456,1.528886079788208,0.1872791051864624
4735,wiki,2.434436321258545,3.0720765590667725,0.6376402378082275
4736,news,3.4480316638946533,3.9275224208831787,0.4794907569885254
4737,reviews,3.098975658416748,3.3177199363708496,0.21874427795410156
4738,paper,2.3738348484039307,4.361802101135254,1.9879672527313232
4739,code,1.133002519607544,1.7382807731628418,0.6052782535552979
4740,math,1.463853359222412,1.8897289037704468,0.42587554454803467
4741,wiki,2.630890130996704,3.0031516551971436,0.37226152420043945
4742,news,3.3700950145721436,3.9921209812164307,0.6220259666442871
4743,reviews,3.8657329082489014,4.018274784088135,0.1525418758392334
4744,paper,2.2101705074310303,4.427338600158691,2.217168092727661
4745,code,1.2051595449447632,1.7649281024932861,0.559768557548523
4746,math,1.1466513872146606,1.5114753246307373,0.36482393741607666
4747,wiki,2.859917640686035,3.272146701812744,0.412229061126709
4748,news,3.594449758529663,3.9498870372772217,0.3554372787475586
4749,reviews,3.0717084407806396,3.1701371669769287,0.09842872619628906
4750,paper,2.415698766708374,3.7695224285125732,1.3538236618041992
4751,code,1.4256479740142822,2.2281994819641113,0.8025515079498291
4752,math,1.7907719612121582,2.321934938430786,0.5311629772186279
4753,wiki,2.9410457611083984,3.9929041862487793,1.0518584251403809
4754,news,3.844153642654419,4.232016086578369,0.3878624439239502
4755,reviews,4.17409610748291,4.356259822845459,0.18216371536254883
4756,paper,2.1881396770477295,4.22328519821167,2.0351455211639404
4757,code,1.3315544128417969,2.063419818878174,0.731865406036377
4758,math,1.1672916412353516,1.3930081129074097,0.2257164716720581
4759,wiki,3.1789591312408447,3.5376596450805664,0.3587005138397217
4760,news,3.120025396347046,3.4905662536621094,0.3705408573150635
4761,reviews,3.909024477005005,3.9810731410980225,0.07204866409301758
4762,paper,1.7400519847869873,3.570380687713623,1.8303287029266357
4763,code,1.0746289491653442,1.7997691631317139,0.7251402139663696
4764,math,1.4867656230926514,1.9600001573562622,0.47323453426361084
4765,wiki,2.862321138381958,3.076723337173462,0.2144021987915039
4766,news,2.820664644241333,3.309011459350586,0.48834681510925293
4767,reviews,3.777548313140869,3.8840138912200928,0.10646557807922363
4768,paper,1.7239034175872803,3.5520429611206055,1.8281395435333252
4769,code,1.0367255210876465,1.7703694105148315,0.7336438894271851
4770,math,1.453255534172058,1.9760892391204834,0.5228337049484253
4771,wiki,3.194139003753662,3.417454957962036,0.22331595420837402
4772,news,3.508297920227051,4.025838851928711,0.5175409317016602
4773,reviews,3.2200098037719727,3.392484664916992,0.17247486114501953
4774,paper,1.5954736471176147,3.7729263305664062,2.1774526834487915
4775,code,1.1728999614715576,1.893646001815796,0.7207460403442383
4776,math,1.5247069597244263,1.9848308563232422,0.4601238965988159
4777,wiki,2.900740623474121,3.256324052810669,0.35558342933654785
4778,news,3.146792411804199,3.6195549964904785,0.4727625846862793
4779,reviews,3.2582569122314453,3.398923397064209,0.14066648483276367
4780,paper,2.1202430725097656,4.314138412475586,2.1938953399658203
4781,code,0.9895390272140503,1.4117891788482666,0.4222501516342163
4782,math,1.2087328433990479,1.52152681350708,0.3127939701080322
4783,wiki,2.517235040664673,3.2701237201690674,0.7528886795043945
4784,news,3.443516254425049,3.9682157039642334,0.5246994495391846
4785,reviews,3.2548301219940186,3.3864688873291016,0.131638765335083
4786,paper,2.6135642528533936,5.113653182983398,2.500088930130005
4787,code,1.6824525594711304,1.9633172750473022,0.2808647155761719
4788,math,1.45905339717865,2.1514439582824707,0.6923905611038208
4789,wiki,3.3362483978271484,3.880514144897461,0.5442657470703125
4790,news,2.6321754455566406,3.239316940307617,0.6071414947509766
4791,reviews,3.884523868560791,4.1051554679870605,0.22063159942626953
4792,paper,1.8590201139450073,3.994805097579956,2.1357849836349487
4793,code,1.5398306846618652,2.2497453689575195,0.7099146842956543
4794,math,1.4294809103012085,2.059565544128418,0.6300846338272095
4795,wiki,2.9938740730285645,3.39776349067688,0.40388941764831543
4796,news,3.6529877185821533,4.309265613555908,0.6562778949737549
4797,reviews,3.1556036472320557,3.3571531772613525,0.20154953002929688
4798,paper,1.9844615459442139,4.631264686584473,2.646803140640259
4799,code,0.9069283604621887,1.5210002660751343,0.6140719056129456
4800,math,1.3128889799118042,1.800114631652832,0.48722565174102783
4801,wiki,3.473757266998291,4.127238750457764,0.6534814834594727
4802,news,3.268754720687866,3.598369836807251,0.32961511611938477
4803,reviews,3.823000431060791,3.896160364151001,0.07315993309020996
4804,paper,1.7278891801834106,3.404813051223755,1.6769238710403442
4805,code,0.9874200224876404,1.687301754951477,0.6998817324638367
4806,math,1.6559325456619263,2.0814175605773926,0.4254850149154663
4807,wiki,3.1070544719696045,3.465580463409424,0.35852599143981934
4808,news,3.347066640853882,3.7455344200134277,0.3984677791595459
4809,reviews,4.100844860076904,4.170587062835693,0.06974220275878906
4810,paper,2.0593485832214355,4.0722503662109375,2.012901782989502
4811,code,1.256818413734436,1.8849215507507324,0.6281031370162964
4812,math,1.0659422874450684,1.3135490417480469,0.24760675430297852
4813,wiki,3.2810521125793457,3.2989771366119385,0.017925024032592773
4814,news,2.9972519874572754,3.5554215908050537,0.5581696033477783
4815,reviews,3.8622031211853027,4.002869606018066,0.14066648483276367
4816,paper,1.5496845245361328,3.9858593940734863,2.4361748695373535
4817,code,0.9907999038696289,1.1589378118515015,0.16813790798187256
4818,math,1.0183100700378418,1.2526644468307495,0.23435437679290771
4819,wiki,3.024078130722046,3.2272770404815674,0.20319890975952148
4820,news,3.570711374282837,4.13847541809082,0.5677640438079834
4821,reviews,3.538865327835083,3.7201907634735107,0.18132543563842773
4822,paper,1.8011224269866943,3.680987596511841,1.8798651695251465
4823,code,0.32623910903930664,0.48105141520500183,0.1548123061656952
4824,math,1.319776177406311,1.7339811325073242,0.4142049551010132
4825,wiki,3.1893064975738525,3.5007588863372803,0.31145238876342773
4826,news,3.352327823638916,3.7991507053375244,0.4468228816986084
4827,reviews,3.2386527061462402,3.351372718811035,0.11272001266479492
4828,paper,1.9980459213256836,4.046592712402344,2.04854679107666
4829,code,0.8875151872634888,1.324966549873352,0.4374513626098633
4830,math,1.0601460933685303,1.3307750225067139,0.2706289291381836
4831,wiki,2.509979486465454,3.2897253036499023,0.7797458171844482
4832,news,3.3429629802703857,3.8120157718658447,0.469052791595459
4833,reviews,4.252072334289551,4.408020973205566,0.15594863891601562
4834,paper,2.0934224128723145,4.553090572357178,2.4596681594848633
4835,code,1.8995857238769531,2.611407518386841,0.7118217945098877
4836,math,1.1558589935302734,1.832539677619934,0.6766806840896606
4837,wiki,3.0176784992218018,3.094346046447754,0.07666754722595215
4838,news,3.6729979515075684,3.78615403175354,0.11315608024597168
4839,reviews,3.955641269683838,3.9846014976501465,0.028960227966308594
4840,paper,1.6961348056793213,3.9659698009490967,2.2698349952697754
4841,code,0.9592564702033997,1.6641802787780762,0.7049238085746765
4842,math,1.1777840852737427,1.3305262327194214,0.1527421474456787
4843,wiki,3.1604385375976562,3.5033516883850098,0.3429131507873535
4844,news,3.5174129009246826,3.929154872894287,0.4117419719696045
4845,reviews,3.708820104598999,3.796980857849121,0.08816075325012207
4846,paper,1.712745189666748,3.945328950881958,2.23258376121521
4847,code,1.3389217853546143,1.8967396020889282,0.557817816734314
4848,math,1.8208504915237427,2.0587072372436523,0.23785674571990967
4849,wiki,3.0280094146728516,3.2969651222229004,0.26895570755004883
4850,news,3.3461883068084717,3.8972322940826416,0.5510439872741699
4851,reviews,3.5475218296051025,3.6885087490081787,0.14098691940307617
4852,paper,2.6781063079833984,4.621999740600586,1.9438934326171875
4853,code,0.9372779130935669,1.319163203239441,0.381885290145874
4854,math,1.4530282020568848,1.7736371755599976,0.3206089735031128
4855,wiki,3.0320651531219482,3.479884147644043,0.4478189945220947
4856,news,3.0992379188537598,3.6991782188415527,0.599940299987793
4857,reviews,3.7462971210479736,3.8124289512634277,0.0661318302154541
4858,paper,1.9546198844909668,3.810817241668701,1.8561973571777344
4859,code,0.7618817687034607,1.0563042163848877,0.294422447681427
4860,math,1.4396326541900635,1.9973409175872803,0.5577082633972168
4861,wiki,3.2853710651397705,3.7799792289733887,0.49460816383361816
4862,news,3.907402992248535,4.165309906005859,0.2579069137573242
4863,reviews,3.1063942909240723,3.240579843521118,0.1341855525970459
4864,paper,1.7737607955932617,4.170952320098877,2.3971915245056152
4865,code,1.1759796142578125,1.7363176345825195,0.560338020324707
4866,math,1.4186348915100098,1.9495035409927368,0.530868649482727
4867,wiki,2.6043648719787598,3.3907854557037354,0.7864205837249756
4868,news,3.6393864154815674,4.0208539962768555,0.3814675807952881
4869,reviews,3.656839370727539,3.68682861328125,0.029989242553710938
4870,paper,1.5983636379241943,3.76002836227417,2.1616647243499756
4871,code,1.4419101476669312,1.8612786531448364,0.4193685054779053
4872,math,1.2497962713241577,1.739262580871582,0.4894663095474243
4873,wiki,3.2556426525115967,3.8862416744232178,0.6305990219116211
4874,news,2.936976909637451,3.3279688358306885,0.3909919261932373
4875,reviews,3.573381185531616,3.744586706161499,0.1712055206298828
4876,paper,2.3321239948272705,4.587088108062744,2.2549641132354736
4877,code,1.2137455940246582,1.9055235385894775,0.6917779445648193
4878,math,1.1440385580062866,1.4412652254104614,0.2972266674041748
4879,wiki,3.532280445098877,3.533369541168213,0.0010890960693359375
4880,news,3.4473531246185303,3.9442296028137207,0.49687647819519043
4881,reviews,4.045925617218018,4.161611080169678,0.11568546295166016
4882,paper,1.9519338607788086,4.141315937042236,2.1893820762634277
4883,code,1.4661797285079956,2.2288241386413574,0.7626444101333618
4884,math,1.3415051698684692,2.130605697631836,0.7891005277633667
4885,wiki,3.5598995685577393,3.8421239852905273,0.2822244167327881
4886,news,3.543140411376953,3.899233818054199,0.3560934066772461
4887,reviews,3.640273332595825,3.8459837436676025,0.20571041107177734
4888,paper,1.6929835081100464,3.442685127258301,1.7497016191482544
4889,code,1.0860410928726196,1.4720607995986938,0.3860197067260742
4890,math,1.1093366146087646,1.4089773893356323,0.2996407747268677
4891,wiki,3.4981441497802734,4.053109169006348,0.5549650192260742
4892,news,3.8353958129882812,4.299495220184326,0.4640994071960449
4893,reviews,3.473123550415039,3.531924247741699,0.058800697326660156
4894,paper,1.7235504388809204,4.194967269897461,2.4714168310165405
4895,code,1.0882506370544434,1.3531181812286377,0.26486754417419434
4896,math,1.9487155675888062,2.4648666381835938,0.5161510705947876
4897,wiki,3.106764554977417,3.15279221534729,0.04602766036987305
4898,news,3.418869733810425,3.940943956375122,0.5220742225646973
4899,reviews,3.980891704559326,4.048234462738037,0.06734275817871094
4900,paper,1.9605343341827393,4.323800563812256,2.3632662296295166
4901,code,0.9094042181968689,1.5775132179260254,0.6681089997291565
4902,math,1.2792471647262573,1.467400074005127,0.18815290927886963
4903,wiki,3.4618170261383057,3.9099411964416504,0.4481241703033447
4904,news,3.1795458793640137,3.3801486492156982,0.20060276985168457
4905,reviews,3.2925851345062256,3.471367835998535,0.17878270149230957
4906,paper,2.7792131900787354,4.878626823425293,2.0994136333465576
4907,code,1.3477777242660522,1.940195918083191,0.5924181938171387
4908,math,1.5384633541107178,2.007993459701538,0.4695301055908203
4909,wiki,3.4599738121032715,4.389009475708008,0.9290356636047363
4910,news,3.782548666000366,4.238533973693848,0.45598530769348145
4911,reviews,3.7153499126434326,3.872070074081421,0.15672016143798828
4912,paper,2.418067216873169,5.176328182220459,2.75826096534729
4913,code,1.0073628425598145,1.1488724946975708,0.14150965213775635
4914,math,1.2093842029571533,1.5409584045410156,0.3315742015838623
4915,wiki,3.218019485473633,3.5775492191314697,0.3595297336578369
4916,news,2.81034255027771,3.200730323791504,0.39038777351379395
4917,reviews,3.887747287750244,4.018904685974121,0.13115739822387695
4918,paper,2.443241596221924,4.412531852722168,1.9692902565002441
4919,code,1.4209409952163696,1.8696192502975464,0.44867825508117676
4920,math,1.339301347732544,1.773724913597107,0.434423565864563
4921,wiki,3.379850387573242,3.820603132247925,0.4407527446746826
4922,news,3.397662401199341,3.8892037868499756,0.49154138565063477
4923,reviews,4.639566898345947,4.821457386016846,0.18189048767089844
4924,paper,2.3259968757629395,2.924497604370117,0.5985007286071777
4925,code,1.8896872997283936,2.511658191680908,0.6219708919525146
4926,math,1.2129977941513062,1.5230895280838013,0.3100917339324951
4927,wiki,3.4856019020080566,3.9456799030303955,0.46007800102233887
4928,news,3.0856447219848633,3.488638162612915,0.40299344062805176
4929,reviews,3.1970126628875732,3.3185911178588867,0.12157845497131348
4930,paper,2.158064365386963,2.650975227355957,0.49291086196899414
4931,code,2.0254077911376953,2.363630533218384,0.3382227420806885
4932,math,0.8824589848518372,1.3674818277359009,0.4850228428840637
4933,wiki,3.2632062435150146,3.306326389312744,0.04312014579772949
4934,news,3.740063190460205,4.1039910316467285,0.36392784118652344
4935,reviews,3.059258460998535,3.2081665992736816,0.14890813827514648
4936,paper,2.327272415161133,3.636798858642578,1.3095264434814453
4937,code,0.9628065824508667,1.562469244003296,0.5996626615524292
4938,math,1.016593098640442,1.5808744430541992,0.5642813444137573
4939,wiki,3.408708333969116,3.6476147174835205,0.2389063835144043
4940,news,2.59090256690979,3.0457820892333984,0.4548795223236084
4941,reviews,3.1308670043945312,3.2351596355438232,0.10429263114929199
4942,paper,2.34151029586792,4.388517379760742,2.0470070838928223
4943,code,1.0479930639266968,1.6687766313552856,0.6207835674285889
4944,math,1.378077745437622,1.9770487546920776,0.5989710092544556
4945,wiki,3.2387819290161133,3.254657030105591,0.01587510108947754
4946,news,3.3704833984375,3.946146249771118,0.5756628513336182
4947,reviews,3.71378755569458,3.8189151287078857,0.10512757301330566
4948,paper,1.7413278818130493,2.7358224391937256,0.9944945573806763
4949,code,1.1693975925445557,1.6870418787002563,0.5176442861557007
4950,math,1.7655034065246582,2.260622501373291,0.4951190948486328
4951,wiki,3.318509817123413,3.9959681034088135,0.6774582862854004
4952,news,3.0836868286132812,3.6288464069366455,0.5451595783233643
4953,reviews,3.2498950958251953,3.4103729724884033,0.160477876663208
4954,paper,1.8029675483703613,2.6373062133789062,0.8343386650085449
4955,code,1.329687237739563,1.9313974380493164,0.6017102003097534
4956,math,1.697602391242981,2.099700927734375,0.40209853649139404
4957,wiki,3.05989670753479,3.2066006660461426,0.14670395851135254
4958,news,3.9297280311584473,4.217524528503418,0.2877964973449707
4959,reviews,3.3351495265960693,3.4598636627197266,0.12471413612365723
4960,paper,2.3615434169769287,3.7427661418914795,1.3812227249145508
4961,code,0.9612845778465271,1.2563246488571167,0.2950400710105896
4962,math,1.3183695077896118,1.8696202039718628,0.551250696182251
4963,wiki,3.0536744594573975,3.400822877883911,0.34714841842651367
4964,news,3.121650218963623,3.4864890575408936,0.3648388385772705
4965,reviews,3.7182729244232178,3.8471174240112305,0.1288444995880127
4966,paper,2.5885982513427734,4.5365729331970215,1.947974681854248
4967,code,1.1732561588287354,1.590212106704712,0.41695594787597656
4968,math,1.3346898555755615,1.901819109916687,0.5671292543411255
4969,wiki,3.0263402462005615,3.138883352279663,0.11254310607910156
4970,news,4.12788724899292,4.6007184982299805,0.47283124923706055
4971,reviews,3.4064693450927734,3.507451057434082,0.1009817123413086
4972,paper,2.1698248386383057,4.5896830558776855,2.41985821723938
4973,code,2.1582987308502197,2.7754123210906982,0.6171135902404785
4974,math,1.4203890562057495,1.7743858098983765,0.35399675369262695
4975,wiki,2.644035816192627,3.4537012577056885,0.8096654415130615
4976,news,3.550189733505249,4.0164642333984375,0.4662744998931885
4977,reviews,3.4693658351898193,3.520556926727295,0.051191091537475586
4978,paper,2.3563549518585205,4.683923244476318,2.327568292617798
4979,code,1.5239689350128174,1.7688771486282349,0.24490821361541748
4980,math,1.2392092943191528,1.7074863910675049,0.46827709674835205
4981,wiki,3.2470343112945557,3.587695360183716,0.34066104888916016
4982,news,4.471984386444092,4.924422264099121,0.4524378776550293
4983,reviews,3.5884900093078613,3.786501407623291,0.1980113983154297
4984,paper,2.534588575363159,5.141180515289307,2.6065919399261475
4985,code,1.2114317417144775,1.7244585752487183,0.5130268335342407
4986,math,0.7639955282211304,0.9725334048271179,0.20853787660598755
4987,wiki,3.097762107849121,3.54087233543396,0.44311022758483887
4988,news,3.7443394660949707,4.1723151206970215,0.4279756546020508
4989,reviews,3.9449000358581543,3.955533266067505,0.010633230209350586
4990,paper,2.3695335388183594,5.272010326385498,2.9024767875671387
4991,code,0.8814376592636108,1.4382555484771729,0.556817889213562
4992,math,1.356106162071228,1.8585741519927979,0.5024679899215698
4993,wiki,3.0350770950317383,3.1223719120025635,0.0872948169708252
4994,news,3.6521553993225098,4.015932083129883,0.36377668380737305
4995,reviews,3.692276954650879,3.828061580657959,0.13578462600708008
4996,paper,1.0883992910385132,3.3847522735595703,2.296352982521057
4997,code,1.8235113620758057,2.4607040882110596,0.6371927261352539
4998,math,1.5118076801300049,1.8061082363128662,0.29430055618286133
4999,wiki,2.901324987411499,3.6884713172912598,0.7871463298797607
5000,news,3.328160524368286,3.807982921600342,0.47982239723205566
5001,reviews,3.666153907775879,3.7444591522216797,0.07830524444580078
5002,paper,1.3271863460540771,3.354214906692505,2.0270285606384277
5003,code,1.4737046957015991,2.122657537460327,0.648952841758728
5004,math,1.1596827507019043,1.3093926906585693,0.14970993995666504
5005,wiki,3.2552664279937744,3.306980848312378,0.051714420318603516
5006,news,3.4930319786071777,3.8066623210906982,0.3136303424835205
5007,reviews,4.254039764404297,4.367271423339844,0.11323165893554688
5008,paper,2.2212562561035156,4.479924201965332,2.2586679458618164
5009,code,1.7643365859985352,2.2378005981445312,0.4734640121459961
5010,math,1.4502748250961304,2.0219390392303467,0.5716642141342163
5011,wiki,3.2938232421875,3.608440637588501,0.314617395401001
5012,news,2.461489677429199,2.943364381790161,0.4818747043609619
5013,reviews,3.7185139656066895,3.8734354972839355,0.1549215316772461
5014,paper,2.0862441062927246,3.753263235092163,1.6670191287994385
5015,code,1.2478132247924805,1.258378267288208,0.010565042495727539
5016,math,1.4637770652770996,1.7786023616790771,0.31482529640197754
5017,wiki,3.2107136249542236,3.5235888957977295,0.31287527084350586
5018,news,3.158811330795288,3.751389980316162,0.592578649520874
5019,reviews,4.27099609375,4.532797813415527,0.26180171966552734
5020,paper,1.5969630479812622,3.523585081100464,1.9266220331192017
5021,code,1.3586390018463135,1.6636691093444824,0.30503010749816895
5022,math,1.7735580205917358,2.2618634700775146,0.4883054494857788
5023,wiki,3.3939754962921143,3.5787179470062256,0.18474245071411133
5024,news,3.6835272312164307,3.990586996078491,0.30705976486206055
5025,reviews,3.3580644130706787,3.4739792346954346,0.11591482162475586
5026,paper,1.224618673324585,3.8532211780548096,2.6286025047302246
5027,code,0.6103854179382324,0.6886615753173828,0.07827615737915039
5028,math,0.9447690844535828,1.2536319494247437,0.3088628649711609
5029,wiki,2.7617528438568115,3.1347975730895996,0.3730447292327881
5030,news,4.240188121795654,4.532785892486572,0.29259777069091797
5031,reviews,3.6430070400238037,3.785914182662964,0.14290714263916016
5032,paper,1.0019888877868652,3.76080584526062,2.758816957473755
5033,code,0.8014538288116455,1.504791498184204,0.7033376693725586
5034,math,1.3449512720108032,2.020625114440918,0.6756738424301147
5035,wiki,2.986830711364746,3.8260350227355957,0.8392043113708496
5036,news,3.2552897930145264,3.3980906009674072,0.14280080795288086
5037,reviews,3.5457139015197754,3.602452039718628,0.05673813819885254
5038,paper,1.2141079902648926,3.6604812145233154,2.446373224258423
5039,code,1.0045474767684937,1.2139524221420288,0.20940494537353516
5040,math,1.6968103647232056,1.9895464181900024,0.2927360534667969
5041,wiki,3.1951987743377686,3.2822012901306152,0.08700251579284668
5042,news,4.011311054229736,4.136696815490723,0.12538576126098633
5043,reviews,4.0318603515625,4.089110851287842,0.0572504997253418
5044,paper,2.155155658721924,3.129559278488159,0.9744036197662354
5045,code,1.078501582145691,1.6180651187896729,0.5395635366439819
5046,math,1.4623559713363647,1.9853564500808716,0.5230004787445068
5047,wiki,3.3070688247680664,3.7049994468688965,0.3979306221008301
5048,news,3.168090343475342,3.3944692611694336,0.2263789176940918
5049,reviews,3.553466320037842,3.6215736865997314,0.06810736656188965
5050,paper,1.9489914178848267,5.270807266235352,3.321815848350525
5051,code,0.9946373105049133,1.5248218774795532,0.5301845669746399
5052,math,1.5911107063293457,2.1410374641418457,0.5499267578125
5053,wiki,3.862687826156616,4.31455135345459,0.45186352729797363
5054,news,4.07819938659668,4.395648002624512,0.31744861602783203
5055,reviews,4.005620956420898,4.000494003295898,-0.005126953125
5056,paper,1.972659707069397,4.438389301300049,2.465729594230652
5057,code,0.9006161689758301,0.9475552439689636,0.046939074993133545
5058,math,1.4945757389068604,1.6311030387878418,0.13652729988098145
5059,wiki,2.787094831466675,2.9630799293518066,0.17598509788513184
5060,news,3.842902183532715,4.093059062957764,0.25015687942504883
5061,reviews,3.5202436447143555,3.669114589691162,0.14887094497680664
5062,paper,2.1570799350738525,3.9608097076416016,1.803729772567749
5063,code,1.270636796951294,1.9203290939331055,0.6496922969818115
5064,math,1.9961802959442139,2.2634830474853516,0.2673027515411377
5065,wiki,3.2933809757232666,3.5442254543304443,0.25084447860717773
5066,news,2.864032030105591,3.155229330062866,0.2911972999572754
5067,reviews,3.6245343685150146,3.740335702896118,0.11580133438110352
5068,paper,2.419250011444092,4.474099636077881,2.054849624633789
5069,code,1.2489370107650757,1.5743237733840942,0.32538676261901855
5070,math,1.5859416723251343,2.047569990158081,0.4616283178329468
5071,wiki,3.051635265350342,4.038822650909424,0.987187385559082
5072,news,3.601149082183838,3.8986077308654785,0.2974586486816406
5073,reviews,4.630682468414307,4.772385120391846,0.14170265197753906
5074,paper,2.316441774368286,4.888067245483398,2.5716254711151123
5075,code,1.5215425491333008,1.6612120866775513,0.1396695375442505
5076,math,0.8775442242622375,1.1922848224639893,0.3147405982017517
5077,wiki,3.3355135917663574,3.484086751937866,0.1485731601715088
5078,news,4.10642671585083,4.751950263977051,0.6455235481262207
5079,reviews,3.826597213745117,4.05225133895874,0.22565412521362305
5080,paper,1.9404823780059814,5.229675769805908,3.2891933917999268
5081,code,1.804154872894287,2.2902517318725586,0.4860968589782715
5082,math,1.8903744220733643,2.296159505844116,0.40578508377075195
5083,wiki,2.7939372062683105,3.3183646202087402,0.5244274139404297
5084,news,3.326225757598877,3.8687658309936523,0.5425400733947754
5085,reviews,3.679943084716797,3.8635947704315186,0.18365168571472168
5086,paper,1.8020223379135132,4.414379596710205,2.612357258796692
5087,code,1.050863265991211,1.7988274097442627,0.7479641437530518
5088,math,1.8714507818222046,2.244816303253174,0.37336552143096924
5089,wiki,2.677183151245117,2.7373812198638916,0.060198068618774414
5090,news,3.5472888946533203,4.060613632202148,0.5133247375488281
5091,reviews,3.4130046367645264,3.5480778217315674,0.13507318496704102
5092,paper,1.2559490203857422,3.5471749305725098,2.2912259101867676
5093,code,1.3076162338256836,1.9983887672424316,0.690772533416748
5094,math,2.1114208698272705,2.615919828414917,0.5044989585876465
5095,wiki,2.964548110961914,3.2321622371673584,0.26761412620544434
5096,news,3.9658761024475098,4.198608875274658,0.23273277282714844
5097,reviews,3.548765182495117,3.7332329750061035,0.18446779251098633
5098,paper,2.2141308784484863,4.361802101135254,2.1476712226867676
5099,code,0.9460989236831665,1.3152567148208618,0.3691577911376953
5100,math,1.0945076942443848,1.3758333921432495,0.28132569789886475
5101,wiki,3.4311344623565674,3.549647569656372,0.11851310729980469
5102,news,4.01204252243042,4.373478889465332,0.3614363670349121
5103,reviews,3.685681104660034,3.8122165203094482,0.12653541564941406
5104,paper,2.121088981628418,4.427338600158691,2.3062496185302734
5105,code,1.600625991821289,2.1465728282928467,0.5459468364715576
5106,math,1.2686249017715454,1.9826774597167969,0.7140525579452515
5107,wiki,3.279043674468994,3.7432174682617188,0.4641737937927246
5108,news,3.6270008087158203,3.8476052284240723,0.22060441970825195
5109,reviews,4.2431793212890625,4.314875602722168,0.07169628143310547
5110,paper,2.324751377105713,3.7695224285125732,1.4447710514068604
5111,code,1.8128434419631958,2.0200564861297607,0.20721304416656494
5112,math,1.2995922565460205,1.7363650798797607,0.43677282333374023
5113,wiki,2.911506175994873,3.032045364379883,0.12053918838500977
5114,news,4.237805366516113,4.404323101043701,0.1665177345275879
5115,reviews,4.584612846374512,4.602565765380859,0.017952919006347656
5116,paper,2.0806798934936523,4.22328519821167,2.1426053047180176
5117,code,1.2045116424560547,1.7214139699935913,0.5169023275375366
5118,math,1.7879422903060913,2.44183087348938,0.6538885831832886
5119,wiki,2.790623903274536,3.6013288497924805,0.8107049465179443
5120,news,4.017426490783691,4.539541244506836,0.5221147537231445
5121,reviews,3.4771101474761963,3.654386043548584,0.1772758960723877
5122,paper,1.6440070867538452,3.570380687713623,1.9263736009597778
5123,code,1.2931170463562012,2.0683400630950928,0.7752230167388916
5124,math,1.5295876264572144,1.9664478302001953,0.43686020374298096
5125,wiki,3.0152716636657715,3.1381783485412598,0.12290668487548828
5126,news,3.7886602878570557,4.15718412399292,0.36852383613586426
5127,reviews,3.82372784614563,3.9239559173583984,0.10022807121276855
5128,paper,1.5549529790878296,3.5520429611206055,1.9970899820327759
5129,code,1.7098292112350464,2.4336585998535156,0.7238293886184692
5130,math,0.8275893926620483,1.1121312379837036,0.2845418453216553
5131,wiki,3.191336154937744,3.558983325958252,0.3676471710205078
5132,news,3.649040937423706,3.9892663955688477,0.3402254581451416
5133,reviews,3.7953543663024902,3.91998553276062,0.12463116645812988
5134,paper,1.5983117818832397,3.7729263305664062,2.1746145486831665
5135,code,1.525981068611145,1.8892221450805664,0.3632410764694214
5136,math,0.9453837275505066,1.5382623672485352,0.5928786396980286
5137,wiki,2.8921220302581787,3.3690857887268066,0.47696375846862793
5138,news,3.275998115539551,3.7325737476348877,0.4565756320953369
5139,reviews,3.7880876064300537,3.9091408252716064,0.12105321884155273
5140,paper,2.0569992065429688,4.314138412475586,2.257139205932617
5141,code,1.3363546133041382,1.8509786128997803,0.5146239995956421
5142,math,1.6466478109359741,1.8483119010925293,0.20166409015655518
5143,wiki,3.0637331008911133,3.3413753509521484,0.27764225006103516
5144,news,3.902181386947632,4.381001949310303,0.4788205623626709
5145,reviews,3.4159209728240967,3.497365951538086,0.08144497871398926
5146,paper,2.464977741241455,5.113653182983398,2.6486754417419434
5147,code,0.8196239471435547,1.1435645818710327,0.323940634727478
5148,math,1.2217601537704468,1.7077158689498901,0.48595571517944336
5149,wiki,3.2211616039276123,3.786444664001465,0.5652830600738525
5150,news,4.262524127960205,4.893763065338135,0.6312389373779297
5151,reviews,3.116227388381958,3.190487861633301,0.07426047325134277
5152,paper,1.7862932682037354,3.994805097579956,2.2085118293762207
5153,code,0.9106236100196838,1.5168873071670532,0.6062636971473694
5154,math,0.9840474724769592,1.3049123287200928,0.32086485624313354
5155,wiki,3.1018240451812744,3.545727491378784,0.44390344619750977
5156,news,3.478764057159424,3.8759303092956543,0.39716625213623047
5157,reviews,3.58754301071167,3.600433588027954,0.01289057731628418
5158,paper,1.8324085474014282,4.631264686584473,2.7988561391830444
5159,code,1.1935982704162598,1.6817927360534668,0.48819446563720703
5160,math,1.570070743560791,2.1945412158966064,0.6244704723358154
5161,wiki,3.556199550628662,3.8300275802612305,0.27382802963256836
5162,news,3.3319435119628906,3.6482601165771484,0.3163166046142578
5163,reviews,3.4863436222076416,3.698476552963257,0.21213293075561523
5164,paper,1.6233488321304321,3.404813051223755,1.7814642190933228
5165,code,1.0038591623306274,1.3753505945205688,0.3714914321899414
5166,math,1.4192100763320923,1.8002119064331055,0.3810018301010132
5167,wiki,2.8030221462249756,3.859421968460083,1.0563998222351074
5168,news,3.6408185958862305,4.067345142364502,0.4265265464782715
5169,reviews,3.9555702209472656,4.0610246658325195,0.1054544448852539
5170,paper,1.9398068189620972,4.0722503662109375,2.1324435472488403
5171,code,1.6228693723678589,2.3412370681762695,0.7183676958084106
5172,math,1.6132060289382935,2.25111985206604,0.6379138231277466
5173,wiki,3.29020357131958,3.7740540504455566,0.48385047912597656
5174,news,4.0219221115112305,4.420207500457764,0.3982853889465332
5175,reviews,4.022204399108887,4.174252986907959,0.15204858779907227
5176,paper,1.4545912742614746,3.9858593940734863,2.5312681198120117
5177,code,0.6853886246681213,1.2842661142349243,0.598877489566803
5178,math,1.5739585161209106,2.1062214374542236,0.532262921333313
5179,wiki,3.206416606903076,3.4641189575195312,0.2577023506164551
5180,news,3.6944527626037598,4.305596828460693,0.6111440658569336
5181,reviews,4.13440465927124,4.335948944091797,0.20154428482055664
5182,paper,1.6114006042480469,3.680987596511841,2.069586992263794
5183,code,1.0173847675323486,1.4319390058517456,0.414554238319397
5184,math,1.1148210763931274,1.390062928199768,0.2752418518066406
5185,wiki,2.9917588233947754,3.852848529815674,0.8610897064208984
5186,news,3.2303078174591064,3.6052114963531494,0.37490367889404297
5187,reviews,4.034503936767578,4.053303241729736,0.018799304962158203
5188,paper,1.8598195314407349,4.046592712402344,2.186773180961609
5189,code,1.958387017250061,2.4622108936309814,0.5038238763809204
5190,math,2.1512300968170166,2.642808675765991,0.4915785789489746
5191,wiki,3.253277063369751,3.3369626998901367,0.08368563652038574
5192,news,3.824535846710205,4.325164318084717,0.5006284713745117
5193,reviews,4.316831588745117,4.447037696838379,0.13020610809326172
5194,paper,1.9111688137054443,4.553090572357178,2.6419217586517334
5195,code,1.157174825668335,1.3370373249053955,0.17986249923706055
5196,math,1.4474852085113525,1.8527742624282837,0.40528905391693115
5197,wiki,3.1203560829162598,3.5736517906188965,0.4532957077026367
5198,news,3.7300031185150146,4.184887409210205,0.45488429069519043
5199,reviews,4.379642486572266,4.4964704513549805,0.11682796478271484
5200,paper,1.4079028367996216,3.9659698009490967,2.558066964149475
5201,code,1.0556796789169312,1.7170214653015137,0.6613417863845825
5202,math,1.647817850112915,2.086667776107788,0.43884992599487305
5203,wiki,3.0268898010253906,3.375674247741699,0.3487844467163086
5204,news,3.66398549079895,3.9463491439819336,0.2823636531829834
5205,reviews,3.7700445652008057,3.7701351642608643,9.059906005859375e-05
5206,paper,1.671864628791809,3.945328950881958,2.273464322090149
5207,code,1.228563666343689,1.844591498374939,0.61602783203125
5208,math,1.3288978338241577,1.5544183254241943,0.22552049160003662
5209,wiki,3.272660970687866,4.0770344734191895,0.8043735027313232
5210,news,3.279895782470703,3.907777786254883,0.6278820037841797
5211,reviews,3.690732002258301,3.9529592990875244,0.26222729682922363
5212,paper,2.466200351715088,4.621999740600586,2.155799388885498
5213,code,1.0749454498291016,1.5205870866775513,0.4456416368484497
5214,math,1.404304027557373,1.9615169763565063,0.5572129487991333
5215,wiki,3.0954031944274902,3.419930934906006,0.3245277404785156
5216,news,3.5972440242767334,3.9557442665100098,0.35850024223327637
5217,reviews,4.915853023529053,4.9750494956970215,0.05919647216796875
5218,paper,1.8291128873825073,3.810817241668701,1.9817043542861938
5219,code,1.3179649114608765,2.0409910678863525,0.7230261564254761
5220,math,1.2099463939666748,1.6980295181274414,0.4880831241607666
5221,wiki,3.23952317237854,3.4152188301086426,0.17569565773010254
5222,news,3.2677102088928223,3.808350086212158,0.5406398773193359
5223,reviews,3.4258694648742676,3.6127305030822754,0.1868610382080078
5224,paper,1.5378148555755615,4.170952320098877,2.6331374645233154
5225,code,1.443068027496338,1.565445899963379,0.12237787246704102
5226,math,1.6327906847000122,1.8628222942352295,0.23003160953521729
5227,wiki,3.514054536819458,3.9440524578094482,0.42999792098999023
5228,news,1.9905407428741455,2.59826397895813,0.6077232360839844
5229,reviews,3.2054100036621094,3.3122684955596924,0.10685849189758301
5230,paper,1.4923136234283447,3.76002836227417,2.267714738845825
5231,code,1.2596911191940308,1.8766424655914307,0.6169513463973999
5232,math,1.275314450263977,1.3920879364013672,0.11677348613739014
5233,wiki,3.6571238040924072,3.9969286918640137,0.33980488777160645
5234,news,3.300774097442627,3.7120864391326904,0.4113123416900635
5235,reviews,3.5325076580047607,3.649543285369873,0.1170356273651123
5236,paper,2.1748743057250977,4.587088108062744,2.4122138023376465
5237,code,1.2403444051742554,1.862730622291565,0.6223862171173096
5238,math,1.9822536706924438,2.4871926307678223,0.5049389600753784
5239,wiki,3.3705315589904785,3.4762163162231445,0.10568475723266602
5240,news,3.114910125732422,3.6708462238311768,0.5559360980987549
5241,reviews,4.369938373565674,4.459336280822754,0.08939790725708008
5242,paper,1.8476345539093018,4.141315937042236,2.2936813831329346
5243,code,1.0331546068191528,1.3149605989456177,0.28180599212646484
5244,math,1.5058376789093018,1.9648301601409912,0.45899248123168945
5245,wiki,3.2197890281677246,3.3374407291412354,0.11765170097351074
5246,news,3.29213547706604,3.9612202644348145,0.6690847873687744
5247,reviews,3.407925844192505,3.5410971641540527,0.13317131996154785
5248,paper,1.6261026859283447,3.442685127258301,1.816582441329956
5249,code,0.7382339239120483,0.966148853302002,0.2279149293899536
5250,math,1.0063550472259521,1.3417834043502808,0.3354283571243286
5251,wiki,2.996492862701416,4.0667338371276855,1.0702409744262695
5252,news,3.1990740299224854,3.6224520206451416,0.42337799072265625
5253,reviews,3.6843535900115967,3.7507688999176025,0.06641530990600586
5254,paper,1.5658931732177734,4.194967269897461,2.6290740966796875
5255,code,1.614888310432434,2.31514835357666,0.7002600431442261
5256,math,1.846388816833496,2.1650352478027344,0.3186464309692383
5257,wiki,3.395601511001587,4.004672527313232,0.6090710163116455
5258,news,2.990816593170166,3.396714687347412,0.4058980941772461
5259,reviews,2.996616840362549,3.2161905765533447,0.2195737361907959
5260,paper,1.804611086845398,4.323800563812256,2.519189476966858
5261,code,1.9109152555465698,2.6361405849456787,0.7252253293991089
5262,math,1.6748801469802856,1.9392930269241333,0.26441287994384766
5263,wiki,3.400783061981201,3.5502054691314697,0.14942240715026855
5264,news,3.654639482498169,4.151878356933594,0.4972388744354248
5265,reviews,3.2947278022766113,3.5085818767547607,0.21385407447814941
5266,paper,2.6526215076446533,4.878626823425293,2.2260053157806396
5267,code,2.07138991355896,2.685908555984497,0.6145186424255371
5268,math,1.5237683057785034,1.8383290767669678,0.31456077098846436
5269,wiki,3.304853916168213,3.8061904907226562,0.5013365745544434
5270,news,3.092355251312256,3.518430709838867,0.42607545852661133
5271,reviews,3.6573562622070312,3.8231711387634277,0.16581487655639648
5272,paper,2.2984817028045654,5.176328182220459,2.8778464794158936
5273,code,1.265700340270996,1.7575438022613525,0.49184346199035645
5274,math,1.7577877044677734,2.3270320892333984,0.569244384765625
5275,wiki,3.3927321434020996,3.7803335189819336,0.387601375579834
5276,news,3.0949153900146484,3.495457887649536,0.4005424976348877
5277,reviews,3.037646770477295,3.1702752113342285,0.1326284408569336
5278,paper,2.3692939281463623,4.412531852722168,2.0432379245758057
5279,code,1.19989013671875,1.4811869859695435,0.28129684925079346
5280,math,1.045072078704834,1.36588716506958,0.3208150863647461
5281,wiki,3.2728471755981445,3.2910242080688477,0.018177032470703125
5282,news,3.197819232940674,3.6194891929626465,0.42166996002197266
5283,reviews,3.5399653911590576,3.7011492252349854,0.16118383407592773
5284,paper,2.2693521976470947,2.924497604370117,0.6551454067230225
5285,code,1.2975627183914185,1.79465651512146,0.4970937967300415
5286,math,1.822680950164795,2.3658313751220703,0.5431504249572754
5287,wiki,3.103959798812866,3.4814298152923584,0.3774700164794922
5288,news,3.8504860401153564,4.234692573547363,0.38420653343200684
5289,reviews,3.955165386199951,4.084948539733887,0.12978315353393555
5290,paper,2.1108949184417725,2.650975227355957,0.5400803089141846
5291,code,1.4060332775115967,1.9136208295822144,0.5075875520706177
5292,math,1.249875783920288,1.522375226020813,0.2724994421005249
5293,wiki,2.6064646244049072,2.676234483718872,0.06976985931396484
5294,news,2.708648920059204,3.3490922451019287,0.6404433250427246
5295,reviews,3.835160255432129,4.012545108795166,0.1773848533630371
5296,paper,2.291363477706909,3.636798858642578,1.345435380935669
5297,code,0.7670244574546814,1.1669098138809204,0.399885356426239
5298,math,1.301936388015747,1.8085412979125977,0.5066049098968506
5299,wiki,3.194401264190674,3.4119815826416016,0.21758031845092773
5300,news,3.097598075866699,3.6753175258636475,0.5777194499969482
5301,reviews,4.101038455963135,4.1181206703186035,0.01708221435546875
5302,paper,2.200833797454834,4.388517379760742,2.187683582305908
5303,code,1.0219395160675049,1.690621256828308,0.6686817407608032
5304,math,1.6515673398971558,2.3229987621307373,0.6714314222335815
5305,wiki,2.7711405754089355,3.024742364883423,0.2536017894744873
5306,news,2.75856614112854,3.2511980533599854,0.4926319122314453
5307,reviews,3.591895580291748,3.6944358348846436,0.10254025459289551
5308,paper,1.6963974237442017,2.7358224391937256,1.039425015449524
5309,code,1.6345891952514648,2.343998432159424,0.709409236907959
5310,math,1.010428547859192,1.3814473152160645,0.37101876735687256
5311,wiki,3.2901601791381836,3.4837660789489746,0.19360589981079102
5312,news,3.3389270305633545,3.6872870922088623,0.3483600616455078
5313,reviews,3.963200092315674,4.104403495788574,0.1412034034729004
5314,paper,1.7974754571914673,2.6373062133789062,0.839830756187439
5315,code,0.955703616142273,1.6238293647766113,0.6681257486343384
5316,math,1.3364362716674805,2.0293970108032227,0.6929607391357422
5317,wiki,3.0883610248565674,3.339247703552246,0.2508866786956787
5318,news,2.996142625808716,3.436758518218994,0.4406158924102783
5319,reviews,4.414411544799805,4.578784465789795,0.16437292098999023
5320,paper,2.3310887813568115,3.7427661418914795,1.411677360534668
5321,code,1.1397669315338135,1.647682785987854,0.5079158544540405
5322,math,1.430435299873352,1.9722737073898315,0.5418384075164795
5323,wiki,2.7455155849456787,3.551893711090088,0.8063781261444092
5324,news,3.6243655681610107,3.9614500999450684,0.3370845317840576
5325,reviews,3.518092393875122,3.6098849773406982,0.09179258346557617
5326,paper,2.482100486755371,4.5365729331970215,2.0544724464416504
5327,code,1.3787105083465576,1.6575076580047607,0.2787971496582031
5328,math,1.8431344032287598,2.015176296234131,0.1720418930053711
5329,wiki,2.9078316688537598,3.2236151695251465,0.3157835006713867
5330,news,3.5413966178894043,4.022324562072754,0.4809279441833496
5331,reviews,3.819906711578369,3.9682915210723877,0.14838480949401855
5332,paper,1.9794158935546875,4.5896830558776855,2.610267162322998
5333,code,0.8717339038848877,1.11138117313385,0.2396472692489624
5334,math,1.7170813083648682,2.1084446907043457,0.39136338233947754
5335,wiki,3.6400012969970703,4.494379043579102,0.8543777465820312
5336,news,3.817328691482544,4.165772438049316,0.34844374656677246
5337,reviews,4.061741828918457,4.249477863311768,0.18773603439331055
5338,paper,2.1829402446746826,4.683923244476318,2.5009829998016357
5339,code,1.17003333568573,1.8840878009796143,0.7140544652938843
5340,math,1.36915123462677,1.7648180723190308,0.39566683769226074
5341,wiki,3.6992504596710205,3.7744665145874023,0.07521605491638184
5342,news,3.9706411361694336,4.180343151092529,0.2097020149230957
5343,reviews,3.8281283378601074,3.956561326980591,0.1284329891204834
5344,paper,2.4191653728485107,5.141180515289307,2.722015142440796
5345,code,1.778767466545105,2.0702695846557617,0.29150211811065674
5346,math,0.8610720634460449,1.2086137533187866,0.3475416898727417
5347,wiki,3.474522352218628,3.866029739379883,0.3915073871612549
5348,news,3.649768829345703,4.123490810394287,0.473721981048584
5349,reviews,4.853999137878418,4.974366188049316,0.12036705017089844
5350,paper,2.2099356651306152,5.272010326385498,3.062074661254883
5351,code,0.9266695380210876,1.3482673168182373,0.42159777879714966
5352,math,1.2612950801849365,1.536211609840393,0.27491652965545654
5353,wiki,3.936713933944702,4.1089301109313965,0.17221617698669434
5354,news,3.193763256072998,3.6443495750427246,0.45058631896972656
5355,reviews,4.042404651641846,4.094497203826904,0.052092552185058594
5356,paper,1.0195634365081787,3.3847522735595703,2.3651888370513916
5357,code,1.2331607341766357,1.8682842254638672,0.6351234912872314
5358,math,1.8241766691207886,2.179286479949951,0.3551098108291626
5359,wiki,3.3886563777923584,3.6877048015594482,0.29904842376708984
5360,news,3.176215171813965,3.660879611968994,0.4846644401550293
5361,reviews,3.2907259464263916,3.410663366317749,0.11993741989135742
5362,paper,1.1610321998596191,3.354214906692505,2.1931827068328857
5363,code,0.849963903427124,1.4632327556610107,0.6132688522338867
5364,math,1.7849887609481812,2.049015998840332,0.2640272378921509
5365,wiki,3.367445468902588,3.6013662815093994,0.23392081260681152
5366,news,3.6782548427581787,4.260545253753662,0.5822904109954834
5367,reviews,4.368398189544678,4.522146224975586,0.1537480354309082
5368,paper,2.224717617034912,4.479924201965332,2.25520658493042
5369,code,0.8894616365432739,1.4744349718093872,0.5849733352661133
5370,math,1.557982087135315,2.047666549682617,0.48968446254730225
5371,wiki,3.6757144927978516,4.270855903625488,0.5951414108276367
5372,news,3.3243961334228516,3.869251251220703,0.5448551177978516
5373,reviews,4.167678356170654,4.215871810913086,0.04819345474243164
5374,paper,2.0509707927703857,3.753263235092163,1.7022924423217773
5375,code,1.506663203239441,2.3532772064208984,0.8466140031814575
5376,math,1.680150032043457,2.1026015281677246,0.4224514961242676
5377,wiki,2.740948438644409,3.1621267795562744,0.42117834091186523
5378,news,2.94874906539917,3.3517847061157227,0.40303564071655273
5379,reviews,3.3114938735961914,3.438662052154541,0.1271681785583496
5380,paper,1.565108060836792,3.523585081100464,1.9584770202636719
5381,code,1.2295291423797607,1.855394721031189,0.6258655786514282
5382,math,1.2903504371643066,1.5447969436645508,0.25444650650024414
5383,wiki,3.396547317504883,3.695030927658081,0.29848361015319824
5384,news,3.805722713470459,4.100259304046631,0.2945365905761719
5385,reviews,3.9684805870056152,4.141388893127441,0.17290830612182617
5386,paper,1.1533271074295044,3.8532211780548096,2.699894070625305
5387,code,1.062110424041748,1.7276414632797241,0.6655310392379761
5388,math,1.9876723289489746,2.50589919090271,0.5182268619537354
5389,wiki,4.135674476623535,4.241004467010498,0.10532999038696289
5390,news,3.2152256965637207,3.4505395889282227,0.23531389236450195
5391,reviews,4.563006401062012,4.584567070007324,0.0215606689453125
5392,paper,0.9395007491111755,3.76080584526062,2.8213050961494446
5393,code,1.3106489181518555,2.1172900199890137,0.8066411018371582
5394,math,2.0756566524505615,2.6782386302948,0.6025819778442383
5395,wiki,4.0160346031188965,4.178181171417236,0.16214656829833984
5396,news,3.5232419967651367,4.015486240386963,0.49224424362182617
5397,reviews,3.715829849243164,3.935929536819458,0.22009968757629395
5398,paper,1.241495132446289,3.6604812145233154,2.4189860820770264
5399,code,1.3597899675369263,1.9120861291885376,0.5522961616516113
5400,math,1.1009552478790283,1.3934403657913208,0.2924851179122925
5401,wiki,3.9203040599823,4.147482395172119,0.22717833518981934
5402,news,3.7438175678253174,4.0446038246154785,0.30078625679016113
5403,reviews,3.9600777626037598,4.067887306213379,0.10780954360961914
5404,paper,2.1391677856445312,3.129559278488159,0.9903914928436279
5405,code,1.7541857957839966,2.4983930587768555,0.7442072629928589
5406,math,1.4005303382873535,1.7072501182556152,0.3067197799682617
5407,wiki,3.8160908222198486,4.643886089324951,0.8277952671051025
5408,news,4.225940704345703,4.827216148376465,0.6012754440307617
5409,reviews,3.83516001701355,3.8869805335998535,0.05182051658630371
5410,paper,1.7696799039840698,5.270807266235352,3.5011273622512817
5411,code,1.423363447189331,2.043490171432495,0.6201267242431641
5412,math,1.7932777404785156,2.11668062210083,0.32340288162231445
5413,wiki,4.353268623352051,4.393173694610596,0.03990507125854492
5414,news,4.2119669914245605,4.7337965965271,0.5218296051025391
5415,reviews,3.6040799617767334,3.806867837905884,0.2027878761291504
5416,paper,1.884401798248291,4.438389301300049,2.553987503051758
5417,code,1.1884325742721558,1.7461605072021484,0.5577279329299927
5418,math,1.557953119277954,1.8900066614151,0.332053542137146
5419,wiki,4.37040901184082,4.617536544799805,0.24712753295898438
5420,news,2.7225162982940674,3.203319549560547,0.4808032512664795
5421,reviews,4.235616683959961,4.262526988983154,0.02691030502319336
5422,paper,2.1116151809692383,3.9608097076416016,1.8491945266723633
5423,code,1.0400394201278687,1.719293475151062,0.6792540550231934
5424,math,1.5451503992080688,1.8476141691207886,0.3024637699127197
5425,wiki,4.006459712982178,4.552298069000244,0.5458383560180664
5426,news,2.813382625579834,2.884009838104248,0.07062721252441406
5427,reviews,4.001919746398926,4.10164737701416,0.09972763061523438
5428,paper,2.2805187702178955,4.474099636077881,2.1935808658599854
5429,code,1.427712321281433,1.8355592489242554,0.40784692764282227
5430,math,1.6525859832763672,1.9973995685577393,0.34481358528137207
5431,wiki,3.8444581031799316,4.156981468200684,0.31252336502075195
5432,news,3.3406033515930176,3.5346646308898926,0.194061279296875
5433,reviews,3.9807047843933105,4.151921272277832,0.17121648788452148
5434,paper,2.210559368133545,4.888067245483398,2.6775078773498535
5435,code,1.5312249660491943,2.0630943775177,0.5318694114685059
5436,math,1.0646202564239502,1.7152972221374512,0.650676965713501
5437,wiki,4.264358043670654,4.309839248657227,0.045481204986572266
5438,news,3.916874408721924,4.3336100578308105,0.4167356491088867
5439,reviews,3.810570001602173,3.8566954135894775,0.04612541198730469
5440,paper,1.706411361694336,5.229675769805908,3.5232644081115723
5441,code,1.2628962993621826,1.9266771078109741,0.6637808084487915
5442,math,1.3694121837615967,1.8956196308135986,0.526207447052002
5443,wiki,3.50221848487854,3.685331106185913,0.18311262130737305
5444,news,3.839641809463501,4.096869468688965,0.25722765922546387
5445,reviews,3.3316898345947266,3.443239688873291,0.11154985427856445
5446,paper,2.039640426635742,4.414379596710205,2.374739170074463
5447,code,1.2748667001724243,1.6014509201049805,0.32658421993255615
5448,math,1.3325048685073853,1.759150505065918,0.4266456365585327
5449,wiki,3.592223644256592,3.7785823345184326,0.18635869026184082
5450,news,3.411139965057373,3.738332748413086,0.3271927833557129
5451,reviews,3.757148265838623,3.8850696086883545,0.12792134284973145
5452,paper,1.2523027658462524,3.5471749305725098,2.2948721647262573
5453,code,1.1653903722763062,1.537376880645752,0.3719865083694458
5454,math,1.163381576538086,1.449229121208191,0.285847544670105
5455,wiki,3.8635571002960205,4.09686803817749,0.23331093788146973
5456,news,3.574398994445801,4.008194923400879,0.4337959289550781
5457,reviews,4.046748638153076,4.1566948890686035,0.10994625091552734
5458,paper,2.2821669578552246,4.361802101135254,2.0796351432800293
5459,code,1.1641631126403809,1.8528501987457275,0.6886870861053467
5460,math,1.165776252746582,1.57841157913208,0.41263532638549805
5461,wiki,2.772744655609131,4.501762390136719,1.729017734527588
5462,news,3.5470268726348877,3.861863136291504,0.3148362636566162
5463,reviews,3.2424094676971436,3.4894864559173584,0.24707698822021484
5464,paper,2.040645122528076,4.427338600158691,2.3866934776306152
5465,code,1.26213538646698,1.5951050519943237,0.33296966552734375
5466,math,1.0901470184326172,1.3287588357925415,0.23861181735992432
5467,wiki,2.894146680831909,4.004491329193115,1.110344648361206
5468,news,3.1486427783966064,3.4506754875183105,0.3020327091217041
5469,reviews,3.410580635070801,3.461158037185669,0.050577402114868164
5470,paper,2.253477096557617,3.7695224285125732,1.516045331954956
5471,code,1.121556043624878,1.3306418657302856,0.20908582210540771
5472,math,1.2175853252410889,1.6110931634902954,0.39350783824920654
5473,wiki,3.120727300643921,3.296891450881958,0.1761641502380371
5474,news,3.5870068073272705,3.9542336463928223,0.36722683906555176
5475,reviews,4.086123943328857,4.2438225746154785,0.1576986312866211
5476,paper,1.9789133071899414,4.22328519821167,2.2443718910217285
5477,code,1.1680195331573486,1.7137987613677979,0.5457792282104492
5478,math,1.6535978317260742,2.10233473777771,0.44873690605163574
5479,wiki,2.7555930614471436,3.047748327255249,0.29215526580810547
5480,news,3.2797274589538574,3.6345267295837402,0.3547992706298828
5481,reviews,3.8977205753326416,3.9981486797332764,0.10042810440063477
5482,paper,1.5461747646331787,3.570380687713623,2.0242059230804443
5483,code,0.6385878920555115,0.8869133591651917,0.24832546710968018
5484,math,1.802956461906433,2.189387083053589,0.38643062114715576
5485,wiki,3.0173699855804443,3.0738778114318848,0.05650782585144043
5486,news,3.4305202960968018,3.913872241973877,0.4833519458770752
5487,reviews,3.606627941131592,3.653366804122925,0.04673886299133301
5488,paper,1.4756532907485962,3.5520429611206055,2.0763896703720093
5489,code,1.08382248878479,1.7191048860549927,0.6352823972702026
5490,math,1.381587028503418,1.6577049493789673,0.2761179208755493
5491,wiki,3.264763832092285,3.7595362663269043,0.49477243423461914
5492,news,4.71653938293457,5.201415061950684,0.4848756790161133
5493,reviews,4.13024377822876,4.204314708709717,0.07407093048095703
5494,paper,1.4310529232025146,3.7729263305664062,2.3418734073638916
5495,code,1.0407285690307617,1.693656325340271,0.6529277563095093
5496,math,1.9020843505859375,2.107120990753174,0.20503664016723633
5497,wiki,3.478463649749756,3.931804895401001,0.4533412456512451
5498,news,3.5762698650360107,3.960299015045166,0.3840291500091553
5499,reviews,4.154168605804443,4.298877239227295,0.14470863342285156
5500,paper,1.975672960281372,4.314138412475586,2.338465452194214
5501,code,1.2828353643417358,2.190035104751587,0.9071997404098511
5502,math,1.9206010103225708,2.3386130332946777,0.41801202297210693
5503,wiki,2.1839680671691895,2.650933265686035,0.4669651985168457
5504,news,4.04320764541626,4.448295593261719,0.405087947845459
5505,reviews,4.038654804229736,4.129549503326416,0.09089469909667969
5506,paper,2.3345680236816406,5.113653182983398,2.779085159301758
5507,code,1.442156195640564,2.0281429290771484,0.5859867334365845
5508,math,1.4889087677001953,1.7199780941009521,0.23106932640075684
5509,wiki,3.3492813110351562,3.573835849761963,0.22455453872680664
5510,news,3.1014084815979004,3.8028385639190674,0.701430082321167
5511,reviews,3.05367112159729,3.0991740226745605,0.04550290107727051
5512,paper,1.6927456855773926,3.994805097579956,2.3020594120025635
5513,code,1.2531168460845947,1.9315279722213745,0.6784111261367798
5514,math,1.3093866109848022,1.8933695554733276,0.5839829444885254
5515,wiki,2.645580768585205,3.515693187713623,0.870112419128418
5516,news,3.046272039413452,3.5792269706726074,0.5329549312591553
5517,reviews,3.8586175441741943,3.9183850288391113,0.05976748466491699
5518,paper,1.773985743522644,4.631264686584473,2.8572789430618286
5519,code,0.9014412760734558,1.173392653465271,0.2719513773918152
5520,math,1.3628774881362915,1.877258062362671,0.5143805742263794
5521,wiki,2.9347550868988037,3.4396233558654785,0.5048682689666748
5522,news,3.7025203704833984,4.2324700355529785,0.5299496650695801
5523,reviews,3.854552745819092,3.8944103717803955,0.03985762596130371
5524,paper,1.545937418937683,3.404813051223755,1.8588756322860718
5525,code,0.7088822722434998,0.9563126564025879,0.24743038415908813
5526,math,1.3336000442504883,1.999216079711914,0.6656160354614258
5527,wiki,3.0297112464904785,3.4195210933685303,0.38980984687805176
5528,news,2.978148937225342,3.6004652976989746,0.6223163604736328
5529,reviews,3.434300184249878,3.5263452529907227,0.09204506874084473
5530,paper,1.8510642051696777,4.0722503662109375,2.2211861610412598
5531,code,1.0702623128890991,1.4044692516326904,0.3342069387435913
5532,math,1.5105725526809692,1.7656768560409546,0.25510430335998535
5533,wiki,2.3818960189819336,2.614513397216797,0.23261737823486328
5534,news,3.581696033477783,4.1555609703063965,0.5738649368286133
5535,reviews,3.396146059036255,3.3797707557678223,-0.016375303268432617
5536,paper,1.2878093719482422,3.9858593940734863,2.698050022125244
5537,code,1.2111231088638306,1.8439847230911255,0.6328616142272949
5538,math,1.3351916074752808,1.8639495372772217,0.5287579298019409
5539,wiki,2.585636615753174,3.2407772541046143,0.6551406383514404
5540,news,3.382075309753418,3.9118235111236572,0.5297482013702393
5541,reviews,3.964419364929199,3.961625099182129,-0.0027942657470703125
5542,paper,1.5923311710357666,3.680987596511841,2.088656425476074
5543,code,1.066554069519043,1.3603006601333618,0.29374659061431885
5544,math,1.9076238870620728,2.4866385459899902,0.5790146589279175
5545,wiki,3.196277379989624,4.338714122772217,1.1424367427825928
5546,news,1.62370765209198,2.2537033557891846,0.6299957036972046
5547,reviews,3.700023651123047,3.6940245628356934,-0.005999088287353516
5548,paper,1.700430989265442,4.046592712402344,2.346161723136902
5549,code,1.1918359994888306,1.827265739440918,0.6354297399520874
5550,math,1.4884841442108154,1.8120462894439697,0.3235621452331543
5551,wiki,3.2942187786102295,3.63517165184021,0.34095287322998047
5552,news,3.787841796875,4.515524387359619,0.7276825904846191
5553,reviews,3.787335157394409,3.8743996620178223,0.08706450462341309
5554,paper,1.823528528213501,4.553090572357178,2.7295620441436768
5555,code,1.0119132995605469,1.3755096197128296,0.3635963201522827
5556,math,1.3626006841659546,1.7451647520065308,0.38256406784057617
5557,wiki,3.4133458137512207,4.36800479888916,0.9546589851379395
5558,news,3.9432213306427,4.401242256164551,0.4580209255218506
5559,reviews,3.431394338607788,3.6022281646728516,0.17083382606506348
5560,paper,1.2667418718338013,3.9659698009490967,2.6992279291152954
5561,code,1.217773675918579,1.862964153289795,0.6451904773712158
5562,math,1.637308955192566,2.333543300628662,0.6962343454360962
5563,wiki,2.807698965072632,3.118497133255005,0.31079816818237305
5564,news,3.8686115741729736,4.003504276275635,0.13489270210266113
5565,reviews,3.921427011489868,4.017311096191406,0.09588408470153809
5566,paper,1.3894468545913696,3.945328950881958,2.5558820962905884
5567,code,1.4089605808258057,2.042466878890991,0.6335062980651855
5568,math,1.8486536741256714,2.3933675289154053,0.5447138547897339
5569,wiki,3.2479963302612305,3.2220957279205322,-0.025900602340698242
5570,news,3.248995065689087,3.5952138900756836,0.3462188243865967
5571,reviews,3.707749366760254,3.774249315261841,0.06649994850158691
5572,paper,2.4981253147125244,4.621999740600586,2.1238744258880615
5573,code,1.7674072980880737,2.2900898456573486,0.5226825475692749
5574,math,1.6197195053100586,1.8166234493255615,0.19690394401550293
5575,wiki,2.6680216789245605,3.2793352603912354,0.6113135814666748
5576,news,3.898977041244507,4.223874092102051,0.32489705085754395
5577,reviews,3.9969544410705566,4.152836322784424,0.1558818817138672
5578,paper,1.6669772863388062,3.810817241668701,2.143839955329895
5579,code,1.4260003566741943,2.1665446758270264,0.740544319152832
5580,math,1.4685449600219727,2.0903704166412354,0.6218254566192627
5581,wiki,2.615321397781372,2.777233123779297,0.1619117259979248
5582,news,2.770733594894409,3.2109103202819824,0.44017672538757324
5583,reviews,3.5024266242980957,3.6616899967193604,0.15926337242126465
5584,paper,1.4513269662857056,4.170952320098877,2.7196253538131714
5585,code,0.9453125,1.2111754417419434,0.26586294174194336
5586,math,1.0939037799835205,1.4432423114776611,0.3493385314941406
5587,wiki,3.2399940490722656,3.6831114292144775,0.4431173801422119
5588,news,3.8335909843444824,4.063813209533691,0.23022222518920898
5589,reviews,3.137704849243164,3.199683427810669,0.06197857856750488
5590,paper,1.4068526029586792,3.76002836227417,2.3531757593154907
5591,code,1.2051208019256592,1.7198781967163086,0.5147573947906494
5592,math,0.7708491086959839,1.1472198963165283,0.37637078762054443
5593,wiki,3.2074177265167236,4.190872669219971,0.9834549427032471
5594,news,4.764776229858398,5.058226585388184,0.29345035552978516
5595,reviews,2.8475284576416016,2.982598304748535,0.1350698471069336
5596,paper,2.0721137523651123,4.587088108062744,2.514974355697632
5597,code,1.1136375665664673,1.608644962310791,0.49500739574432373
5598,math,0.8399219512939453,1.1504932641983032,0.3105713129043579
5599,wiki,2.845679759979248,2.9454634189605713,0.09978365898132324
5600,news,2.9479432106018066,3.3948092460632324,0.4468660354614258
5601,reviews,4.132771015167236,4.257042407989502,0.12427139282226562
5602,paper,1.7229019403457642,4.141315937042236,2.418413996696472
5603,code,1.1740714311599731,1.7831315994262695,0.6090601682662964
5604,math,1.6484668254852295,2.3919355869293213,0.7434687614440918
5605,wiki,2.9939489364624023,3.3176109790802,0.32366204261779785
5606,news,2.4824583530426025,2.757965326309204,0.27550697326660156
5607,reviews,3.999264717102051,4.135313987731934,0.1360492706298828
5608,paper,1.5289908647537231,3.442685127258301,1.9136942625045776
5609,code,1.3382916450500488,1.878676414489746,0.5403847694396973
5610,math,1.4898059368133545,2.0143792629241943,0.5245733261108398
5611,wiki,3.0373482704162598,3.0666701793670654,0.029321908950805664
5612,news,4.099997043609619,4.382549285888672,0.28255224227905273
5613,reviews,3.8516740798950195,4.003185272216797,0.15151119232177734
5614,paper,1.4289202690124512,4.194967269897461,2.7660470008850098
5615,code,2.8443703651428223,3.1604621410369873,0.31609177589416504
5616,math,1.4594024419784546,1.9753035306930542,0.5159010887145996
5617,wiki,2.923959970474243,3.15714955329895,0.23318958282470703
5618,news,4.58241605758667,5.0656633377075195,0.4832472801208496
5619,reviews,3.7841506004333496,3.9238293170928955,0.1396787166595459
5620,paper,1.6297849416732788,4.323800563812256,2.694015622138977
5621,code,2.5310161113739014,2.949127197265625,0.41811108589172363
5622,math,1.2050459384918213,1.5654093027114868,0.3603633642196655
5623,wiki,3.164891004562378,4.104899883270264,0.9400088787078857
5624,news,3.1897048950195312,3.4492504596710205,0.25954556465148926
5625,reviews,4.145862579345703,4.249152183532715,0.10328960418701172
5626,paper,2.4907827377319336,4.878626823425293,2.3878440856933594
5627,code,1.7382464408874512,2.0493602752685547,0.3111138343811035
5628,math,1.2163199186325073,1.5401414632797241,0.3238215446472168
5629,wiki,3.4735445976257324,3.5712478160858154,0.09770321846008301
5630,news,3.631434202194214,3.914470911026001,0.2830367088317871
5631,reviews,3.9134953022003174,4.0543012619018555,0.14080595970153809
5632,paper,2.1552717685699463,5.176328182220459,3.0210564136505127
5633,code,1.1435835361480713,1.7910064458847046,0.6474229097366333
5634,math,1.9506860971450806,2.480877161026001,0.5301910638809204
5635,wiki,3.052165985107422,3.477994203567505,0.425828218460083
5636,news,3.0516304969787598,3.6210899353027344,0.5694594383239746
5637,reviews,4.173121929168701,4.217841148376465,0.04471921920776367
5638,paper,2.1961705684661865,4.412531852722168,2.2163612842559814
5639,code,1.046897530555725,1.6944595575332642,0.6475620269775391
5640,math,1.3194838762283325,1.672193169593811,0.3527092933654785
5641,wiki,3.4329593181610107,3.7627806663513184,0.3298213481903076
5642,news,3.4033913612365723,3.860365390777588,0.4569740295410156
5643,reviews,3.683087110519409,3.877434253692627,0.19434714317321777
5644,paper,2.204439401626587,2.924497604370117,0.7200582027435303
5645,code,1.126941442489624,1.7526066303253174,0.6256651878356934
5646,math,1.178364872932434,1.5577760934829712,0.3794112205505371
5647,wiki,3.2948806285858154,3.42472243309021,0.12984180450439453
5648,news,3.5496060848236084,3.7696259021759033,0.22001981735229492
5649,reviews,3.8062076568603516,3.912867784500122,0.10666012763977051
5650,paper,2.0664594173431396,2.650975227355957,0.5845158100128174
5651,code,1.283602237701416,1.8142802715301514,0.5306780338287354
5652,math,1.0981022119522095,1.406139612197876,0.3080374002456665
5653,wiki,2.732067108154297,3.1581361293792725,0.4260690212249756
5654,news,3.5660698413848877,3.906240463256836,0.34017062187194824
5655,reviews,2.6309313774108887,2.7333993911743164,0.10246801376342773
5656,paper,2.1334149837493896,3.636798858642578,1.5033838748931885
5657,code,1.5378749370574951,1.8967667818069458,0.3588918447494507
5658,math,1.0742517709732056,1.5941239595413208,0.5198721885681152
5659,wiki,2.9534473419189453,3.163156509399414,0.20970916748046875
5660,news,3.3793554306030273,3.9114999771118164,0.5321445465087891
5661,reviews,3.3544745445251465,3.452181339263916,0.09770679473876953
5662,paper,2.0407192707061768,4.388517379760742,2.3477981090545654
5663,code,1.3015515804290771,1.7518200874328613,0.4502685070037842
5664,math,1.4924815893173218,2.074582576751709,0.5821009874343872
5665,wiki,2.3854665756225586,3.305804967880249,0.9203383922576904
5666,news,4.339753150939941,4.6651787757873535,0.3254256248474121
5667,reviews,2.77217173576355,2.968750476837158,0.1965787410736084
5668,paper,1.6118019819259644,2.7358224391937256,1.1240204572677612
5669,code,1.9756945371627808,2.077577829360962,0.10188329219818115
5670,math,1.0663728713989258,1.3383599519729614,0.27198708057403564
5671,wiki,2.378796339035034,2.998161792755127,0.6193654537200928
5672,news,2.9669148921966553,3.544612407684326,0.5776975154876709
5673,reviews,3.193697690963745,3.3938472270965576,0.2001495361328125
5674,paper,1.784960389137268,2.6373062133789062,0.8523458242416382
5675,code,1.3072081804275513,2.0162296295166016,0.7090214490890503
5676,math,1.2549539804458618,1.6996301412582397,0.44467616081237793
5677,wiki,3.687300682067871,4.290580749511719,0.6032800674438477
5678,news,4.027602195739746,4.206868648529053,0.17926645278930664
5679,reviews,3.3292946815490723,3.373532295227051,0.044237613677978516
5680,paper,2.2312631607055664,3.7427661418914795,1.511502981185913
5681,code,1.3630168437957764,2.1461257934570312,0.7831089496612549
5682,math,1.3807520866394043,2.145439863204956,0.7646877765655518
5683,wiki,3.283355474472046,3.871807098388672,0.588451623916626
5684,news,3.302877426147461,3.8597662448883057,0.5568888187408447
5685,reviews,3.520348310470581,3.5755538940429688,0.055205583572387695
5686,paper,2.3680498600006104,4.5365729331970215,2.168523073196411
5687,code,1.304248571395874,1.6386487483978271,0.3344001770019531
5688,math,1.0839349031448364,1.7100459337234497,0.6261110305786133
5689,wiki,3.2343215942382812,4.173665523529053,0.9393439292907715
5690,news,3.1759254932403564,3.7216036319732666,0.5456781387329102
5691,reviews,3.6972575187683105,3.6945011615753174,-0.002756357192993164
5692,paper,1.893723487854004,4.5896830558776855,2.6959595680236816
5693,code,1.298513650894165,1.927507758140564,0.6289941072463989
5694,math,1.6650726795196533,2.0898325443267822,0.4247598648071289
5695,wiki,2.990748643875122,3.4963066577911377,0.5055580139160156
5696,news,3.738616704940796,4.150251865386963,0.411635160446167
5697,reviews,4.044939994812012,4.09681510925293,0.05187511444091797
5698,paper,2.0736231803894043,4.683923244476318,2.610300064086914
5699,code,1.400850772857666,1.8489909172058105,0.44814014434814453
5700,math,0.4702596366405487,0.6874298453330994,0.21717020869255066
5701,wiki,3.4233498573303223,4.060296058654785,0.6369462013244629
5702,news,3.0768086910247803,3.5285227298736572,0.45171403884887695
5703,reviews,3.1850969791412354,3.2800018787384033,0.09490489959716797
5704,paper,2.2674062252044678,5.141180515289307,2.873774290084839
5705,code,1.419443130493164,2.033726453781128,0.6142833232879639
5706,math,1.5399460792541504,2.0331780910491943,0.49323201179504395
5707,wiki,2.671452522277832,3.4563236236572266,0.7848711013793945
5708,news,2.476073741912842,2.7943007946014404,0.31822705268859863
5709,reviews,4.050671577453613,4.063168048858643,0.012496471405029297
5710,paper,2.036874771118164,5.272010326385498,3.235135555267334
5711,code,1.5377886295318604,2.234048843383789,0.6962602138519287
5712,math,1.2138698101043701,1.6783826351165771,0.46451282501220703
5713,wiki,2.4702017307281494,2.5357799530029297,0.06557822227478027
5714,news,2.804274797439575,3.2280097007751465,0.4237349033355713
5715,reviews,2.8896384239196777,2.8278138637542725,-0.06182456016540527
5716,paper,0.945263147354126,3.3847522735595703,2.4394891262054443
5717,code,1.3752081394195557,1.6477054357528687,0.272497296333313
5718,math,1.1194931268692017,1.5818047523498535,0.46231162548065186
5719,wiki,3.134904146194458,3.83539080619812,0.7004866600036621
5720,news,3.3785555362701416,3.7503225803375244,0.3717670440673828
5721,reviews,4.0445556640625,3.9935615062713623,-0.050994157791137695
5722,paper,1.1007217168807983,3.354214906692505,2.2534931898117065
5723,code,0.8983661532402039,1.517084002494812,0.6187178492546082
5724,math,1.4461696147918701,1.8958239555358887,0.44965434074401855
5725,wiki,2.949688673019409,3.0218710899353027,0.07218241691589355
5726,news,3.204869031906128,3.4657602310180664,0.2608911991119385
5727,reviews,4.126938819885254,4.219099998474121,0.09216117858886719
5728,paper,2.011735677719116,4.479924201965332,2.468188524246216
5729,code,1.1863294839859009,1.606501817703247,0.4201723337173462
5730,math,1.5015127658843994,1.9226166009902954,0.421103835105896
5731,wiki,3.369830846786499,3.631763458251953,0.2619326114654541
5732,news,3.9001576900482178,4.1843414306640625,0.2841837406158447
5733,reviews,3.72989559173584,3.7947137355804443,0.06481814384460449
5734,paper,2.0734479427337646,3.753263235092163,1.6798152923583984
5735,code,1.4613380432128906,2.0892863273620605,0.6279482841491699
5736,math,1.4776135683059692,1.9653083086013794,0.48769474029541016
5737,wiki,2.518733263015747,3.4742772579193115,0.9555439949035645
5738,news,3.5444912910461426,4.125732421875,0.5812411308288574
5739,reviews,4.432933330535889,4.510776996612549,0.07784366607666016
5740,paper,1.5368155241012573,3.523585081100464,1.9867695569992065
5741,code,0.8186834454536438,1.2145479917526245,0.3958645462989807
5742,math,1.6236485242843628,1.8601301908493042,0.2364816665649414
5743,wiki,3.2065553665161133,3.8463504314422607,0.6397950649261475
5744,news,3.7023661136627197,4.19789457321167,0.4955284595489502
5745,reviews,4.230504512786865,4.34716796875,0.11666345596313477
5746,paper,1.1419562101364136,3.8532211780548096,2.711264967918396
5747,code,0.9662200212478638,1.309792399406433,0.34357237815856934
5748,math,1.312769889831543,1.7053297758102417,0.39255988597869873
5749,wiki,3.322831630706787,3.7742371559143066,0.45140552520751953
5750,news,3.6858773231506348,4.0257673263549805,0.3398900032043457
5751,reviews,4.387796401977539,4.467456340789795,0.07965993881225586
5752,paper,0.8614302277565002,3.76080584526062,2.89937561750412
5753,code,0.8969506025314331,1.2004238367080688,0.30347323417663574
5754,math,1.3979995250701904,1.829747200012207,0.4317476749420166
5755,wiki,3.04538631439209,3.321106433868408,0.27572011947631836
5756,news,3.173980474472046,3.599261999130249,0.4252815246582031
5757,reviews,3.944549322128296,4.0936760902404785,0.14912676811218262
5758,paper,1.1724224090576172,3.6604812145233154,2.4880588054656982
5759,code,1.5794051885604858,2.143310785293579,0.5639055967330933
5760,math,2.230994462966919,2.484269857406616,0.25327539443969727
5761,wiki,2.6322593688964844,3.6466078758239746,1.0143485069274902
5762,news,2.880146026611328,3.288409948348999,0.4082639217376709
5763,reviews,3.4863650798797607,3.620950937271118,0.13458585739135742
5764,paper,2.0775184631347656,3.129559278488159,1.0520408153533936
5765,code,1.6051149368286133,1.8102635145187378,0.2051485776901245
5766,math,1.325711965560913,1.6004501581192017,0.2747381925582886
5767,wiki,2.8866500854492188,3.7818500995635986,0.8952000141143799
5768,news,4.279101848602295,4.851519584655762,0.5724177360534668
5769,reviews,3.8443219661712646,4.107124328613281,0.2628023624420166
5770,paper,1.6593260765075684,5.270807266235352,3.611481189727783
5771,code,1.11587655544281,1.8966262340545654,0.7807496786117554
5772,math,1.4260538816452026,2.02498197555542,0.5989280939102173
5773,wiki,3.1026086807250977,4.108527183532715,1.0059185028076172
5774,news,3.3877036571502686,3.7296416759490967,0.3419380187988281
5775,reviews,3.632714033126831,3.8463752269744873,0.21366119384765625
5776,paper,1.8035732507705688,4.438389301300049,2.63481605052948
5777,code,1.3903316259384155,1.9323759078979492,0.5420442819595337
5778,math,1.259626030921936,1.780127763748169,0.5205017328262329
5779,wiki,3.443988084793091,3.752145528793335,0.30815744400024414
5780,news,2.83293080329895,3.1983373165130615,0.36540651321411133
5781,reviews,3.1797893047332764,3.3431801795959473,0.1633908748626709
5782,paper,2.0596425533294678,3.9608097076416016,1.9011671543121338
5783,code,1.4016821384429932,1.4633080959320068,0.06162595748901367
5784,math,1.006083369255066,1.3176918029785156,0.3116084337234497
5785,wiki,2.8508307933807373,3.1289820671081543,0.278151273727417
5786,news,3.2044432163238525,3.6727423667907715,0.46829915046691895
5787,reviews,3.621812582015991,3.7839624881744385,0.16214990615844727
5788,paper,2.165762186050415,4.474099636077881,2.308337450027466
5789,code,1.4618165493011475,2.099504232406616,0.6376876831054688
5790,math,1.7882732152938843,2.358468532562256,0.5701953172683716
5791,wiki,3.277261257171631,4.251776218414307,0.9745149612426758
5792,news,1.9001092910766602,2.403425693511963,0.5033164024353027
5793,reviews,3.642474412918091,3.8364312648773193,0.19395685195922852
5794,paper,2.0848984718322754,4.888067245483398,2.803168773651123
5795,code,1.313767910003662,1.9337501525878906,0.6199822425842285
5796,math,2.082317352294922,2.564727544784546,0.482410192489624
5797,wiki,3.125366687774658,3.2971057891845703,0.1717391014099121
5798,news,3.309922695159912,3.6943676471710205,0.3844449520111084
5799,reviews,4.5668463706970215,4.662133693695068,0.09528732299804688
5800,paper,1.6920946836471558,5.229675769805908,3.5375810861587524
5801,code,0.904437780380249,1.2483108043670654,0.3438730239868164
5802,math,1.521268606185913,1.9927141666412354,0.47144556045532227
5803,wiki,3.538724899291992,3.5800375938415527,0.04131269454956055
5804,news,2.5346338748931885,3.045680284500122,0.5110464096069336
5805,reviews,3.874723434448242,3.9270894527435303,0.052366018295288086
5806,paper,1.6372034549713135,4.414379596710205,2.7771761417388916
5807,code,1.1111629009246826,1.6333224773406982,0.5221595764160156
5808,math,1.2501462697982788,1.7743197679519653,0.5241734981536865
5809,wiki,2.8641319274902344,3.473021984100342,0.6088900566101074
5810,news,2.947206974029541,3.50933837890625,0.562131404876709
5811,reviews,4.345306873321533,4.454230308532715,0.10892343521118164
5812,paper,1.5114666223526,3.5471749305725098,2.0357083082199097
5813,code,1.5664088726043701,2.333887815475464,0.7674789428710938
5814,math,1.5062073469161987,1.9120975732803345,0.40589022636413574
5815,wiki,3.414548873901367,3.9925005435943604,0.5779516696929932
5816,news,3.2914390563964844,3.5526278018951416,0.2611887454986572
5817,reviews,3.763570785522461,3.932006359100342,0.16843557357788086
5818,paper,2.2257845401763916,4.361802101135254,2.1360175609588623
5819,code,1.5077508687973022,2.124110698699951,0.6163598299026489
5820,math,1.6736152172088623,2.0764553546905518,0.40284013748168945
5821,wiki,3.7117457389831543,4.022947311401367,0.3112015724182129
5822,news,3.5250003337860107,3.7837514877319336,0.25875115394592285
5823,reviews,3.292567014694214,3.3689470291137695,0.07638001441955566
5824,paper,2.127148151397705,4.427338600158691,2.3001904487609863
5825,code,0.9220389723777771,1.5005425214767456,0.5785035490989685
5826,math,2.008493185043335,2.3738436698913574,0.36535048484802246
5827,wiki,3.704652786254883,3.9054629802703857,0.20081019401550293
5828,news,3.4893481731414795,3.735822916030884,0.2464747428894043
5829,reviews,2.6187403202056885,2.7434115409851074,0.12467122077941895
5830,paper,2.3641324043273926,3.7695224285125732,1.4053900241851807
5831,code,1.4366461038589478,2.0918960571289062,0.6552499532699585
5832,math,1.7326868772506714,2.055579423904419,0.32289254665374756
5833,wiki,2.894991874694824,3.8248472213745117,0.9298553466796875
5834,news,3.376096248626709,3.9234628677368164,0.5473666191101074
5835,reviews,2.823808431625366,3.0522682666778564,0.22845983505249023
5836,paper,2.0852303504943848,4.22328519821167,2.138054847717285
5837,code,1.758851408958435,2.498459815979004,0.7396084070205688
5838,math,1.7781684398651123,2.209402084350586,0.43123364448547363
5839,wiki,2.7179617881774902,3.181586265563965,0.4636244773864746
5840,news,3.380408525466919,3.831157922744751,0.45074939727783203
5841,reviews,2.939274787902832,3.0835556983947754,0.14428091049194336
5842,paper,1.5606484413146973,3.570380687713623,2.009732246398926
5843,code,1.2146800756454468,1.6705421209335327,0.45586204528808594
5844,math,1.1719348430633545,1.536486029624939,0.3645511865615845
5845,wiki,2.7081539630889893,3.1297852993011475,0.4216313362121582
5846,news,3.6388356685638428,4.066473007202148,0.42763733863830566
5847,reviews,3.6325371265411377,3.6382715702056885,0.005734443664550781
5848,paper,1.6338139772415161,3.5520429611206055,1.9182289838790894
5849,code,1.352087378501892,2.0199499130249023,0.6678625345230103
5850,math,1.4581128358840942,2.048133611679077,0.5900207757949829
5851,wiki,3.0279791355133057,4.0887346267700195,1.0607554912567139
5852,news,3.8284637928009033,4.3182148933410645,0.48975110054016113
5853,reviews,4.0066142082214355,4.1218390464782715,0.11522483825683594
5854,paper,1.4627678394317627,3.7729263305664062,2.3101584911346436
5855,code,1.167973518371582,1.5093975067138672,0.34142398834228516
5856,math,1.110742449760437,1.3149569034576416,0.2042144536972046
5857,wiki,2.3749725818634033,2.837667942047119,0.4626953601837158
5858,news,3.86165452003479,3.8119356632232666,-0.04971885681152344
5859,reviews,3.3856613636016846,3.4275894165039062,0.04192805290222168
5860,paper,1.9279066324234009,4.314138412475586,2.386231780052185
5861,code,1.024242639541626,1.6420578956604004,0.6178152561187744
5862,math,1.645143747329712,2.194463014602661,0.5493192672729492
5863,wiki,2.068279981613159,2.350759983062744,0.28248000144958496
5864,news,4.044285774230957,4.511936664581299,0.4676508903503418
5865,reviews,3.1001598834991455,3.2707107067108154,0.17055082321166992
5866,paper,2.2893500328063965,5.113653182983398,2.824303150177002
5867,code,1.58739173412323,2.2492079734802246,0.6618162393569946
5868,math,1.222645878791809,1.5971499681472778,0.37450408935546875
5869,wiki,2.2609362602233887,2.7904129028320312,0.5294766426086426
5870,news,3.389162063598633,3.646313190460205,0.25715112686157227
5871,reviews,3.2514538764953613,3.315624713897705,0.06417083740234375
5872,paper,1.6026585102081299,3.994805097579956,2.392146587371826
5873,code,1.260216474533081,1.2839245796203613,0.023708105087280273
5874,math,1.7825021743774414,2.027596950531006,0.24509477615356445
5875,wiki,2.337862253189087,2.8772506713867188,0.5393884181976318
5876,news,4.123724460601807,4.359617233276367,0.23589277267456055
5877,reviews,3.3167343139648438,3.4768226146698,0.16008830070495605
5878,paper,1.7117422819137573,4.631264686584473,2.9195224046707153
5879,code,1.6625922918319702,2.083897113800049,0.4213048219680786
5880,math,1.4085679054260254,1.6092735528945923,0.2007056474685669
5881,wiki,2.5040109157562256,3.5187556743621826,1.014744758605957
5882,news,3.359503746032715,3.550668954849243,0.19116520881652832
5883,reviews,3.3880460262298584,3.539090871810913,0.1510448455810547
5884,paper,1.5186493396759033,3.404813051223755,1.8861637115478516
5885,code,1.7155201435089111,2.3060600757598877,0.5905399322509766
5886,math,1.8896018266677856,2.2607996463775635,0.37119781970977783
5887,wiki,2.745065212249756,3.0866329669952393,0.3415677547454834
5888,news,2.903841257095337,3.391404151916504,0.487562894821167
5889,reviews,3.046337604522705,3.181492805480957,0.13515520095825195
5890,paper,1.7812752723693848,4.0722503662109375,2.2909750938415527
5891,code,1.3013709783554077,1.5682541131973267,0.26688313484191895
5892,math,1.937477707862854,2.165417194366455,0.22793948650360107
5893,wiki,2.8826351165771484,3.116525650024414,0.23389053344726562
5894,news,3.196272850036621,3.5746052265167236,0.37833237648010254
5895,reviews,3.6113624572753906,3.7334067821502686,0.12204432487487793
5896,paper,1.3088152408599854,3.9858593940734863,2.677044153213501
5897,code,1.3366836309432983,1.5455331802368164,0.20884954929351807
5898,math,1.3761485815048218,1.6711173057556152,0.29496872425079346
5899,wiki,2.728949785232544,3.3677313327789307,0.6387815475463867
5900,news,3.854611396789551,4.297421455383301,0.44281005859375
5901,reviews,4.3894243240356445,4.520061016082764,0.13063669204711914
5902,paper,1.3893327713012695,3.680987596511841,2.2916548252105713
5903,code,1.501694679260254,1.878348469734192,0.376653790473938
5904,math,0.9616328477859497,1.2549247741699219,0.29329192638397217
5905,wiki,2.5740888118743896,3.0259695053100586,0.45188069343566895
5906,news,3.3925399780273438,3.8440487384796143,0.4515087604522705
5907,reviews,3.3905341625213623,3.5261335372924805,0.13559937477111816
5908,paper,1.6903084516525269,4.046592712402344,2.356284260749817
5909,code,0.8631064295768738,0.8636617064476013,0.0005552768707275391
5910,math,1.3237115144729614,1.6456712484359741,0.3219597339630127
5911,wiki,2.970231056213379,3.5768227577209473,0.6065917015075684
5912,news,3.4891505241394043,3.875471591949463,0.3863210678100586
5913,reviews,3.5879204273223877,3.7722537517547607,0.18433332443237305
5914,paper,1.7101750373840332,4.553090572357178,2.8429155349731445
5915,code,0.8958675861358643,1.1992186307907104,0.3033510446548462
5916,math,1.15375554561615,1.4683703184127808,0.31461477279663086
5917,wiki,2.6617276668548584,2.9022812843322754,0.240553617477417
5918,news,4.145064830780029,4.397801876068115,0.25273704528808594
5919,reviews,3.6512229442596436,3.8070454597473145,0.1558225154876709
5920,paper,1.2166351079940796,3.9659698009490967,2.749334692955017
5921,code,1.1923731565475464,1.6452187299728394,0.45284557342529297
5922,math,1.4941997528076172,2.070827007293701,0.576627254486084
5923,wiki,2.8729286193847656,3.0637872219085693,0.1908586025238037
5924,news,2.27278733253479,2.862349510192871,0.589562177658081
5925,reviews,4.578551769256592,4.649726390838623,0.07117462158203125
5926,paper,1.3706800937652588,3.945328950881958,2.574648857116699
5927,code,1.4386972188949585,2.0429606437683105,0.604263424873352
5928,math,1.2189147472381592,1.9808751344680786,0.7619603872299194
5929,wiki,2.7792463302612305,3.541459321975708,0.7622129917144775
5930,news,4.4370832443237305,5.048261642456055,0.6111783981323242
5931,reviews,4.091951847076416,4.205441951751709,0.11349010467529297
5932,paper,2.28635573387146,4.621999740600586,2.335644006729126
5933,code,0.9623737931251526,1.5879038572311401,0.6255300641059875
5934,math,1.364354133605957,1.7388523817062378,0.37449824810028076
5935,wiki,3.1798489093780518,3.5116212368011475,0.3317723274230957
5936,news,3.2845592498779297,3.6787641048431396,0.39420485496520996
5937,reviews,4.088080406188965,4.190544605255127,0.10246419906616211
5938,paper,1.5807744264602661,3.810817241668701,2.230042815208435
5939,code,0.7393103241920471,1.0225188732147217,0.28320854902267456
5940,math,1.0183900594711304,1.5174092054367065,0.49901914596557617
5941,wiki,2.560969829559326,3.5429270267486572,0.981957197189331
5942,news,3.0622308254241943,3.4800803661346436,0.4178495407104492
5943,reviews,3.715705633163452,3.9447522163391113,0.22904658317565918
5944,paper,1.3360636234283447,4.170952320098877,2.8348886966705322
5945,code,1.2765300273895264,2.0255987644195557,0.7490687370300293
5946,math,1.7306081056594849,2.020181894302368,0.2895737886428833
5947,wiki,3.39971923828125,3.4375860691070557,0.037866830825805664
5948,news,3.7320094108581543,4.147667407989502,0.41565799713134766
5949,reviews,3.3506147861480713,3.4663360118865967,0.11572122573852539
5950,paper,1.2054800987243652,3.76002836227417,2.5545482635498047
5951,code,1.6261783838272095,2.246936798095703,0.6207584142684937
5952,math,1.2508540153503418,1.375466227531433,0.12461221218109131
5953,wiki,3.6887032985687256,3.699209690093994,0.010506391525268555
5954,news,3.704615354537964,3.95072865486145,0.24611330032348633
5955,reviews,3.514857292175293,3.627807140350342,0.11294984817504883
5956,paper,1.9209390878677368,4.587088108062744,2.6661490201950073
5957,code,1.863823652267456,2.5092477798461914,0.6454241275787354
5958,math,1.0676894187927246,1.2926357984542847,0.22494637966156006
5959,wiki,3.0357627868652344,3.375364303588867,0.3396015167236328
5960,news,3.820794105529785,4.132026195526123,0.3112320899963379
5961,reviews,3.709345817565918,3.7588791847229004,0.04953336715698242
5962,paper,1.6876118183135986,4.141315937042236,2.4537041187286377
5963,code,1.7625315189361572,2.280116319656372,0.5175848007202148
5964,math,0.9843417406082153,1.4083740711212158,0.4240323305130005
5965,wiki,3.271048069000244,4.071459770202637,0.8004117012023926
5966,news,3.501723289489746,3.8698928356170654,0.36816954612731934
5967,reviews,4.271534442901611,4.39559268951416,0.12405824661254883
5968,paper,1.4971184730529785,3.442685127258301,1.9455666542053223
5969,code,1.2827953100204468,2.029456853866577,0.7466615438461304
5970,math,1.3465948104858398,1.620928168296814,0.2743333578109741
5971,wiki,2.672903060913086,2.9806368350982666,0.30773377418518066
5972,news,3.7686588764190674,4.011441707611084,0.2427828311920166
5973,reviews,3.8210620880126953,3.914998769760132,0.09393668174743652
5974,paper,1.331944465637207,4.194967269897461,2.863022804260254
5975,code,0.8986964821815491,1.2041457891464233,0.30544930696487427
5976,math,1.413083791732788,1.9887199401855469,0.5756361484527588
5977,wiki,3.0692367553710938,3.7189557552337646,0.6497189998626709
5978,news,4.043228626251221,4.252331733703613,0.20910310745239258
5979,reviews,3.6203835010528564,3.7825605869293213,0.16217708587646484
5980,paper,1.477826714515686,4.323800563812256,2.84597384929657
5981,code,1.7601253986358643,2.040339469909668,0.2802140712738037
5982,math,1.665474534034729,2.133812427520752,0.46833789348602295
5983,wiki,3.3851091861724854,3.5260653495788574,0.14095616340637207
5984,news,3.4918904304504395,3.7651755809783936,0.2732851505279541
5985,reviews,3.6043550968170166,3.676478862762451,0.07212376594543457
5986,paper,2.4193308353424072,4.878626823425293,2.4592959880828857
5987,code,1.4366779327392578,1.6347159147262573,0.1980379819869995
5988,math,1.5119966268539429,2.231564998626709,0.7195683717727661
5989,wiki,3.3122432231903076,4.287412166595459,0.9751689434051514
5990,news,2.8404107093811035,3.382998466491699,0.5425877571105957
5991,reviews,4.24974250793457,4.300224304199219,0.05048179626464844
5992,paper,2.164440631866455,5.176328182220459,3.011887550354004
5993,code,1.4541670083999634,1.9977556467056274,0.5435886383056641
5994,math,1.1474195718765259,1.5222676992416382,0.3748481273651123
5995,wiki,2.7807862758636475,3.181647777557373,0.4008615016937256
5996,news,2.9540891647338867,3.4866459369659424,0.5325567722320557
5997,reviews,3.071678400039673,3.1906771659851074,0.11899876594543457
5998,paper,2.1774632930755615,4.412531852722168,2.2350685596466064
5999,code,0.8812337517738342,0.9569904804229736,0.0757567286491394
6000,math,1.5247318744659424,2.0552124977111816,0.5304806232452393
6001,wiki,2.6859383583068848,3.526587724685669,0.8406493663787842
6002,news,3.0603444576263428,3.179251194000244,0.11890673637390137
6003,reviews,3.3955419063568115,3.4582619667053223,0.06272006034851074
6004,paper,2.132042169570923,2.924497604370117,0.7924554347991943
6005,code,0.7561385631561279,0.8316943645477295,0.07555580139160156
6006,math,1.2569817304611206,1.618049144744873,0.36106741428375244
6007,wiki,2.832245349884033,3.714362859725952,0.882117509841919
6008,news,3.364772081375122,3.7511277198791504,0.3863556385040283
6009,reviews,3.895083427429199,3.9351818561553955,0.04009842872619629
6010,paper,2.05861496925354,2.650975227355957,0.592360258102417
6011,code,1.4273929595947266,2.1306040287017822,0.7032110691070557
6012,math,1.0040373802185059,1.3948979377746582,0.39086055755615234
6013,wiki,3.0425548553466797,3.286787748336792,0.2442328929901123
6014,news,3.563540458679199,4.070016384124756,0.5064759254455566
6015,reviews,3.862924098968506,3.981104850769043,0.11818075180053711
6016,paper,2.0582120418548584,3.636798858642578,1.5785868167877197
6017,code,1.0725659132003784,1.5874660015106201,0.5149000883102417
6018,math,1.410561442375183,1.6431224346160889,0.23256099224090576
6019,wiki,3.3044447898864746,3.9783880710601807,0.673943281173706
6020,news,3.667421340942383,4.074928283691406,0.40750694274902344
6021,reviews,3.558300495147705,3.6674416065216064,0.10914111137390137
6022,paper,2.003225088119507,4.388517379760742,2.3852922916412354
6023,code,1.2332756519317627,1.8633230924606323,0.6300474405288696
6024,math,1.47995126247406,2.1327264308929443,0.6527751684188843
6025,wiki,3.5903103351593018,3.801450252532959,0.21113991737365723
6026,news,4.257648468017578,4.567558765411377,0.30991029739379883
6027,reviews,3.3936374187469482,3.476853847503662,0.08321642875671387
6028,paper,1.606629490852356,2.7358224391937256,1.1291929483413696
6029,code,1.2240734100341797,1.555358648300171,0.3312852382659912
6030,math,1.6952831745147705,2.2855403423309326,0.5902571678161621
6031,wiki,2.555837869644165,3.688213348388672,1.1323754787445068
6032,news,3.138690233230591,3.316741704940796,0.17805147171020508
6033,reviews,3.56907320022583,3.8398854732513428,0.2708122730255127
6034,paper,1.7609673738479614,2.6373062133789062,0.8763388395309448
6035,code,1.478132724761963,1.9509598016738892,0.47282707691192627
6036,math,1.1311763525009155,1.4824045896530151,0.3512282371520996
6037,wiki,2.6934492588043213,2.752859354019165,0.05941009521484375
6038,news,3.0136497020721436,3.3785760402679443,0.3649263381958008
6039,reviews,4.141217231750488,4.234922409057617,0.0937051773071289
6040,paper,2.1602306365966797,3.7427661418914795,1.5825355052947998
6041,code,1.6083334684371948,2.3686935901641846,0.7603601217269897
6042,math,1.5780452489852905,2.257952928543091,0.6799076795578003
6043,wiki,3.4940383434295654,3.956655502319336,0.4626171588897705
6044,news,3.226144790649414,3.6886966228485107,0.4625518321990967
6045,reviews,3.37886905670166,3.535207748413086,0.15633869171142578
6046,paper,2.3123764991760254,4.5365729331970215,2.224196434020996
6047,code,1.2200814485549927,1.859793782234192,0.6397123336791992
6048,math,1.6879366636276245,2.179473876953125,0.4915372133255005
6049,wiki,2.978639602661133,3.6745779514312744,0.6959383487701416
6050,news,2.860344886779785,3.4076433181762695,0.5472984313964844
6051,reviews,3.57920241355896,3.845855474472046,0.26665306091308594
6052,paper,1.7659029960632324,4.5896830558776855,2.823780059814453
6053,code,1.6325682401657104,2.338397264480591,0.7058290243148804
6054,math,1.277244210243225,1.5697423219680786,0.2924981117248535
6055,wiki,2.551579475402832,2.8262836933135986,0.2747042179107666
6056,news,4.318149089813232,4.6157426834106445,0.2975935935974121
6057,reviews,3.483858108520508,3.687427043914795,0.2035689353942871
6058,paper,1.9749433994293213,4.683923244476318,2.708979845046997
6059,code,2.1219286918640137,2.819453239440918,0.6975245475769043
6060,math,1.2034519910812378,1.7935497760772705,0.5900977849960327
6061,wiki,3.119295597076416,3.498972177505493,0.37967658042907715
6062,news,3.3235983848571777,3.8426499366760254,0.5190515518188477
6063,reviews,3.7410905361175537,3.8367083072662354,0.09561777114868164
6064,paper,2.135288953781128,5.141180515289307,3.0058915615081787
6065,code,1.0457042455673218,1.5199596881866455,0.47425544261932373
6066,math,1.6937007904052734,1.9563212394714355,0.2626204490661621
6067,wiki,3.0011279582977295,3.914944887161255,0.9138169288635254
6068,news,4.039353370666504,4.453112602233887,0.4137592315673828
6069,reviews,4.258476257324219,4.325586318969727,0.06711006164550781
6070,paper,1.8486248254776,5.272010326385498,3.423385500907898
6071,code,1.4758353233337402,2.0062456130981445,0.5304102897644043
6072,math,1.6872546672821045,2.3160898685455322,0.6288352012634277
6073,wiki,3.082942247390747,3.736698627471924,0.6537563800811768
6074,news,3.868999719619751,4.337287425994873,0.46828770637512207
6075,reviews,3.646108388900757,3.7638425827026367,0.11773419380187988
6076,paper,0.8632615804672241,3.3847522735595703,2.521490693092346
6077,code,1.1473486423492432,1.6253066062927246,0.47795796394348145
6078,math,1.839913249015808,2.176332712173462,0.3364194631576538
6079,wiki,3.3949787616729736,3.5947773456573486,0.199798583984375
6080,news,3.4731855392456055,3.8574864864349365,0.38430094718933105
6081,reviews,3.516713857650757,3.660691738128662,0.14397788047790527
6082,paper,1.0007972717285156,3.354214906692505,2.3534176349639893
6083,code,0.9498527646064758,1.5178779363632202,0.5680251717567444
6084,math,1.9539233446121216,2.3230175971984863,0.36909425258636475
6085,wiki,2.8808069229125977,3.5083181858062744,0.6275112628936768
6086,news,3.4800779819488525,4.065839767456055,0.5857617855072021
6087,reviews,4.375439167022705,4.389774322509766,0.014335155487060547
6088,paper,1.77506685256958,4.479924201965332,2.704857349395752
6089,code,1.13969087600708,1.2596189975738525,0.11992812156677246
6090,math,0.9975444078445435,1.4393293857574463,0.44178497791290283
6091,wiki,3.8659422397613525,4.08149528503418,0.21555304527282715
6092,news,4.011497974395752,4.5196685791015625,0.5081706047058105
6093,reviews,4.045844554901123,4.150978088378906,0.1051335334777832
6094,paper,1.8168118000030518,3.753263235092163,1.9364514350891113
6095,code,1.5063799619674683,2.0025558471679688,0.4961758852005005
6096,math,1.358815312385559,1.6552388668060303,0.2964235544204712
6097,wiki,3.1836884021759033,3.5447988510131836,0.3611104488372803
6098,news,4.251768589019775,4.897185325622559,0.6454167366027832
6099,reviews,3.5352883338928223,3.663888454437256,0.1286001205444336
6100,paper,1.44157874584198,3.523585081100464,2.082006335258484
6101,code,0.9727791547775269,1.475418210029602,0.5026390552520752
6102,math,1.210676670074463,1.684187650680542,0.4735109806060791
6103,wiki,3.556334972381592,3.891045093536377,0.33471012115478516
6104,news,3.4828248023986816,4.003864765167236,0.5210399627685547
6105,reviews,3.963052272796631,4.038323402404785,0.0752711296081543
6106,paper,1.1261017322540283,3.8532211780548096,2.7271194458007812
6107,code,1.4795171022415161,2.1958611011505127,0.7163439989089966
6108,math,1.5568450689315796,1.8348580598831177,0.2780129909515381
6109,wiki,3.3488101959228516,3.4198691844940186,0.07105898857116699
6110,news,1.7995686531066895,1.8991127014160156,0.09954404830932617
6111,reviews,3.961791515350342,4.106148719787598,0.14435720443725586
6112,paper,0.848064661026001,3.76080584526062,2.912741184234619
6113,code,1.0855770111083984,1.7447394132614136,0.6591624021530151
6114,math,1.4809049367904663,1.952410101890564,0.47150516510009766
6115,wiki,3.6306326389312744,3.658538579940796,0.027905941009521484
6116,news,3.7382915019989014,4.160493850708008,0.42220234870910645
6117,reviews,3.189420461654663,3.3112738132476807,0.12185335159301758
6118,paper,1.1522365808486938,3.6604812145233154,2.5082446336746216
6119,code,1.3994650840759277,2.093266487121582,0.6938014030456543
6120,math,1.374456763267517,1.7098028659820557,0.3353461027145386
6121,wiki,3.137673854827881,3.9038500785827637,0.7661762237548828
6122,news,3.9082252979278564,4.173318386077881,0.2650930881500244
6123,reviews,3.447340488433838,3.5080149173736572,0.060674428939819336
6124,paper,2.042240619659424,3.129559278488159,1.0873186588287354
6125,code,1.4015015363693237,2.1178510189056396,0.7163494825363159
6126,math,1.3489325046539307,1.7706942558288574,0.42176175117492676
6127,wiki,3.303426504135132,3.7479114532470703,0.4444849491119385
6128,news,3.6431095600128174,3.803722381591797,0.1606128215789795
6129,reviews,3.1320641040802,3.162226438522339,0.030162334442138672
6130,paper,1.516786813735962,5.270807266235352,3.7540204524993896
6131,code,2.2010374069213867,2.8783228397369385,0.6772854328155518
6132,math,1.2983843088150024,1.7129547595977783,0.4145704507827759
6133,wiki,2.6483423709869385,3.3513481616973877,0.7030057907104492
6134,news,3.4117791652679443,4.057369232177734,0.64559006690979
6135,reviews,3.2248053550720215,3.375380516052246,0.1505751609802246
6136,paper,1.711490273475647,4.438389301300049,2.726899027824402
6137,code,1.0095926523208618,1.3324350118637085,0.3228423595428467
6138,math,1.105867862701416,1.4353865385055542,0.3295186758041382
6139,wiki,3.9319069385528564,4.234865188598633,0.30295825004577637
6140,news,3.591824769973755,4.15521764755249,0.5633928775787354
6141,reviews,3.8817811012268066,4.025427341461182,0.143646240234375
6142,paper,2.0248918533325195,3.9608097076416016,1.935917854309082
6143,code,1.3218035697937012,1.7130632400512695,0.39125967025756836
6144,math,1.4725157022476196,2.0329103469848633,0.5603946447372437
6145,wiki,3.485565423965454,3.8527486324310303,0.36718320846557617
6146,news,3.4136035442352295,3.9755258560180664,0.5619223117828369
6147,reviews,3.493152141571045,3.6572141647338867,0.1640620231628418
6148,paper,2.1392781734466553,4.474099636077881,2.3348214626312256
6149,code,1.1854904890060425,1.8074591159820557,0.6219686269760132
6150,math,1.1497102975845337,1.5525954961776733,0.40288519859313965
6151,wiki,3.221390962600708,4.123770236968994,0.9023792743682861
6152,news,3.4931135177612305,3.77298903465271,0.2798755168914795
6153,reviews,3.717033863067627,3.7705554962158203,0.05352163314819336
6154,paper,1.9955391883850098,4.888067245483398,2.8925280570983887
6155,code,1.3427743911743164,1.8966951370239258,0.5539207458496094
6156,math,1.0517632961273193,1.276702880859375,0.22493958473205566
6157,wiki,3.4236104488372803,3.715214967727661,0.29160451889038086
6158,news,3.386922836303711,3.9630980491638184,0.5761752128601074
6159,reviews,3.987624406814575,4.064298152923584,0.07667374610900879
6160,paper,1.5945419073104858,5.229675769805908,3.6351338624954224
6161,code,1.138431429862976,1.4419445991516113,0.30351316928863525
6162,math,1.2985572814941406,2.0711991786956787,0.7726418972015381
6163,wiki,3.3520843982696533,3.8482370376586914,0.4961526393890381
6164,news,3.260003089904785,3.6136560440063477,0.3536529541015625
6165,reviews,3.3936963081359863,3.6116673946380615,0.2179710865020752
6166,paper,1.4583487510681152,4.414379596710205,2.95603084564209
6167,code,0.9894664883613586,1.6688213348388672,0.6793548464775085
6168,math,1.5521320104599,2.342115879058838,0.789983868598938
6169,wiki,3.0470149517059326,3.2731544971466064,0.22613954544067383
6170,news,3.502167224884033,3.975133180618286,0.47296595573425293
6171,reviews,3.6531972885131836,3.7581405639648438,0.10494327545166016
6172,paper,1.1416150331497192,3.5471749305725098,2.4055598974227905
6173,code,1.3285460472106934,2.003263473510742,0.6747174263000488
6174,math,1.1770187616348267,1.5907917022705078,0.41377294063568115
6175,wiki,3.695258140563965,4.04217004776001,0.3469119071960449
6176,news,3.512338399887085,3.917381763458252,0.405043363571167
6177,reviews,3.907456398010254,3.9764633178710938,0.06900691986083984
6178,paper,2.2659718990325928,4.361802101135254,2.095830202102661
6179,code,0.5782091021537781,1.159883737564087,0.5816746354103088
6180,math,1.210724115371704,1.6723283529281616,0.4616042375564575
6181,wiki,3.6068694591522217,4.326956272125244,0.7200868129730225
6182,news,3.788651943206787,4.351304054260254,0.5626521110534668
6183,reviews,4.1612420082092285,4.2201642990112305,0.05892229080200195
6184,paper,1.8637514114379883,4.427338600158691,2.563587188720703
6185,code,1.4241541624069214,1.9904576539993286,0.5663034915924072
6186,math,1.9757567644119263,2.3780767917633057,0.4023200273513794
6187,wiki,3.791175127029419,3.8909201622009277,0.09974503517150879
6188,news,2.9957118034362793,3.4519059658050537,0.4561941623687744
6189,reviews,4.181398868560791,4.317841053009033,0.1364421844482422
6190,paper,2.224609136581421,3.7695224285125732,1.5449132919311523
6191,code,1.8210269212722778,2.420835018157959,0.5998080968856812
6192,math,1.4254441261291504,1.7602726221084595,0.3348284959793091
6193,wiki,3.649232864379883,4.002612590789795,0.3533797264099121
6194,news,3.2632617950439453,3.680600881576538,0.4173390865325928
6195,reviews,3.024467945098877,3.2416329383850098,0.2171649932861328
6196,paper,2.097424030303955,4.22328519821167,2.125861167907715
6197,code,1.1351839303970337,1.634552001953125,0.4993680715560913
6198,math,1.8848360776901245,2.3850631713867188,0.5002270936965942
6199,wiki,3.8674206733703613,3.9153082370758057,0.047887563705444336
6200,news,3.8475687503814697,4.252934455871582,0.4053657054901123
6201,reviews,3.903092384338379,4.0187153816223145,0.11562299728393555
6202,paper,1.5466282367706299,3.570380687713623,2.023752450942993
6203,code,1.3818198442459106,2.005925416946411,0.6241055727005005
6204,math,1.4500418901443481,1.6837501525878906,0.23370826244354248
6205,wiki,3.991456985473633,4.509671211242676,0.518214225769043
6206,news,3.959536552429199,4.265488624572754,0.3059520721435547
6207,reviews,3.266369342803955,3.3385889530181885,0.0722196102142334
6208,paper,1.4202096462249756,3.5520429611206055,2.13183331489563
6209,code,0.7094433307647705,1.1070549488067627,0.3976116180419922
6210,math,1.53575599193573,2.132467031478882,0.5967110395431519
6211,wiki,4.4790472984313965,4.812352180480957,0.33330488204956055
6212,news,3.547551155090332,3.702458620071411,0.1549074649810791
6213,reviews,2.8599233627319336,2.942009687423706,0.08208632469177246
6214,paper,1.311174750328064,3.7729263305664062,2.4617515802383423
6215,code,0.8767057657241821,1.3430171012878418,0.46631133556365967
6216,math,1.6495368480682373,2.065375804901123,0.41583895683288574
6217,wiki,2.406554937362671,3.169644355773926,0.7630894184112549
6218,news,4.328312397003174,4.383448600769043,0.05513620376586914
6219,reviews,3.9971063137054443,4.199249744415283,0.20214343070983887
6220,paper,1.7843255996704102,4.314138412475586,2.529812812805176
6221,code,1.031607747077942,1.4710465669631958,0.4394388198852539
6222,math,1.2267829179763794,1.7176923751831055,0.4909094572067261
6223,wiki,2.8523690700531006,2.9560739994049072,0.10370492935180664
6224,news,3.808551073074341,4.1083478927612305,0.29979681968688965
6225,reviews,3.664156913757324,3.72135853767395,0.05720162391662598
6226,paper,2.148376703262329,5.113653182983398,2.9652764797210693
6227,code,1.1736773252487183,1.8101603984832764,0.6364830732345581
6228,math,1.850048542022705,2.191082239151001,0.3410336971282959
6229,wiki,3.273130178451538,3.631711483001709,0.3585813045501709
6230,news,2.767051935195923,3.053400993347168,0.2863490581512451
6231,reviews,4.005478382110596,4.1927337646484375,0.1872553825378418
6232,paper,1.4839688539505005,3.994805097579956,2.5108362436294556
6233,code,0.9191091656684875,1.3099403381347656,0.3908311724662781
6234,math,1.442515254020691,1.6477349996566772,0.20521974563598633
6235,wiki,3.464768409729004,3.5392987728118896,0.07453036308288574
6236,news,3.634831428527832,3.978194236755371,0.34336280822753906
6237,reviews,4.395522117614746,4.449628829956055,0.054106712341308594
6238,paper,1.5445029735565186,4.631264686584473,3.086761713027954
6239,code,1.0753310918807983,1.539607048034668,0.46427595615386963
6240,math,1.98879873752594,2.4059536457061768,0.4171549081802368
6241,wiki,3.335099220275879,4.157644748687744,0.8225455284118652
6242,news,4.396775245666504,4.81508207321167,0.418306827545166
6243,reviews,3.3995847702026367,3.503876209259033,0.10429143905639648
6244,paper,1.4334380626678467,3.404813051223755,1.9713749885559082
6245,code,1.0901283025741577,1.4898121356964111,0.3996838331222534
6246,math,1.7248610258102417,2.045539379119873,0.32067835330963135
6247,wiki,3.6959619522094727,3.8268277645111084,0.13086581230163574
6248,news,4.23374605178833,4.555500507354736,0.32175445556640625
6249,reviews,3.444410800933838,3.593684196472168,0.14927339553833008
6250,paper,1.7151380777359009,4.0722503662109375,2.3571122884750366
6251,code,1.008361577987671,1.4651943445205688,0.45683276653289795
6252,math,1.5798197984695435,2.149592399597168,0.5697726011276245
6253,wiki,3.433833599090576,3.659177303314209,0.2253437042236328
6254,news,4.514646053314209,4.635293960571289,0.12064790725708008
6255,reviews,3.571950912475586,3.7982287406921387,0.22627782821655273
6256,paper,1.1323927640914917,3.9858593940734863,2.8534666299819946
6257,code,1.1685283184051514,1.8665179014205933,0.6979895830154419
6258,math,1.4028277397155762,1.9525314569473267,0.5497037172317505
6259,wiki,3.1707072257995605,3.9387154579162598,0.7680082321166992
6260,news,4.087620735168457,4.184981822967529,0.09736108779907227
6261,reviews,3.819080352783203,3.85870099067688,0.03962063789367676
6262,paper,1.2898966073989868,3.680987596511841,2.391090989112854
6263,code,1.6168311834335327,1.8963844776153564,0.27955329418182373
6264,math,1.1960283517837524,1.7265342473983765,0.530505895614624
6265,wiki,2.9651758670806885,3.066182851791382,0.10100698471069336
6266,news,3.8635222911834717,3.9502687454223633,0.0867464542388916
6267,reviews,3.6176419258117676,3.739164113998413,0.12152218818664551
6268,paper,1.5000501871109009,4.046592712402344,2.546542525291443
6269,code,1.6914862394332886,2.2343244552612305,0.5428382158279419
6270,math,1.3545904159545898,1.7895128726959229,0.434922456741333
6271,wiki,2.973867416381836,3.230959892272949,0.2570924758911133
6272,news,4.304543495178223,4.52424955368042,0.21970605850219727
6273,reviews,3.5537638664245605,3.7667627334594727,0.2129988670349121
6274,paper,1.6208679676055908,4.553090572357178,2.932222604751587
6275,code,1.0724139213562012,1.5022141933441162,0.42980027198791504
6276,math,1.1224596500396729,1.496137261390686,0.3736776113510132
6277,wiki,2.610595941543579,3.479362964630127,0.8687670230865479
6278,news,3.1533453464508057,3.3104820251464844,0.1571366786956787
6279,reviews,3.227559804916382,3.356691360473633,0.12913155555725098
6280,paper,1.133692979812622,3.9659698009490967,2.8322768211364746
6281,code,1.6313506364822388,2.247720718383789,0.6163700819015503
6282,math,0.8736373782157898,1.3460698127746582,0.4724324345588684
6283,wiki,3.340069532394409,3.8930649757385254,0.5529954433441162
6284,news,3.8037774562835693,4.007784366607666,0.20400691032409668
6285,reviews,3.5854341983795166,3.81302547454834,0.22759127616882324
6286,paper,1.238518476486206,3.945328950881958,2.706810474395752
6287,code,1.3525025844573975,2.0340120792388916,0.6815094947814941
6288,math,1.7137982845306396,2.113046646118164,0.3992483615875244
6289,wiki,4.365777015686035,4.837899208068848,0.4721221923828125
6290,news,4.048152923583984,4.37938117980957,0.33122825622558594
6291,reviews,3.693249225616455,3.76898193359375,0.07573270797729492
6292,paper,2.200592517852783,4.621999740600586,2.4214072227478027
6293,code,1.123611569404602,1.732467532157898,0.6088559627532959
6294,math,1.29915189743042,1.9051111936569214,0.6059592962265015
6295,wiki,4.008672714233398,4.3646016120910645,0.355928897857666
6296,news,3.2947473526000977,3.5299484729766846,0.23520112037658691
6297,reviews,4.300810813903809,4.469220161437988,0.1684093475341797
6298,paper,1.4377447366714478,3.810817241668701,2.3730725049972534
6299,code,1.8948478698730469,2.2485756874084473,0.3537278175354004
6300,math,1.3882114887237549,1.6960935592651367,0.30788207054138184
6301,wiki,3.4544451236724854,4.292340278625488,0.8378951549530029
6302,news,4.595322132110596,4.823702812194824,0.22838068008422852
6303,reviews,3.8889122009277344,3.986825942993164,0.09791374206542969
6304,paper,1.2271820306777954,4.170952320098877,2.9437702894210815
6305,code,1.830899715423584,2.3694934844970703,0.5385937690734863
6306,math,1.6928101778030396,1.9548029899597168,0.26199281215667725
6307,wiki,3.089411735534668,4.226621150970459,1.137209415435791
6308,news,4.256523609161377,4.667619705200195,0.41109609603881836
6309,reviews,3.178743600845337,3.2466907501220703,0.0679471492767334
6310,paper,1.0782908201217651,3.76002836227417,2.681737542152405
6311,code,1.3219486474990845,1.673932671546936,0.35198402404785156
6312,math,1.3883565664291382,2.0441536903381348,0.6557971239089966
6313,wiki,3.6352956295013428,3.822011947631836,0.18671631813049316
6314,news,4.226736068725586,4.686193466186523,0.4594573974609375
6315,reviews,3.6874523162841797,3.763692617416382,0.07624030113220215
6316,paper,1.8203517198562622,4.587088108062744,2.766736388206482
6317,code,1.4757416248321533,2.099433422088623,0.6236917972564697
6318,math,1.3854979276657104,1.922391414642334,0.5368934869766235
6319,wiki,3.146678924560547,3.6631672382354736,0.5164883136749268
6320,news,3.368319511413574,3.8835203647613525,0.5152008533477783
6321,reviews,3.6188671588897705,3.729426145553589,0.11055898666381836
6322,paper,1.5130832195281982,4.141315937042236,2.628232717514038
6323,code,1.91665518283844,2.1266086101531982,0.2099534273147583
6324,math,1.2747178077697754,1.5688973665237427,0.2941795587539673
6325,wiki,3.4854958057403564,3.6540000438690186,0.1685042381286621
6326,news,3.4538235664367676,4.125027179718018,0.67120361328125
6327,reviews,4.063913822174072,4.1122612953186035,0.04834747314453125
6328,paper,1.4322439432144165,3.442685127258301,2.0104411840438843
6329,code,1.3311070203781128,1.891908884048462,0.5608018636703491
6330,math,1.5011405944824219,2.064169406890869,0.5630288124084473
6331,wiki,3.3850083351135254,3.82171630859375,0.4367079734802246
6332,news,3.954752206802368,4.700409889221191,0.7456576824188232
6333,reviews,3.517986536026001,3.730753183364868,0.2127666473388672
6334,paper,1.2876386642456055,4.194967269897461,2.9073286056518555
6335,code,0.9589695930480957,1.2795171737670898,0.32054758071899414
6336,math,1.326065182685852,1.8466248512268066,0.5205596685409546
6337,wiki,3.19370174407959,3.3225698471069336,0.12886810302734375
6338,news,3.3273866176605225,3.9649388790130615,0.6375522613525391
6339,reviews,3.6508171558380127,3.7613525390625,0.1105353832244873
6340,paper,1.3629789352416992,4.323800563812256,2.9608216285705566
6341,code,1.4004991054534912,1.4914370775222778,0.09093797206878662
6342,math,1.139314889907837,1.4111573696136475,0.27184247970581055
6343,wiki,2.8633790016174316,3.5528228282928467,0.689443826675415
6344,news,3.093975067138672,3.552926778793335,0.4589517116546631
6345,reviews,3.584981918334961,3.783984661102295,0.19900274276733398
6346,paper,2.2180402278900146,4.878626823425293,2.6605865955352783
6347,code,0.829449474811554,1.468627691268921,0.6391782164573669
6348,math,1.5234793424606323,2.152083396911621,0.6286040544509888
6349,wiki,2.446300506591797,2.794559955596924,0.34825944900512695
6350,news,3.0160889625549316,3.4503462314605713,0.43425726890563965
6351,reviews,3.422011613845825,3.636418581008911,0.21440696716308594
6352,paper,2.0445806980133057,5.176328182220459,3.1317474842071533
6353,code,1.3425525426864624,2.200369358062744,0.8578168153762817
6354,math,1.6162645816802979,2.1567883491516113,0.5405237674713135
6355,wiki,2.779266357421875,3.730790853500366,0.9515244960784912
6356,news,3.6394596099853516,4.242961883544922,0.6035022735595703
6357,reviews,4.168056488037109,4.2696452140808105,0.10158872604370117
6358,paper,2.0816993713378906,4.412531852722168,2.3308324813842773
6359,code,1.0249027013778687,1.679654836654663,0.6547521352767944
6360,math,1.3778395652770996,1.7682651281356812,0.39042556285858154
6361,wiki,2.8282558917999268,3.1788840293884277,0.350628137588501
6362,news,3.3589773178100586,3.9530029296875,0.5940256118774414
6363,reviews,3.9854495525360107,4.078821659088135,0.09337210655212402
6364,paper,2.1048593521118164,2.924497604370117,0.8196382522583008
6365,code,1.2355124950408936,1.9989557266235352,0.7634432315826416
6366,math,1.8276355266571045,2.1804537773132324,0.35281825065612793
6367,wiki,2.6700594425201416,3.714935541152954,1.0448760986328125
6368,news,3.133441925048828,3.5005998611450195,0.3671579360961914
6369,reviews,3.9470949172973633,4.1103129386901855,0.16321802139282227
6370,paper,2.0427513122558594,2.650975227355957,0.6082239151000977
6371,code,0.8438273668289185,1.2511690855026245,0.40734171867370605
6372,math,1.5011250972747803,2.0315988063812256,0.5304737091064453
6373,wiki,2.7751364707946777,2.863089084625244,0.0879526138305664
6374,news,2.8870091438293457,3.2549195289611816,0.36791038513183594
6375,reviews,3.733297348022461,3.9027719497680664,0.16947460174560547
6376,paper,2.0623223781585693,3.636798858642578,1.5744764804840088
6377,code,1.8389983177185059,2.4821739196777344,0.6431756019592285
6378,math,1.2754148244857788,1.402812123298645,0.1273972988128662
6379,wiki,3.6192355155944824,3.9314401149749756,0.31220459938049316
6380,news,3.1011550426483154,3.542400598526001,0.44124555587768555
6381,reviews,4.053342819213867,4.145177841186523,0.09183502197265625
6382,paper,1.9839122295379639,4.388517379760742,2.4046051502227783
6383,code,1.391036868095398,1.5528250932693481,0.1617882251739502
6384,math,1.976800799369812,2.7469587326049805,0.7701579332351685
6385,wiki,3.4877991676330566,3.8966188430786133,0.40881967544555664
6386,news,3.0245890617370605,3.5496883392333984,0.5250992774963379
6387,reviews,3.882490396499634,3.984703779220581,0.10221338272094727
6388,paper,1.5447726249694824,2.7358224391937256,1.1910498142242432
6389,code,1.1080060005187988,1.6815065145492554,0.5735005140304565
6390,math,2.0683631896972656,2.501314401626587,0.4329512119293213
6391,wiki,3.3731276988983154,3.5787882804870605,0.20566058158874512
6392,news,3.4063351154327393,3.9530632495880127,0.5467281341552734
6393,reviews,3.5879909992218018,3.6721625328063965,0.08417153358459473
6394,paper,1.7389822006225586,2.6373062133789062,0.8983240127563477
6395,code,1.7802187204360962,2.4899203777313232,0.709701657295227
6396,math,1.5853456258773804,1.8528804779052734,0.26753485202789307
6397,wiki,3.4082000255584717,3.5758719444274902,0.16767191886901855
6398,news,3.0037741661071777,3.53480863571167,0.5310344696044922
6399,reviews,3.8683626651763916,3.9016406536102295,0.03327798843383789
6400,paper,2.0815935134887695,3.7427661418914795,1.66117262840271
6401,code,1.793525218963623,2.0965778827667236,0.3030526638031006
6402,math,1.7647219896316528,2.4947726726531982,0.7300506830215454
6403,wiki,3.1468207836151123,3.6236672401428223,0.47684645652770996
6404,news,3.0517055988311768,3.4463305473327637,0.3946249485015869
6405,reviews,3.6335530281066895,3.744858503341675,0.11130547523498535
6406,paper,2.191352128982544,4.5365729331970215,2.3452208042144775
6407,code,0.5961077213287354,0.791123628616333,0.19501590728759766
6408,math,1.062626838684082,1.4724236726760864,0.4097968339920044
6409,wiki,2.9894704818725586,3.567427158355713,0.5779566764831543
6410,news,2.8708136081695557,3.4122073650360107,0.5413937568664551
6411,reviews,3.479503870010376,3.6428351402282715,0.1633312702178955
6412,paper,1.673250436782837,4.5896830558776855,2.9164326190948486
6413,code,1.3774994611740112,1.9973222017288208,0.6198227405548096
6414,math,1.3006279468536377,1.463051676750183,0.1624237298965454
6415,wiki,3.016033887863159,3.437838554382324,0.42180466651916504
6416,news,3.1824951171875,3.759747266769409,0.5772521495819092
6417,reviews,3.465266227722168,3.7551612854003906,0.28989505767822266
6418,paper,1.8767508268356323,4.683923244476318,2.807172417640686
6419,code,1.0592937469482422,1.7341715097427368,0.6748777627944946
6420,math,1.2765140533447266,1.3686927556991577,0.09217870235443115
6421,wiki,2.8695802688598633,3.826568126678467,0.9569878578186035
6422,news,2.812664747238159,3.3048033714294434,0.4921386241912842
6423,reviews,3.141099691390991,3.1743788719177246,0.0332791805267334
6424,paper,2.0065712928771973,5.141180515289307,3.1346092224121094
6425,code,1.1799246072769165,1.7196602821350098,0.5397356748580933
6426,math,1.4634768962860107,1.9508792161941528,0.4874023199081421
6427,wiki,3.2553226947784424,4.741467475891113,1.486144781112671
6428,news,3.2935471534729004,3.6724328994750977,0.37888574600219727
6429,reviews,3.1000099182128906,3.2831714153289795,0.18316149711608887
6430,paper,1.7481739521026611,5.272010326385498,3.523836374282837
6431,code,1.5147517919540405,2.289018392562866,0.7742666006088257
6432,math,1.6104180812835693,2.1269421577453613,0.516524076461792
6433,wiki,2.945533037185669,3.2321455478668213,0.28661251068115234
6434,news,3.183016061782837,3.815051555633545,0.632035493850708
6435,reviews,3.7679460048675537,3.8313848972320557,0.06343889236450195
6436,paper,0.810588002204895,3.3847522735595703,2.5741642713546753
6437,code,1.5236749649047852,2.158784866333008,0.6351099014282227
6438,math,1.0059114694595337,1.391469120979309,0.3855576515197754
6439,wiki,2.736279010772705,2.996999740600586,0.26072072982788086
6440,news,3.6626691818237305,4.231997489929199,0.5693283081054688
6441,reviews,3.9652488231658936,4.196598529815674,0.23134970664978027
6442,paper,0.9062436819076538,3.354214906692505,2.447971224784851
6443,code,1.0161528587341309,1.2795815467834473,0.2634286880493164
6444,math,1.586934208869934,2.065995454788208,0.4790612459182739
6445,wiki,2.720065116882324,3.0009727478027344,0.28090763092041016
6446,news,3.04135799407959,3.5501832962036133,0.5088253021240234
6447,reviews,3.220956325531006,3.3326640129089355,0.11170768737792969
6448,paper,1.6937146186828613,4.479924201965332,2.7862095832824707
6449,code,1.5993460416793823,2.2679696083068848,0.6686235666275024
6450,math,1.6044515371322632,1.9610919952392578,0.35664045810699463
6451,wiki,3.3979310989379883,3.7449498176574707,0.3470187187194824
6452,news,2.815030574798584,3.367126941680908,0.5520963668823242
6453,reviews,3.65552020072937,3.7879159450531006,0.13239574432373047
6454,paper,1.759227991104126,3.753263235092163,1.994035243988037
6455,code,1.4551163911819458,2.230940103530884,0.775823712348938
6456,math,1.4084014892578125,1.6374789476394653,0.22907745838165283
6457,wiki,3.7282357215881348,3.9909098148345947,0.26267409324645996
6458,news,3.2002923488616943,3.7144968509674072,0.5142045021057129
6459,reviews,3.3166356086730957,3.3760452270507812,0.05940961837768555
6460,paper,1.4109982252120972,3.523585081100464,2.1125868558883667
6461,code,1.2906434535980225,1.7845311164855957,0.49388766288757324
6462,math,1.508033037185669,1.9632606506347656,0.4552276134490967
6463,wiki,4.034670352935791,4.062481880187988,0.027811527252197266
6464,news,2.7611477375030518,3.1061575412750244,0.34500980377197266
6465,reviews,3.8753373622894287,4.020045280456543,0.14470791816711426
6466,paper,1.0444451570510864,3.8532211780548096,2.808776021003723
6467,code,1.8217278718948364,2.4769327640533447,0.6552048921585083
6468,math,1.3068573474884033,1.7334073781967163,0.426550030708313
6469,wiki,3.52571702003479,3.8310046195983887,0.30528759956359863
6470,news,3.0789999961853027,3.6977732181549072,0.6187732219696045
6471,reviews,3.354628562927246,3.557643175125122,0.20301461219787598
6472,paper,0.8347628116607666,3.76080584526062,2.9260430335998535
6473,code,2.221999406814575,3.0067665576934814,0.7847671508789062
6474,math,1.7267513275146484,2.1504127979278564,0.423661470413208
6475,wiki,3.1029446125030518,3.3274800777435303,0.22453546524047852
6476,news,3.587083578109741,4.036087512969971,0.4490039348602295
6477,reviews,3.4665119647979736,3.612060546875,0.14554858207702637
6478,paper,1.1076573133468628,3.6604812145233154,2.5528239011764526
6479,code,1.6591546535491943,2.4730443954467773,0.813889741897583
6480,math,1.0079034566879272,1.5325156450271606,0.5246121883392334
6481,wiki,3.5148732662200928,3.8477017879486084,0.3328285217285156
6482,news,2.9266414642333984,3.4105913639068604,0.4839498996734619
6483,reviews,3.2070207595825195,3.3268024921417236,0.1197817325592041
6484,paper,2.002686023712158,3.129559278488159,1.126873254776001
6485,code,1.4794728755950928,2.2823486328125,0.8028757572174072
6486,math,1.3077582120895386,1.5853917598724365,0.27763354778289795
6487,wiki,2.9746084213256836,3.3473572731018066,0.37274885177612305
6488,news,2.878734588623047,3.262098789215088,0.383364200592041
6489,reviews,3.7000749111175537,3.9035918712615967,0.20351696014404297
6490,paper,1.3589118719100952,5.270807266235352,3.9118953943252563
6491,code,0.9952149987220764,1.3117555379867554,0.31654053926467896
6492,math,1.1419968605041504,1.5984957218170166,0.4564988613128662
6493,wiki,3.8022687435150146,4.233334064483643,0.43106532096862793
6494,news,2.989506721496582,3.4735143184661865,0.4840075969696045
6495,reviews,3.778717517852783,3.8988595008850098,0.12014198303222656
6496,paper,1.6254228353500366,4.438389301300049,2.812966465950012
6497,code,1.6236836910247803,2.146134614944458,0.5224509239196777
6498,math,1.4565622806549072,1.7165006399154663,0.2599383592605591
6499,wiki,3.158729314804077,4.4459733963012695,1.2872440814971924
6500,news,2.894024610519409,3.483318567276001,0.5892939567565918
6501,reviews,3.450523614883423,3.6595380306243896,0.2090144157409668
6502,paper,1.9778180122375488,3.9608097076416016,1.9829916954040527
6503,code,1.847330927848816,2.5977962017059326,0.7504652738571167
6504,math,1.2588253021240234,1.47665536403656,0.21783006191253662
6505,wiki,3.8352530002593994,5.1436767578125,1.3084237575531006
6506,news,2.670240879058838,3.0217905044555664,0.3515496253967285
6507,reviews,3.7048301696777344,3.9582695960998535,0.25343942642211914
6508,paper,2.016432762145996,4.474099636077881,2.4576668739318848
6509,code,1.2145994901657104,1.7716624736785889,0.5570629835128784
6510,math,1.5857527256011963,2.1570823192596436,0.5713295936584473
6511,wiki,3.207705020904541,3.3681271076202393,0.16042208671569824
6512,news,2.970912456512451,3.3645095825195312,0.3935971260070801
6513,reviews,4.3253493309021,4.49925422668457,0.1739048957824707
6514,paper,1.9147961139678955,4.888067245483398,2.973271131515503
6515,code,1.3202420473098755,1.751999855041504,0.4317578077316284
6516,math,1.2070329189300537,1.5274540185928345,0.32042109966278076
6517,wiki,3.243227958679199,3.85710072517395,0.613872766494751
6518,news,3.3559224605560303,3.8135926723480225,0.4576702117919922
6519,reviews,3.5840539932250977,3.688673973083496,0.10461997985839844
6520,paper,1.3242113590240479,5.229675769805908,3.9054644107818604
6521,code,1.4381349086761475,2.0763185024261475,0.63818359375
6522,math,1.3498165607452393,1.7685327529907227,0.4187161922454834
6523,wiki,2.8119359016418457,3.6107916831970215,0.7988557815551758
6524,news,4.104434490203857,4.22963285446167,0.1251983642578125
6525,reviews,3.857520580291748,4.0370025634765625,0.17948198318481445
6526,paper,1.3344117403030396,4.414379596710205,3.0799678564071655
6527,code,1.1631073951721191,1.915928840637207,0.7528214454650879
6528,math,0.8825384974479675,1.2148545980453491,0.3323161005973816
6529,wiki,2.908156633377075,3.2348215579986572,0.32666492462158203
6530,news,4.0311384201049805,4.2967963218688965,0.265657901763916
6531,reviews,3.32502818107605,3.436373472213745,0.11134529113769531
6532,paper,0.9078239798545837,3.5471749305725098,2.639350950717926
6533,code,1.5729167461395264,2.197566509246826,0.6246497631072998
6534,math,1.3085458278656006,1.7048561573028564,0.39631032943725586
6535,wiki,2.9982709884643555,3.641008138656616,0.6427371501922607
6536,news,4.169139385223389,4.378697872161865,0.20955848693847656
6537,reviews,4.353827953338623,4.446660995483398,0.09283304214477539
6538,paper,1.8049982786178589,4.361802101135254,2.556803822517395
6539,code,1.1139695644378662,1.6542409658432007,0.5402714014053345
6540,math,1.3942124843597412,1.7484267950057983,0.35421431064605713
6541,wiki,3.082071542739868,3.4126176834106445,0.33054614067077637
6542,news,3.3885202407836914,3.470639705657959,0.08211946487426758
6543,reviews,3.9267091751098633,4.022609710693359,0.0959005355834961
6544,paper,1.9311176538467407,4.427338600158691,2.4962209463119507
6545,code,1.2555997371673584,1.5748215913772583,0.3192218542098999
6546,math,1.360780954360962,1.7104487419128418,0.3496677875518799
6547,wiki,2.8370420932769775,3.8987369537353516,1.061694860458374
6548,news,3.368537425994873,3.3759255409240723,0.007388114929199219
6549,reviews,3.8274576663970947,3.973515510559082,0.1460578441619873
6550,paper,2.121702194213867,3.7695224285125732,1.647820234298706
6551,code,0.9720112681388855,1.6828432083129883,0.7108319401741028
6552,math,1.4281961917877197,2.097431182861328,0.6692349910736084
6553,wiki,2.917877435684204,2.9733450412750244,0.05546760559082031
6554,news,3.881523370742798,3.9593679904937744,0.07784461975097656
6555,reviews,4.063729286193848,4.209701061248779,0.14597177505493164
6556,paper,1.769506812095642,4.22328519821167,2.453778386116028
6557,code,0.949406087398529,1.5623596906661987,0.6129536032676697
6558,math,1.41709566116333,1.8852753639221191,0.46817970275878906
6559,wiki,2.609328269958496,3.058835029602051,0.4495067596435547
6560,news,3.9179859161376953,3.9569146633148193,0.03892874717712402
6561,reviews,3.463615894317627,3.549886703491211,0.08627080917358398
6562,paper,1.441013216972351,3.570380687713623,2.129367470741272
6563,code,1.267674446105957,1.8873603343963623,0.6196858882904053
6564,math,1.3514142036437988,1.549286127090454,0.19787192344665527
6565,wiki,3.040158748626709,3.5318603515625,0.491701602935791
6566,news,4.023091793060303,4.107827663421631,0.08473587036132812
6567,reviews,4.003849029541016,4.087648391723633,0.08379936218261719
6568,paper,1.4162198305130005,3.5520429611206055,2.135823130607605
6569,code,0.9874500036239624,1.4085975885391235,0.42114758491516113
6570,math,1.5355916023254395,2.3079288005828857,0.7723371982574463
6571,wiki,2.753959894180298,3.459350109100342,0.705390214920044
6572,news,3.9366719722747803,4.064545631408691,0.12787365913391113
6573,reviews,3.6405766010284424,3.7907350063323975,0.15015840530395508
6574,paper,1.1727850437164307,3.7729263305664062,2.6001412868499756
6575,code,1.2561299800872803,1.5722733736038208,0.3161433935165405
6576,math,1.261853575706482,1.5307066440582275,0.2688530683517456
6577,wiki,2.8790950775146484,3.21152663230896,0.3324315547943115
6578,news,3.611281156539917,3.8247110843658447,0.21342992782592773
6579,reviews,3.6058058738708496,3.708606243133545,0.10280036926269531
6580,paper,1.6335434913635254,4.314138412475586,2.6805949211120605
6581,code,1.1686300039291382,1.7618944644927979,0.5932644605636597
6582,math,1.5360057353973389,1.9517611265182495,0.41575539112091064
6583,wiki,3.5636203289031982,3.9213755130767822,0.357755184173584
6584,news,3.42337965965271,3.5138704776763916,0.09049081802368164
6585,reviews,3.6241567134857178,3.7728376388549805,0.1486809253692627
6586,paper,1.9312725067138672,5.113653182983398,3.1823806762695312
6587,code,0.8288885354995728,1.1244151592254639,0.2955266237258911
6588,math,1.501405119895935,1.890175461769104,0.38877034187316895
6589,wiki,2.659783363342285,3.806602716445923,1.1468193531036377
6590,news,3.966503143310547,4.1420745849609375,0.17557144165039062
6591,reviews,3.5529778003692627,3.6968648433685303,0.14388704299926758
6592,paper,1.4077297449111938,3.994805097579956,2.587075352668762
6593,code,0.8941463232040405,1.497353196144104,0.6032068729400635
6594,math,1.6045619249343872,2.1635842323303223,0.5590223073959351
6595,wiki,3.279189348220825,4.034943103790283,0.755753755569458
6596,news,3.334965705871582,3.377631187438965,0.04266548156738281
6597,reviews,3.916445255279541,4.086349964141846,0.1699047088623047
6598,paper,1.4368863105773926,4.631264686584473,3.19437837600708
6599,code,1.0154457092285156,1.7314717769622803,0.7160260677337646
6600,math,1.9293770790100098,2.483553171157837,0.5541760921478271
6601,wiki,2.972006320953369,3.4872522354125977,0.5152459144592285
6602,news,3.757490873336792,3.966236114501953,0.20874524116516113
6603,reviews,3.6160693168640137,3.746528387069702,0.13045907020568848
6604,paper,1.3592441082000732,3.404813051223755,2.0455689430236816
6605,code,0.7602449059486389,1.374232292175293,0.613987386226654
6606,math,0.9357535243034363,1.4783880710601807,0.5426345467567444
6607,wiki,3.753547191619873,4.2511138916015625,0.49756669998168945
6608,news,4.378396511077881,4.460545539855957,0.08214902877807617
6609,reviews,3.935983419418335,4.135455131530762,0.19947171211242676
6610,paper,1.5658819675445557,4.0722503662109375,2.506368398666382
6611,code,1.195818305015564,1.8042333126068115,0.6084150075912476
6612,math,1.4022375345230103,1.6909648180007935,0.2887272834777832
6613,wiki,2.698889970779419,3.528247833251953,0.8293578624725342
6614,news,3.848430633544922,3.885820150375366,0.037389516830444336
6615,reviews,3.5136282444000244,3.598689317703247,0.08506107330322266
6616,paper,1.063563346862793,3.9858593940734863,2.9222960472106934
6617,code,1.197738528251648,1.8286598920822144,0.6309213638305664
6618,math,1.5268898010253906,2.176025867462158,0.6491360664367676
6619,wiki,3.2543869018554688,3.7500970363616943,0.4957101345062256
6620,news,4.1136932373046875,4.297061443328857,0.18336820602416992
6621,reviews,2.8608763217926025,2.958534002304077,0.09765768051147461
6622,paper,1.2163779735565186,3.680987596511841,2.4646096229553223
6623,code,1.5768768787384033,1.9945721626281738,0.4176952838897705
6624,math,1.3734409809112549,1.7707780599594116,0.39733707904815674
6625,wiki,3.3095664978027344,3.7996325492858887,0.4900660514831543
6626,news,3.7519583702087402,4.002795219421387,0.2508368492126465
6627,reviews,3.0671465396881104,3.1927595138549805,0.12561297416687012
6628,paper,1.3756996393203735,4.046592712402344,2.67089307308197
6629,code,1.3309056758880615,1.9476717710494995,0.616766095161438
6630,math,0.9897899627685547,1.3248456716537476,0.33505570888519287
6631,wiki,3.7606940269470215,4.016834735870361,0.25614070892333984
6632,news,3.9301397800445557,4.024767875671387,0.09462809562683105
6633,reviews,3.255340099334717,3.4251046180725098,0.16976451873779297
6634,paper,1.469871997833252,4.553090572357178,3.083218574523926
6635,code,1.3297405242919922,1.6962021589279175,0.3664616346359253
6636,math,1.7033275365829468,1.8617314100265503,0.15840387344360352
6637,wiki,3.4992501735687256,4.336537837982178,0.8372876644134521
6638,news,3.811884641647339,3.939249277114868,0.1273646354675293
6639,reviews,3.706336259841919,3.7668349742889404,0.060498714447021484
6640,paper,1.0818670988082886,3.9659698009490967,2.884102702140808
6641,code,0.7376519441604614,1.1136664152145386,0.37601447105407715
6642,math,1.5172876119613647,2.0530266761779785,0.5357390642166138
6643,wiki,3.5885426998138428,4.068929195404053,0.48038649559020996
6644,news,4.231760501861572,4.322892189025879,0.09113168716430664
6645,reviews,3.2442352771759033,3.4112744331359863,0.167039155960083
6646,paper,1.1936579942703247,3.945328950881958,2.7516709566116333
6647,code,1.0205347537994385,1.4820752143859863,0.46154046058654785
6648,math,1.1781682968139648,1.8024394512176514,0.6242711544036865
6649,wiki,3.9770052433013916,4.080904960632324,0.10389971733093262
6650,news,4.0336012840271,4.193645000457764,0.16004371643066406
6651,reviews,3.092240810394287,3.2704646587371826,0.1782238483428955
6652,paper,2.1077444553375244,4.621999740600586,2.5142552852630615
6653,code,1.1611212491989136,1.5622435808181763,0.4011223316192627
6654,math,1.1391724348068237,1.4731580018997192,0.3339855670928955
6655,wiki,3.2663707733154297,4.059036731719971,0.792665958404541
6656,news,4.083002090454102,4.270636081695557,0.18763399124145508
6657,reviews,3.1064388751983643,3.2335450649261475,0.1271061897277832
6658,paper,1.4080451726913452,3.810817241668701,2.402772068977356
6659,code,1.059516191482544,1.7950259447097778,0.7355097532272339
6660,math,1.2115918397903442,1.8512924909591675,0.6397006511688232
6661,wiki,3.085045099258423,4.097227573394775,1.0121824741363525
6662,news,4.5010666847229,4.79723596572876,0.2961692810058594
6663,reviews,3.282703161239624,3.4113807678222656,0.1286776065826416
6664,paper,1.1574361324310303,4.170952320098877,3.0135161876678467
6665,code,1.061883807182312,1.2956604957580566,0.23377668857574463
6666,math,1.1499685049057007,1.6726597547531128,0.5226912498474121
6667,wiki,3.635791301727295,4.121830940246582,0.4860396385192871
6668,news,3.3965675830841064,3.4688775539398193,0.07230997085571289
6669,reviews,3.881080389022827,4.039069175720215,0.1579887866973877
6670,paper,1.0155833959579468,3.76002836227417,2.744444966316223
6671,code,1.0008747577667236,1.219001054763794,0.2181262969970703
6672,math,1.4912244081497192,2.129579544067383,0.6383551359176636
6673,wiki,3.446230411529541,4.286088943481445,0.8398585319519043
6674,news,3.4544014930725098,3.5376033782958984,0.08320188522338867
6675,reviews,3.116459369659424,3.231520652770996,0.11506128311157227
6676,paper,1.7333866357803345,4.587088108062744,2.8537014722824097
6677,code,1.3015990257263184,1.8795363903045654,0.5779373645782471
6678,math,0.9756166934967041,1.3271647691726685,0.35154807567596436
6679,wiki,3.3937911987304688,3.725125789642334,0.33133459091186523
6680,news,3.953465700149536,4.165644645690918,0.21217894554138184
6681,reviews,3.2335314750671387,3.60833740234375,0.37480592727661133
6682,paper,1.4385162591934204,4.141315937042236,2.702799677848816
6683,code,1.4550889730453491,2.003140449523926,0.5480514764785767
6684,math,1.8189417123794556,2.1906120777130127,0.37167036533355713
6685,wiki,3.4993956089019775,3.7473130226135254,0.24791741371154785
6686,news,4.391951560974121,4.6038689613342285,0.21191740036010742
6687,reviews,3.7339344024658203,3.8679277896881104,0.13399338722229004
6688,paper,1.3318854570388794,3.442685127258301,2.1107996702194214
6689,code,1.4708161354064941,2.1614651679992676,0.6906490325927734
6690,math,1.2054853439331055,1.5081803798675537,0.30269503593444824
6691,wiki,3.0068018436431885,3.985370635986328,0.9785687923431396
6692,news,4.203983783721924,4.491335868835449,0.2873520851135254
6693,reviews,3.818061351776123,3.8496954441070557,0.03163409233093262
6694,paper,1.148838996887207,4.194967269897461,3.046128273010254
6695,code,0.8498662710189819,1.4950671195983887,0.6452008485794067
6696,math,1.5834319591522217,2.0936572551727295,0.5102252960205078
6697,wiki,3.5735342502593994,4.100645542144775,0.527111291885376
6698,news,4.007411956787109,4.45799446105957,0.45058250427246094
6699,reviews,3.650045156478882,3.6548759937286377,0.004830837249755859
6700,paper,1.2648725509643555,4.323800563812256,3.0589280128479004
6701,code,1.570510983467102,2.3496530055999756,0.7791420221328735
6702,math,1.3867824077606201,1.877129316329956,0.49034690856933594
6703,wiki,2.9810068607330322,3.2077016830444336,0.22669482231140137
6704,news,3.556765556335449,3.988117218017578,0.4313516616821289
6705,reviews,3.5296266078948975,3.60910701751709,0.07948040962219238
6706,paper,2.087709665298462,4.878626823425293,2.790917158126831
6707,code,1.7336652278900146,2.4860129356384277,0.7523477077484131
6708,math,2.049710273742676,2.358572483062744,0.30886220932006836
6709,wiki,2.947266101837158,2.9729340076446533,0.025667905807495117
6710,news,3.7358274459838867,4.148972988128662,0.4131455421447754
6711,reviews,3.5909924507141113,3.7690787315368652,0.1780862808227539
6712,paper,1.816975712776184,5.176328182220459,3.359352469444275
6713,code,1.0938478708267212,1.6844762563705444,0.5906283855438232
6714,math,1.0225588083267212,1.4499726295471191,0.42741382122039795
6715,wiki,2.5429513454437256,4.146486759185791,1.6035354137420654
6716,news,2.9438211917877197,3.4327423572540283,0.4889211654663086
6717,reviews,3.294295072555542,3.4141855239868164,0.11989045143127441
6718,paper,2.1061809062957764,4.412531852722168,2.3063509464263916
6719,code,1.4441124200820923,1.751678466796875,0.3075660467147827
6720,math,1.0395771265029907,1.4814997911453247,0.441922664642334
6721,wiki,2.6228418350219727,3.839510679244995,1.2166688442230225
6722,news,3.1385886669158936,3.6010708808898926,0.462482213973999
6723,reviews,3.557518720626831,3.58689284324646,0.029374122619628906
6724,paper,2.1206772327423096,2.924497604370117,0.8038203716278076
6725,code,1.2559751272201538,1.9193880558013916,0.6634129285812378
6726,math,1.6846342086791992,2.214184522628784,0.529550313949585
6727,wiki,1.7484722137451172,2.9039196968078613,1.1554474830627441
6728,news,2.8501181602478027,3.4197728633880615,0.5696547031402588
6729,reviews,3.8454248905181885,4.050649642944336,0.20522475242614746
6730,paper,2.02055287361145,2.650975227355957,0.6304223537445068
6731,code,1.7257744073867798,2.2526233196258545,0.5268489122390747
6732,math,1.248308777809143,1.7229015827178955,0.47459280490875244
6733,wiki,2.361074686050415,3.518439292907715,1.1573646068572998
6734,news,3.0136911869049072,3.2315616607666016,0.21787047386169434
6735,reviews,3.8178133964538574,3.8676748275756836,0.04986143112182617
6736,paper,1.9219576120376587,3.636798858642578,1.7148412466049194
6737,code,1.234149694442749,1.8287161588668823,0.5945664644241333
6738,math,1.1609100103378296,1.4190946817398071,0.25818467140197754
6739,wiki,2.3718082904815674,3.5859663486480713,1.214158058166504
6740,news,3.466212272644043,3.609243392944336,0.14303112030029297
6741,reviews,4.120543956756592,4.268355846405029,0.1478118896484375
6742,paper,1.830324411392212,4.388517379760742,2.5581929683685303
6743,code,1.2609827518463135,2.0253171920776367,0.7643344402313232
6744,math,1.3793119192123413,2.0781798362731934,0.698867917060852
6745,wiki,2.145170211791992,3.3299431800842285,1.1847729682922363
6746,news,3.2128214836120605,3.3621623516082764,0.14934086799621582
6747,reviews,3.2404839992523193,3.350940227508545,0.11045622825622559
6748,paper,1.4783540964126587,2.7358224391937256,1.257468342781067
6749,code,0.9689586758613586,1.7935069799423218,0.8245483040809631
6750,math,1.0834962129592896,1.635503888130188,0.5520076751708984
6751,wiki,2.3971166610717773,3.548196792602539,1.1510801315307617
6752,news,4.428481101989746,4.86848258972168,0.4400014877319336
6753,reviews,3.26082444190979,3.316978931427002,0.056154489517211914
6754,paper,1.7139331102371216,2.6373062133789062,0.9233731031417847
6755,code,1.64153254032135,2.10676908493042,0.4652365446090698
6756,math,1.3399837017059326,1.6814740896224976,0.34149038791656494
6757,wiki,2.5417745113372803,3.8162713050842285,1.2744967937469482
6758,news,3.7246832847595215,4.100561141967773,0.37587785720825195
6759,reviews,3.2461681365966797,3.3720576763153076,0.12588953971862793
6760,paper,2.0929176807403564,3.7427661418914795,1.649848461151123
6761,code,1.6747486591339111,2.3937506675720215,0.7190020084381104
6762,math,1.1177176237106323,1.621347188949585,0.5036295652389526
6763,wiki,2.6482553482055664,3.9098825454711914,1.261627197265625
6764,news,3.7448346614837646,4.01641321182251,0.2715785503387451
6765,reviews,3.2572882175445557,3.3065176010131836,0.04922938346862793
6766,paper,2.11051344871521,4.5365729331970215,2.4260594844818115
6767,code,1.9196194410324097,2.593465566635132,0.6738461256027222
6768,math,1.853760004043579,2.4146411418914795,0.5608811378479004
6769,wiki,2.8829903602600098,3.8431193828582764,0.9601290225982666
6770,news,2.8660809993743896,3.141875982284546,0.27579498291015625
6771,reviews,3.4758262634277344,3.683411121368408,0.20758485794067383
6772,paper,1.6299430131912231,4.5896830558776855,2.9597400426864624
6773,code,0.9723072052001953,1.768559455871582,0.7962522506713867
6774,math,1.3119913339614868,1.6181164979934692,0.3061251640319824
6775,wiki,3.2998764514923096,4.330589294433594,1.0307128429412842
6776,news,3.1965420246124268,3.558382272720337,0.36184024810791016
6777,reviews,3.529784679412842,3.727691411972046,0.1979067325592041
6778,paper,1.7735763788223267,4.683923244476318,2.9103468656539917
6779,code,1.5435786247253418,2.1639151573181152,0.6203365325927734
6780,math,1.2185027599334717,1.7198270559310913,0.5013242959976196
6781,wiki,2.367913246154785,3.283435106277466,0.9155218601226807
6782,news,3.894036054611206,4.31467342376709,0.4206373691558838
6783,reviews,3.358135461807251,3.5700082778930664,0.21187281608581543
6784,paper,1.8810055255889893,5.141180515289307,3.2601749897003174
6785,code,0.9333078861236572,1.5514280796051025,0.6181201934814453
6786,math,1.538733959197998,1.7664456367492676,0.22771167755126953
6787,wiki,2.2816131114959717,2.582817316055298,0.30120420455932617
6788,news,3.878971815109253,4.340061187744141,0.4610893726348877
6789,reviews,3.495074510574341,3.708482027053833,0.2134075164794922
6790,paper,1.5817620754241943,5.272010326385498,3.6902482509613037
6791,code,1.0302696228027344,1.6641944646835327,0.6339248418807983
6792,math,1.236649513244629,1.7414084672927856,0.5047589540481567
6793,wiki,2.7519776821136475,3.380265951156616,0.6282882690429688
6794,news,3.4917995929718018,3.8985888957977295,0.40678930282592773
6795,reviews,3.401165723800659,3.4926681518554688,0.09150242805480957
6796,paper,0.712586522102356,3.3847522735595703,2.6721657514572144
6797,code,0.886725902557373,1.5756986141204834,0.6889727115631104
6798,math,1.3110142946243286,1.8393833637237549,0.5283690690994263
6799,wiki,2.5186407566070557,2.822126626968384,0.3034858703613281
6800,news,3.0286014080047607,3.3591244220733643,0.3305230140686035
6801,reviews,3.6239829063415527,3.8432679176330566,0.2192850112915039
6802,paper,0.8508228659629822,3.354214906692505,2.5033920407295227
6803,code,0.9343734383583069,1.4800268411636353,0.5456534028053284
6804,math,1.6222808361053467,2.156383991241455,0.5341031551361084
6805,wiki,2.5016729831695557,3.7052388191223145,1.2035658359527588
6806,news,3.169199228286743,3.232846736907959,0.06364750862121582
6807,reviews,3.346731662750244,3.5157933235168457,0.16906166076660156
6808,paper,1.5025722980499268,4.479924201965332,2.9773519039154053
6809,code,1.3677327632904053,1.8175339698791504,0.4498012065887451
6810,math,1.480851173400879,1.8164228200912476,0.33557164669036865
6811,wiki,2.495371103286743,2.8897969722747803,0.3944258689880371
6812,news,2.846961259841919,3.023898124694824,0.17693686485290527
6813,reviews,3.880368232727051,3.9455626010894775,0.06519436836242676
6814,paper,1.6718811988830566,3.753263235092163,2.0813820362091064
6815,code,1.0505799055099487,1.640319585800171,0.5897396802902222
6816,math,1.3646072149276733,1.7979828119277954,0.43337559700012207
6817,wiki,3.1642096042633057,4.080946922302246,0.9167373180389404
6818,news,2.983977794647217,3.1305959224700928,0.14661812782287598
6819,reviews,3.5021724700927734,3.7779839038848877,0.27581143379211426
6820,paper,1.3669511079788208,3.523585081100464,2.156633973121643
6821,code,1.1170436143875122,1.874202013015747,0.7571583986282349
6822,math,1.435755968093872,1.9631718397140503,0.5274158716201782
6823,wiki,3.3542048931121826,3.930936574935913,0.5767316818237305
6824,news,2.7611379623413086,3.050246238708496,0.2891082763671875
6825,reviews,3.372079849243164,3.4797093868255615,0.10762953758239746
6826,paper,1.024991512298584,3.8532211780548096,2.8282296657562256
6827,code,1.1859523057937622,1.524160623550415,0.33820831775665283
6828,math,1.7208936214447021,1.9365439414978027,0.21565032005310059
6829,wiki,2.7697083950042725,2.991872549057007,0.22216415405273438
6830,news,4.154844760894775,4.395175933837891,0.24033117294311523
6831,reviews,3.802325963973999,3.908085346221924,0.1057593822479248
6832,paper,0.7926949262619019,3.76080584526062,2.9681109189987183
6833,code,1.1273856163024902,1.6602776050567627,0.5328919887542725
6834,math,1.134926199913025,1.680857539176941,0.545931339263916
6835,wiki,2.946469783782959,3.506028652191162,0.5595588684082031
6836,news,3.6894986629486084,3.949262857437134,0.2597641944885254
6837,reviews,3.6303062438964844,3.744788885116577,0.11448264122009277
6838,paper,1.1025748252868652,3.6604812145233154,2.55790638923645
6839,code,1.0657737255096436,1.6094311475753784,0.5436574220657349
6840,math,1.478148102760315,2.1334543228149414,0.6553062200546265
6841,wiki,2.924623489379883,3.3241679668426514,0.39954447746276855
6842,news,3.5039784908294678,3.864560604095459,0.3605821132659912
6843,reviews,3.782151937484741,3.9840049743652344,0.20185303688049316
6844,paper,1.9514240026474,3.129559278488159,1.1781352758407593
6845,code,1.7762641906738281,2.1819159984588623,0.4056518077850342
6846,math,1.2124567031860352,1.7585545778274536,0.5460978746414185
6847,wiki,3.0383522510528564,4.002524375915527,0.9641721248626709
6848,news,3.7869746685028076,4.208191871643066,0.4212172031402588
6849,reviews,4.477263927459717,4.5737762451171875,0.0965123176574707
6850,paper,1.187122106552124,5.270807266235352,4.0836851596832275
6851,code,1.3832056522369385,1.5201289653778076,0.13692331314086914
6852,math,0.8873373866081238,1.2306932210922241,0.34335583448410034
6853,wiki,3.1474249362945557,3.3707010746002197,0.22327613830566406
6854,news,3.63840913772583,3.8351058959960938,0.19669675827026367
6855,reviews,3.7280755043029785,3.9037764072418213,0.17570090293884277
6856,paper,1.523572564125061,4.438389301300049,2.914816737174988
6857,code,0.9743469953536987,1.2928754091262817,0.318528413772583
6858,math,1.202634572982788,1.874076008796692,0.6714414358139038
6859,wiki,3.0155489444732666,3.3005096912384033,0.2849607467651367
6860,news,3.9378952980041504,4.399938583374023,0.46204328536987305
6861,reviews,3.983027458190918,4.02052640914917,0.03749895095825195
6862,paper,1.904757022857666,3.9608097076416016,2.0560526847839355
6863,code,0.8671973347663879,1.5386390686035156,0.6714417338371277
6864,math,1.4037301540374756,1.903607726097107,0.49987757205963135
6865,wiki,2.905562162399292,3.8410146236419678,0.9354524612426758
6866,news,3.902462959289551,4.098390579223633,0.19592761993408203
6867,reviews,3.530611038208008,3.5924670696258545,0.06185603141784668
6868,paper,1.9267185926437378,4.474099636077881,2.547381043434143
6869,code,0.7103777527809143,1.265491247177124,0.5551134943962097
6870,math,1.2100330591201782,1.8400486707687378,0.6300156116485596
6871,wiki,2.624905824661255,2.833831310272217,0.20892548561096191
6872,news,3.682300090789795,3.9481379985809326,0.2658379077911377
6873,reviews,3.365705728530884,3.6495866775512695,0.28388094902038574
6874,paper,1.8498163223266602,4.888067245483398,3.0382509231567383
6875,code,1.263435959815979,1.6688480377197266,0.40541207790374756
6876,math,1.4281909465789795,1.8577275276184082,0.4295365810394287
6877,wiki,2.853405714035034,3.785433530807495,0.9320278167724609
6878,news,3.6092865467071533,3.8353958129882812,0.22610926628112793
6879,reviews,3.1439521312713623,3.3169703483581543,0.173018217086792
6880,paper,1.3485658168792725,5.229675769805908,3.8811099529266357
6881,code,1.0141339302062988,1.3263072967529297,0.31217336654663086
6882,math,1.5036026239395142,2.026280164718628,0.5226775407791138
6883,wiki,2.633702039718628,2.8872735500335693,0.2535715103149414
6884,news,3.4735188484191895,3.72885799407959,0.2553391456604004
6885,reviews,3.2231998443603516,3.3734428882598877,0.15024304389953613
6886,paper,1.2005808353424072,4.414379596710205,3.213798761367798
6887,code,1.2093398571014404,1.846276044845581,0.6369361877441406
6888,math,1.242668867111206,1.4889014959335327,0.24623262882232666
6889,wiki,3.234467029571533,4.104061603546143,0.8695945739746094
6890,news,3.1389641761779785,3.2344746589660645,0.09551048278808594
6891,reviews,3.2536444664001465,3.395975351333618,0.14233088493347168
6892,paper,0.8359295129776001,3.5471749305725098,2.7112454175949097
6893,code,1.491965889930725,2.375243663787842,0.8832777738571167
6894,math,1.3070485591888428,1.858283281326294,0.5512347221374512
6895,wiki,2.4763739109039307,3.157975912094116,0.6816020011901855
6896,news,2.9080469608306885,3.2694427967071533,0.36139583587646484
6897,reviews,3.2360336780548096,3.3483726978302,0.11233901977539062
6898,paper,1.5643433332443237,4.361802101135254,2.79745876789093
6899,code,1.9077188968658447,2.6303610801696777,0.722642183303833
6900,math,1.1886262893676758,1.427961826324463,0.2393355369567871
6901,wiki,2.185265302658081,2.53600811958313,0.35074281692504883
6902,news,2.853095769882202,3.167606830596924,0.3145110607147217
6903,reviews,3.5244243144989014,3.5435664653778076,0.01914215087890625
6904,paper,1.4953583478927612,4.427338600158691,2.93198025226593
6905,code,1.8125474452972412,2.062851905822754,0.2503044605255127
6906,math,1.4373223781585693,1.8819923400878906,0.4446699619293213
6907,wiki,3.240607261657715,3.8778750896453857,0.6372678279876709
6908,news,3.366987466812134,3.505232095718384,0.13824462890625
6909,reviews,3.7182717323303223,3.8110883235931396,0.09281659126281738
6910,paper,2.097355842590332,3.7695224285125732,1.6721665859222412
6911,code,1.2934980392456055,1.5400137901306152,0.24651575088500977
6912,math,1.2524913549423218,1.5334336757659912,0.28094232082366943
6913,wiki,2.9852707386016846,3.9868087768554688,1.0015380382537842
6914,news,3.0988645553588867,3.2988483905792236,0.19998383522033691
6915,reviews,2.952352285385132,3.1472394466400146,0.1948871612548828
6916,paper,1.7412841320037842,4.22328519821167,2.4820010662078857
6917,code,0.8734448552131653,1.5238243341445923,0.650379478931427
6918,math,1.6068687438964844,2.2433528900146484,0.6364841461181641
6919,wiki,3.4088873863220215,3.6976816654205322,0.28879427909851074
6920,news,3.3918821811676025,3.5425052642822266,0.15062308311462402
6921,reviews,2.894322156906128,2.9601051807403564,0.06578302383422852
6922,paper,1.3253209590911865,3.570380687713623,2.2450597286224365
6923,code,1.1403731107711792,1.8809372186660767,0.7405641078948975
6924,math,1.6953483819961548,2.260637044906616,0.5652886629104614
6925,wiki,2.883701801300049,3.4425535202026367,0.5588517189025879
6926,news,3.2478675842285156,3.561424970626831,0.31355738639831543
6927,reviews,3.1898746490478516,3.3483235836029053,0.1584489345550537
6928,paper,1.280382513999939,3.5520429611206055,2.2716604471206665
6929,code,0.8320668935775757,1.0936529636383057,0.26158607006073
6930,math,1.6744979619979858,2.161724805831909,0.48722684383392334
6931,wiki,3.3146238327026367,3.6200637817382812,0.30543994903564453
6932,news,3.279737949371338,3.628662109375,0.3489241600036621
6933,reviews,3.07198166847229,3.3396356105804443,0.2676539421081543
6934,paper,1.0555070638656616,3.7729263305664062,2.7174192667007446
6935,code,1.0387314558029175,1.7042481899261475,0.66551673412323
6936,math,1.2832205295562744,1.8370411396026611,0.5538206100463867
6937,wiki,2.898923635482788,4.073574542999268,1.1746509075164795
6938,news,3.346884250640869,3.6088626384735107,0.2619783878326416
6939,reviews,3.002462148666382,3.2149441242218018,0.21248197555541992
6940,paper,1.4949307441711426,4.314138412475586,2.8192076683044434
6941,code,1.6968088150024414,2.4123339653015137,0.7155251502990723
6942,math,1.3110681772232056,1.8125860691070557,0.5015178918838501
6943,wiki,2.9609830379486084,3.2429347038269043,0.2819516658782959
6944,news,2.6373181343078613,2.7128548622131348,0.07553672790527344
6945,reviews,3.0315890312194824,3.14229416847229,0.11070513725280762
6946,paper,1.7947931289672852,5.113653182983398,3.3188600540161133
6947,code,1.1990991830825806,1.5851812362670898,0.3860820531845093
6948,math,1.5427993535995483,2.1601271629333496,0.6173278093338013
6949,wiki,3.2444798946380615,3.4176363945007324,0.1731564998626709
6950,news,3.1383609771728516,3.3478846549987793,0.20952367782592773
6951,reviews,3.469641923904419,3.587338447570801,0.11769652366638184
6952,paper,1.2556644678115845,3.994805097579956,2.7391406297683716
6953,code,0.8856292366981506,1.085002064704895,0.19937282800674438
6954,math,1.8035932779312134,2.2463576793670654,0.44276440143585205
6955,wiki,3.117922306060791,3.176567554473877,0.05864524841308594
6956,news,3.306914806365967,3.621967315673828,0.31505250930786133
6957,reviews,3.165112257003784,3.3009328842163086,0.13582062721252441
6958,paper,1.320037603378296,4.631264686584473,3.3112270832061768
6959,code,1.0774176120758057,1.654563069343567,0.5771454572677612
6960,math,1.0057060718536377,1.3878719806671143,0.38216590881347656
6961,wiki,2.7433412075042725,3.0734353065490723,0.3300940990447998
6962,news,3.3925325870513916,3.6299092769622803,0.23737668991088867
6963,reviews,3.4919424057006836,3.6967720985412598,0.20482969284057617
6964,paper,1.2824121713638306,3.404813051223755,2.1224008798599243
6965,code,1.2255432605743408,1.8925710916519165,0.6670278310775757
6966,math,1.8480558395385742,2.414468765258789,0.5664129257202148
6967,wiki,3.146946668624878,3.5315299034118652,0.3845832347869873
6968,news,3.7486140727996826,4.20050048828125,0.4518864154815674
6969,reviews,3.915626287460327,3.9498515129089355,0.0342252254486084
6970,paper,1.4439888000488281,4.0722503662109375,2.6282615661621094
6971,code,1.0460026264190674,1.3947250843048096,0.3487224578857422
6972,math,1.5354684591293335,1.7841843366622925,0.24871587753295898
6973,wiki,3.1652486324310303,4.125592231750488,0.960343599319458
6974,news,3.460209846496582,3.7206008434295654,0.2603909969329834
6975,reviews,3.5374016761779785,3.676710605621338,0.13930892944335938
6976,paper,0.9727334380149841,3.9858593940734863,3.013125956058502
6977,code,0.9686415791511536,1.6100964546203613,0.6414548754692078
6978,math,1.5141509771347046,1.9050476551055908,0.39089667797088623
6979,wiki,3.4615795612335205,3.75797438621521,0.29639482498168945
6980,news,3.4947140216827393,3.701552391052246,0.20683836936950684
6981,reviews,3.3515374660491943,3.5478358268737793,0.19629836082458496
6982,paper,1.1666868925094604,3.680987596511841,2.5143007040023804
6983,code,1.8474178314208984,2.26149845123291,0.4140806198120117
6984,math,0.9445511698722839,1.2094165086746216,0.26486533880233765
6985,wiki,3.196254014968872,3.5302717685699463,0.3340177536010742
6986,news,3.432582139968872,3.796823263168335,0.3642411231994629
6987,reviews,3.2851369380950928,3.388009548187256,0.10287261009216309
6988,paper,1.3124747276306152,4.046592712402344,2.7341179847717285
6989,code,1.6001005172729492,1.8834812641143799,0.28338074684143066
6990,math,1.1214948892593384,1.6708852052688599,0.5493903160095215
6991,wiki,3.201706886291504,3.5211117267608643,0.31940484046936035
6992,news,3.1280813217163086,3.4853367805480957,0.3572554588317871
6993,reviews,3.463340997695923,3.5626323223114014,0.09929132461547852
6994,paper,1.3439956903457642,4.553090572357178,3.2090948820114136
6995,code,1.0343871116638184,1.4450002908706665,0.41061317920684814
6996,math,0.9141961336135864,1.4836781024932861,0.5694819688796997
6997,wiki,2.93426513671875,3.342257022857666,0.407991886138916
6998,news,3.6787116527557373,3.9031646251678467,0.22445297241210938
6999,reviews,2.7905564308166504,2.966277837753296,0.1757214069366455
7000,paper,0.9675093293190002,3.9659698009490967,2.9984604716300964
7001,code,0.5940456390380859,0.961786687374115,0.36774104833602905
7002,math,1.3864623308181763,2.072082996368408,0.6856206655502319
7003,wiki,3.4252641201019287,3.863945245742798,0.43868112564086914
7004,news,3.034818410873413,3.2718491554260254,0.2370307445526123
7005,reviews,4.047323703765869,4.122450828552246,0.07512712478637695
7006,paper,1.0436124801635742,3.945328950881958,2.901716470718384
7007,code,0.9107809066772461,1.5428465604782104,0.6320656538009644
7008,math,1.1848300695419312,1.5047476291656494,0.31991755962371826
7009,wiki,3.5123720169067383,3.800313711166382,0.28794169425964355
7010,news,3.351616144180298,3.7420260906219482,0.3904099464416504
7011,reviews,3.1483333110809326,3.2567365169525146,0.10840320587158203
7012,paper,2.0248029232025146,4.621999740600586,2.5971968173980713
7013,code,1.4265905618667603,2.087104558944702,0.6605139970779419
7014,math,1.339953064918518,1.8524359464645386,0.5124828815460205
7015,wiki,3.52266526222229,4.036098003387451,0.5134327411651611
7016,news,3.611675977706909,3.9681148529052734,0.35643887519836426
7017,reviews,3.647798776626587,3.7304742336273193,0.08267545700073242
7018,paper,1.283785104751587,3.810817241668701,2.5270321369171143
7019,code,0.8336843848228455,1.109235405921936,0.2755510210990906
7020,math,1.2749301195144653,1.8346140384674072,0.5596839189529419
7021,wiki,3.450510025024414,3.628530979156494,0.17802095413208008
7022,news,4.971023082733154,5.3411431312561035,0.3701200485229492
7023,reviews,3.4166929721832275,3.512643337249756,0.09595036506652832
7024,paper,1.0620505809783936,4.170952320098877,3.1089017391204834
7025,code,1.2518447637557983,1.751631259918213,0.49978649616241455
7026,math,2.1793477535247803,2.336951732635498,0.15760397911071777
7027,wiki,3.2692036628723145,3.5921719074249268,0.3229682445526123
7028,news,3.866400718688965,4.372003078460693,0.5056023597717285
7029,reviews,3.8953304290771484,4.034346103668213,0.13901567459106445
7030,paper,0.8990300297737122,3.76002836227417,2.8609983325004578
7031,code,1.0184344053268433,1.406319499015808,0.38788509368896484
7032,math,1.8682224750518799,2.3849422931671143,0.5167198181152344
7033,wiki,3.0348668098449707,4.038388252258301,1.00352144241333
7034,news,4.350451469421387,4.96399450302124,0.6135430335998535
7035,reviews,3.7443690299987793,3.856492519378662,0.11212348937988281
7036,paper,1.6305383443832397,4.587088108062744,2.9565497636795044
7037,code,1.4282108545303345,1.9611341953277588,0.5329233407974243
7038,math,1.6002401113510132,1.9482725858688354,0.34803247451782227
7039,wiki,2.360837459564209,2.680560350418091,0.31972289085388184
7040,news,4.06642484664917,4.772047519683838,0.705622673034668
7041,reviews,4.192376136779785,4.210716247558594,0.018340110778808594
7042,paper,1.3631110191345215,4.141315937042236,2.778204917907715
7043,code,1.5722923278808594,2.3605966567993164,0.788304328918457
7044,math,1.846766471862793,2.258053779602051,0.4112873077392578
7045,wiki,3.198507070541382,3.7301952838897705,0.5316882133483887
7046,news,4.267756938934326,4.8228349685668945,0.5550780296325684
7047,reviews,3.4659149646759033,3.7592902183532715,0.29337525367736816
7048,paper,1.3317095041275024,3.442685127258301,2.1109756231307983
7049,code,1.4670268297195435,2.1440858840942383,0.6770590543746948
7050,math,1.4987568855285645,1.7722591161727905,0.2735022306442261
7051,wiki,2.9897541999816895,3.2579965591430664,0.26824235916137695
7052,news,4.839249134063721,5.244858741760254,0.4056096076965332
7053,reviews,3.24176025390625,3.4255385398864746,0.1837782859802246
7054,paper,1.0611082315444946,4.194967269897461,3.1338590383529663
7055,code,1.0154435634613037,1.2855969667434692,0.2701534032821655
7056,math,1.4427742958068848,2.124316453933716,0.681542158126831
7057,wiki,2.7337124347686768,4.0306782722473145,1.2969658374786377
7058,news,4.0138325691223145,4.423555374145508,0.40972280502319336
7059,reviews,3.1777021884918213,3.4100818634033203,0.23237967491149902
7060,paper,1.1100502014160156,4.323800563812256,3.2137503623962402
7061,code,1.27833890914917,1.4996148347854614,0.2212759256362915
7062,math,1.6869672536849976,2.395029067993164,0.7080618143081665
7063,wiki,3.0815014839172363,3.662142753601074,0.5806412696838379
7064,news,4.279256820678711,4.838390827178955,0.5591340065002441
7065,reviews,2.8502182960510254,2.9838058948516846,0.13358759880065918
7066,paper,1.903627872467041,4.878626823425293,2.974998950958252
7067,code,1.1715404987335205,1.738224983215332,0.5666844844818115
7068,math,1.700662612915039,2.155578851699829,0.45491623878479004
7069,wiki,2.6140501499176025,3.4748921394348145,0.8608419895172119
7070,news,4.983455181121826,5.401814937591553,0.41835975646972656
7071,reviews,3.290220022201538,3.457341194152832,0.16712117195129395
7072,paper,1.6121890544891357,5.176328182220459,3.5641391277313232
7073,code,1.1730200052261353,1.711338996887207,0.5383189916610718
7074,math,1.422662615776062,2.1821610927581787,0.7594984769821167
7075,wiki,2.9517135620117188,4.648487567901611,1.6967740058898926
7076,news,4.1834797859191895,4.677680969238281,0.4942011833190918
7077,reviews,2.860886335372925,2.9974169731140137,0.13653063774108887
7078,paper,1.8559707403182983,4.412531852722168,2.5565611124038696
7079,code,1.470664381980896,2.193516731262207,0.722852349281311
7080,math,2.068662166595459,2.5435752868652344,0.4749131202697754
7081,wiki,3.0445432662963867,4.024777412414551,0.9802341461181641
7082,news,4.563139915466309,5.179710388183594,0.6165704727172852
7083,reviews,3.330508232116699,3.350846529006958,0.02033829689025879
7084,paper,1.9782496690750122,2.924497604370117,0.946247935295105
7085,code,1.2563868761062622,1.604631781578064,0.34824490547180176
7086,math,1.3712100982666016,1.674201488494873,0.3029913902282715
7087,wiki,2.4186956882476807,4.263751029968262,1.845055341720581
7088,news,3.9142990112304688,4.232351303100586,0.3180522918701172
7089,reviews,4.007304668426514,4.092184066772461,0.08487939834594727
7090,paper,1.9680901765823364,2.650975227355957,0.6828850507736206
7091,code,1.2419686317443848,1.8906697034835815,0.6487010717391968
7092,math,1.4992053508758545,1.9382007122039795,0.438995361328125
7093,wiki,3.993154525756836,5.003512859344482,1.0103583335876465
7094,news,3.9272243976593018,4.2138519287109375,0.28662753105163574
7095,reviews,3.7859554290771484,3.870659351348877,0.08470392227172852
7096,paper,1.7969921827316284,3.636798858642578,1.8398066759109497
7097,code,1.465358018875122,1.9787589311599731,0.5134009122848511
7098,math,1.3961350917816162,1.8152873516082764,0.41915225982666016
7099,wiki,3.0683717727661133,3.3300468921661377,0.2616751194000244
7100,news,3.641876459121704,4.083992004394531,0.44211554527282715
7101,reviews,2.8261873722076416,3.0398149490356445,0.21362757682800293
7102,paper,1.7366966009140015,4.388517379760742,2.6518207788467407
7103,code,1.2078405618667603,2.031062364578247,0.8232218027114868
7104,math,0.8554561138153076,1.56206476688385,0.7066086530685425
7105,wiki,3.0867154598236084,4.065524101257324,0.9788086414337158
7106,news,3.8488433361053467,4.290278434753418,0.4414350986480713
7107,reviews,3.5200579166412354,3.6071298122406006,0.08707189559936523
7108,paper,1.4761325120925903,2.7358224391937256,1.2596899271011353
7109,code,0.5656173825263977,0.9464263916015625,0.3808090090751648
7110,math,1.5644242763519287,2.046814441680908,0.4823901653289795
7111,wiki,3.2471766471862793,3.639477252960205,0.3923006057739258
7112,news,3.7261242866516113,4.083254814147949,0.3571305274963379
7113,reviews,4.642609119415283,4.754946231842041,0.11233711242675781
7114,paper,1.6732476949691772,2.6373062133789062,0.964058518409729
7115,code,1.0777183771133423,1.6606825590133667,0.5829641819000244
7116,math,1.5730739831924438,1.9278614521026611,0.3547874689102173
7117,wiki,2.848442554473877,3.667447090148926,0.8190045356750488
7118,news,3.1647305488586426,3.294283628463745,0.12955307960510254
7119,reviews,3.4558370113372803,3.687474012374878,0.23163700103759766
7120,paper,1.9288010597229004,3.7427661418914795,1.813965082168579
7121,code,1.5034492015838623,1.711539387702942,0.2080901861190796
7122,math,1.0233397483825684,1.3178062438964844,0.294466495513916
7123,wiki,2.762723207473755,2.828585624694824,0.06586241722106934
7124,news,4.0975446701049805,4.165457725524902,0.06791305541992188
7125,reviews,3.795286178588867,4.015998840332031,0.22071266174316406
7126,paper,1.9397504329681396,4.5365729331970215,2.596822500228882
7127,code,1.902572512626648,2.4081084728240967,0.5055359601974487
7128,math,1.3080177307128906,2.015005111694336,0.7069873809814453
7129,wiki,2.8398244380950928,3.512403964996338,0.6725795269012451
7130,news,2.953927993774414,3.2099671363830566,0.2560391426086426
7131,reviews,4.085773468017578,4.169252395629883,0.08347892761230469
7132,paper,1.4704134464263916,4.5896830558776855,3.119269609451294
7133,code,1.1971650123596191,1.5843145847320557,0.3871495723724365
7134,math,1.4136465787887573,1.817003607749939,0.40335702896118164
7135,wiki,3.434627056121826,3.4955363273620605,0.060909271240234375
7136,news,4.20358943939209,4.754358291625977,0.5507688522338867
7137,reviews,3.4992434978485107,3.578468084335327,0.0792245864868164
7138,paper,1.6670806407928467,4.683923244476318,3.0168426036834717
7139,code,1.3305851221084595,2.029902458190918,0.6993173360824585
7140,math,1.6671897172927856,1.8655050992965698,0.19831538200378418
7141,wiki,3.092848777770996,3.8331925868988037,0.7403438091278076
7142,news,5.0345563888549805,5.497061252593994,0.46250486373901367
7143,reviews,3.323814630508423,3.470588207244873,0.1467735767364502
7144,paper,1.7833009958267212,5.141180515289307,3.3578795194625854
7145,code,0.9968583583831787,1.5265425443649292,0.5296841859817505
7146,math,1.7832282781600952,2.158327341079712,0.3750990629196167
7147,wiki,3.8941383361816406,3.8980491161346436,0.00391077995300293
7148,news,4.883205413818359,5.607436180114746,0.7242307662963867
7149,reviews,3.3784737586975098,3.4660298824310303,0.08755612373352051
7150,paper,1.5050363540649414,5.272010326385498,3.7669739723205566
7151,code,1.2671455144882202,1.457884430885315,0.19073891639709473
7152,math,1.492355465888977,1.9755685329437256,0.48321306705474854
7153,wiki,3.1550331115722656,3.2008111476898193,0.04577803611755371
7154,news,4.257171154022217,4.727819919586182,0.47064876556396484
7155,reviews,3.522597312927246,3.6582908630371094,0.13569355010986328
7156,paper,0.6510478258132935,3.3847522735595703,2.733704447746277
7157,code,1.716680884361267,2.158750057220459,0.4420691728591919
7158,math,1.3460479974746704,1.900475263595581,0.5544272661209106
7159,wiki,3.040400266647339,3.8569388389587402,0.8165385723114014
7160,news,3.868255615234375,4.133490085601807,0.26523447036743164
7161,reviews,4.405637741088867,4.490251541137695,0.08461380004882812
7162,paper,0.7386043071746826,3.354214906692505,2.6156105995178223
7163,code,0.9019795656204224,1.174545168876648,0.2725656032562256
7164,math,1.7340344190597534,2.0623526573181152,0.3283182382583618
7165,wiki,2.8766579627990723,3.199759006500244,0.3231010437011719
7166,news,3.9394924640655518,4.460237503051758,0.520745038986206
7167,reviews,3.5523147583007812,3.6857144832611084,0.13339972496032715
7168,paper,1.375049352645874,4.479924201965332,3.104874849319458
7169,code,0.8888543248176575,1.1645013093948364,0.27564698457717896
7170,math,1.263878345489502,1.5404354333877563,0.2765570878982544
7171,wiki,3.087602376937866,3.337655782699585,0.25005340576171875
7172,news,3.7612972259521484,3.917764186859131,0.15646696090698242
7173,reviews,3.8761255741119385,4.0728349685668945,0.19670939445495605
7174,paper,1.552574634552002,3.753263235092163,2.200688600540161
7175,code,1.8232089281082153,2.2150890827178955,0.3918801546096802
7176,math,1.334035038948059,1.9460740089416504,0.6120389699935913
7177,wiki,3.236879348754883,4.054346561431885,0.817467212677002
7178,news,3.8250701427459717,4.239865303039551,0.4147951602935791
7179,reviews,3.334019422531128,3.4268088340759277,0.0927894115447998
7180,paper,1.315091609954834,3.523585081100464,2.20849347114563
7181,code,1.668903112411499,1.8899974822998047,0.22109436988830566
7182,math,1.2577165365219116,1.914049506187439,0.6563329696655273
7183,wiki,3.532182455062866,3.6976001262664795,0.16541767120361328
7184,news,3.898275375366211,4.162867546081543,0.26459217071533203
7185,reviews,3.4332478046417236,3.7127108573913574,0.2794630527496338
7186,paper,0.9531311988830566,3.8532211780548096,2.900089979171753
7187,code,1.7672228813171387,2.2094039916992188,0.4421811103820801
7188,math,1.3935679197311401,1.8993592262268066,0.5057913064956665
7189,wiki,3.232555866241455,3.992562770843506,0.7600069046020508
7190,news,3.1164944171905518,3.3397278785705566,0.22323346138000488
7191,reviews,3.632612466812134,3.902303457260132,0.26969099044799805
7192,paper,0.6436717510223389,3.76080584526062,3.1171340942382812
7193,code,0.9741716980934143,1.420401930809021,0.4462302327156067
7194,math,1.3760558366775513,1.979073166847229,0.6030173301696777
7195,wiki,3.7238070964813232,4.025860786437988,0.30205368995666504
7196,news,3.4123752117156982,3.902374267578125,0.48999905586242676
7197,reviews,3.689473867416382,3.7885794639587402,0.0991055965423584
7198,paper,1.0912541151046753,3.6604812145233154,2.56922709941864
7199,code,1.0998317003250122,1.417954444885254,0.3181227445602417
7200,math,2.3278441429138184,2.5734801292419434,0.245635986328125
7201,wiki,2.972060203552246,3.184844732284546,0.2127845287322998
7202,news,3.8207733631134033,4.208733558654785,0.38796019554138184
7203,reviews,3.397784948348999,3.520637273788452,0.12285232543945312
7204,paper,1.9250956773757935,3.129559278488159,1.2044636011123657
7205,code,1.3503741025924683,1.9856927394866943,0.6353186368942261
7206,math,1.5822111368179321,1.9363294839859009,0.35411834716796875
7207,wiki,2.858576774597168,3.900385856628418,1.04180908203125
7208,news,3.080095052719116,3.5511562824249268,0.47106122970581055
7209,reviews,3.7747910022735596,3.913782835006714,0.1389918327331543
7210,paper,1.0182629823684692,5.270807266235352,4.252544283866882
7211,code,2.0886433124542236,2.6982932090759277,0.6096498966217041
7212,math,1.5035982131958008,1.8940571546554565,0.39045894145965576
7213,wiki,2.994237184524536,3.3937363624572754,0.39949917793273926
7214,news,3.981311798095703,4.340468406677246,0.35915660858154297
7215,reviews,3.7486095428466797,3.936635971069336,0.18802642822265625
7216,paper,1.4025083780288696,4.438389301300049,3.035880923271179
7217,code,0.7935490608215332,1.2583863735198975,0.46483731269836426
7218,math,1.4972577095031738,1.8832634687423706,0.3860057592391968
7219,wiki,2.7354423999786377,3.8262784481048584,1.0908360481262207
7220,news,4.302684307098389,4.672940731048584,0.3702564239501953
7221,reviews,3.851909875869751,3.9773707389831543,0.12546086311340332
7222,paper,1.8450671434402466,3.9608097076416016,2.115742564201355
7223,code,1.8970394134521484,2.6663355827331543,0.7692961692810059
7224,math,1.434378981590271,1.9911988973617554,0.5568199157714844
7225,wiki,3.9192936420440674,4.042562007904053,0.12326836585998535
7226,news,4.9022746086120605,4.956376075744629,0.05410146713256836
7227,reviews,3.8001632690429688,3.888890266418457,0.08872699737548828
7228,paper,1.8107702732086182,4.474099636077881,2.6633293628692627
7229,code,1.8539402484893799,2.5955989360809326,0.7416586875915527
7230,math,1.2221509218215942,1.9021034240722656,0.6799525022506714
7231,wiki,2.762268304824829,3.7042970657348633,0.9420287609100342
7232,news,3.8335719108581543,4.224447727203369,0.39087581634521484
7233,reviews,4.131946086883545,4.273268699645996,0.14132261276245117
7234,paper,1.693572998046875,4.888067245483398,3.1944942474365234
7235,code,1.0257948637008667,1.6180235147476196,0.5922286510467529
7236,math,1.6490565538406372,2.1859843730926514,0.5369278192520142
7237,wiki,3.5337865352630615,4.464240074157715,0.9304535388946533
7238,news,3.9782214164733887,4.217162132263184,0.23894071578979492
7239,reviews,3.905764579772949,4.027076721191406,0.12131214141845703
7240,paper,1.1414437294006348,5.229675769805908,4.088232040405273
7241,code,0.7859851717948914,1.493880033493042,0.7078948616981506
7242,math,1.1517283916473389,1.421610713005066,0.26988232135772705
7243,wiki,3.063575506210327,3.48213267326355,0.41855716705322266
7244,news,3.0590646266937256,3.3079915046691895,0.24892687797546387
7245,reviews,3.812854290008545,3.8744027614593506,0.061548471450805664
7246,paper,1.2022491693496704,4.414379596710205,3.2121304273605347
7247,code,0.8217244744300842,1.0160235166549683,0.19429904222488403
7248,math,2.0340850353240967,2.56227445602417,0.5281894207000732
7249,wiki,3.3344688415527344,4.124714374542236,0.790245532989502
7250,news,3.949594497680664,4.142930507659912,0.19333600997924805
7251,reviews,3.3344223499298096,3.4493472576141357,0.11492490768432617
7252,paper,0.7409815192222595,3.5471749305725098,2.8061934113502502
7253,code,1.2949581146240234,1.9137836694717407,0.6188255548477173
7254,math,1.582230806350708,2.010913610458374,0.428682804107666
7255,wiki,3.0754709243774414,3.8237481117248535,0.7482771873474121
7256,news,3.211132526397705,3.465449810028076,0.2543172836303711
7257,reviews,4.25558614730835,4.316082000732422,0.060495853424072266
7258,paper,1.426054835319519,4.361802101135254,2.935747265815735
7259,code,2.0387794971466064,2.6329643726348877,0.5941848754882812
7260,math,1.3747551441192627,1.7163398265838623,0.3415846824645996
7261,wiki,2.0826189517974854,3.462347984313965,1.3797290325164795
7262,news,3.0835983753204346,3.3361008167266846,0.25250244140625
7263,reviews,3.663081169128418,3.778660774230957,0.11557960510253906
7264,paper,1.4285399913787842,4.427338600158691,2.9987986087799072
7265,code,1.8501923084259033,2.563335418701172,0.7131431102752686
7266,math,1.7346514463424683,2.1060118675231934,0.3713604211807251
7267,wiki,2.384613513946533,3.2083041667938232,0.82369065284729
7268,news,3.204339027404785,3.4679877758026123,0.26364874839782715
7269,reviews,3.796619415283203,3.9208295345306396,0.12421011924743652
7270,paper,1.9348095655441284,3.7695224285125732,1.8347128629684448
7271,code,0.5552289485931396,0.7902026176452637,0.23497366905212402
7272,math,1.7016472816467285,2.330592393875122,0.6289451122283936
7273,wiki,2.976478338241577,3.19099497795105,0.21451663970947266
7274,news,3.93961238861084,4.3287224769592285,0.38911008834838867
7275,reviews,3.8644354343414307,3.9443864822387695,0.07995104789733887
7276,paper,1.6492899656295776,4.22328519821167,2.5739952325820923
7277,code,0.8045267462730408,1.3896631002426147,0.585136353969574
7278,math,1.4994844198226929,1.6621607542037964,0.16267633438110352
7279,wiki,3.223762273788452,3.4931704998016357,0.2694082260131836
7280,news,3.2868518829345703,3.375342845916748,0.08849096298217773
7281,reviews,3.64453387260437,3.8592820167541504,0.21474814414978027
7282,paper,1.2749316692352295,3.570380687713623,2.2954490184783936
7283,code,1.0199878215789795,1.3466583490371704,0.3266705274581909
7284,math,1.7185311317443848,2.334435224533081,0.6159040927886963
7285,wiki,2.7953670024871826,3.0053551197052,0.20998811721801758
7286,news,3.2048439979553223,3.333630084991455,0.1287860870361328
7287,reviews,3.847853183746338,4.138645172119141,0.29079198837280273
7288,paper,1.2732938528060913,3.5520429611206055,2.278749108314514
7289,code,1.249643087387085,1.863943099975586,0.614300012588501
7290,math,1.183706521987915,1.8112314939498901,0.6275249719619751
7291,wiki,2.755143880844116,3.4532177448272705,0.6980738639831543
7292,news,3.634749174118042,4.015647888183594,0.38089871406555176
7293,reviews,3.6188857555389404,3.723351240158081,0.10446548461914062
7294,paper,1.0975898504257202,3.7729263305664062,2.675336480140686
7295,code,1.0611492395401,1.750994086265564,0.6898448467254639
7296,math,0.994044840335846,1.5451422929763794,0.5510974526405334
7297,wiki,2.6686811447143555,2.942772626876831,0.2740914821624756
7298,news,4.2035064697265625,4.527151107788086,0.32364463806152344
7299,reviews,4.085746765136719,4.055020809173584,-0.030725955963134766
7300,paper,1.4742518663406372,4.314138412475586,2.8398865461349487
7301,code,1.5188534259796143,2.4075520038604736,0.8886985778808594
7302,math,1.4417901039123535,1.9474332332611084,0.5056431293487549
7303,wiki,2.8551440238952637,4.210902690887451,1.3557586669921875
7304,news,3.5414605140686035,3.7427775859832764,0.20131707191467285
7305,reviews,4.434295177459717,4.6694231033325195,0.23512792587280273
7306,paper,1.7585378885269165,5.113653182983398,3.355115294456482
7307,code,1.1398594379425049,1.8180559873580933,0.6781965494155884
7308,math,1.1326135396957397,1.434814214706421,0.30220067501068115
7309,wiki,2.7002828121185303,3.5354995727539062,0.835216760635376
7310,news,3.4549782276153564,3.5214695930480957,0.06649136543273926
7311,reviews,3.9413607120513916,4.081540584564209,0.14017987251281738
7312,paper,1.2196643352508545,3.994805097579956,2.7751407623291016
7313,code,1.4507713317871094,2.2575831413269043,0.8068118095397949
7314,math,1.4881079196929932,2.119964838027954,0.6318569183349609
7315,wiki,2.7210304737091064,3.091688632965088,0.37065815925598145
7316,news,3.2886910438537598,3.4867284297943115,0.19803738594055176
7317,reviews,4.268208980560303,4.395385265350342,0.12717628479003906
7318,paper,1.2006832361221313,4.631264686584473,3.4305814504623413
7319,code,0.882490336894989,1.2576830387115479,0.37519270181655884
7320,math,1.3088741302490234,1.9007542133331299,0.5918800830841064
7321,wiki,2.3035802841186523,2.7123591899871826,0.4087789058685303
7322,news,3.9115633964538574,4.081614017486572,0.17005062103271484
7323,reviews,3.4649195671081543,3.6098787784576416,0.1449592113494873
7324,paper,1.233492136001587,3.404813051223755,2.171320915222168
7325,code,0.7457765340805054,1.428560733795166,0.6827841997146606
7326,math,0.978167712688446,1.5123491287231445,0.5341814160346985
7327,wiki,3.6210575103759766,3.900430917739868,0.2793734073638916
7328,news,3.6838083267211914,3.9705734252929688,0.28676509857177734
7329,reviews,3.6466119289398193,3.76967453956604,0.1230626106262207
7330,paper,1.3338665962219238,4.0722503662109375,2.7383837699890137
7331,code,1.3636525869369507,2.069366455078125,0.7057138681411743
7332,math,1.4342495203018188,1.9977623224258423,0.5635128021240234
7333,wiki,3.8512072563171387,3.846204996109009,-0.005002260208129883
7334,news,3.355597972869873,3.6243698596954346,0.2687718868255615
7335,reviews,3.3742103576660156,3.512073040008545,0.1378626823425293
7336,paper,0.9654302000999451,3.9858593940734863,3.0204291939735413
7337,code,1.557956576347351,2.2901620864868164,0.7322055101394653
7338,math,1.8937358856201172,2.1856679916381836,0.2919321060180664
7339,wiki,3.2770931720733643,3.667414665222168,0.3903214931488037
7340,news,3.1079773902893066,3.3870506286621094,0.27907323837280273
7341,reviews,3.148268222808838,3.2307350635528564,0.08246684074401855
7342,paper,1.1038955450057983,3.680987596511841,2.5770920515060425
7343,code,0.6139532327651978,0.9366399645805359,0.32268673181533813
7344,math,1.3780418634414673,1.7912745475769043,0.413232684135437
7345,wiki,3.3373289108276367,3.456543207168579,0.11921429634094238
7346,news,2.882336139678955,3.067321538925171,0.18498539924621582
7347,reviews,3.6617770195007324,3.819955825805664,0.15817880630493164
7348,paper,1.2806850671768188,4.046592712402344,2.765907645225525
7349,code,0.9531756639480591,1.7889093160629272,0.8357336521148682
7350,math,1.0220215320587158,1.511263370513916,0.4892418384552002
7351,wiki,3.3213846683502197,4.066082954406738,0.7446982860565186
7352,news,3.5915474891662598,4.141564846038818,0.5500173568725586
7353,reviews,3.174971342086792,3.3049874305725098,0.13001608848571777
7354,paper,1.2901722192764282,4.553090572357178,3.2629183530807495
7355,code,1.381899356842041,1.859603762626648,0.47770440578460693
7356,math,0.9688002467155457,1.2240382432937622,0.25523799657821655
7357,wiki,2.163921594619751,2.6446950435638428,0.4807734489440918
7358,news,3.6822586059570312,4.11431360244751,0.4320549964904785
7359,reviews,3.529378652572632,3.664175033569336,0.1347963809967041
7360,paper,0.8823822140693665,3.9659698009490967,3.0835875868797302
7361,code,0.9204394817352295,1.2199267148971558,0.29948723316192627
7362,math,1.3659178018569946,2.0165679454803467,0.650650143623352
7363,wiki,2.4886598587036133,2.600569486618042,0.11190962791442871
7364,news,3.1850292682647705,3.602688789367676,0.4176595211029053
7365,reviews,3.241161823272705,3.374861001968384,0.1336991786956787
7366,paper,0.9660055637359619,3.945328950881958,2.979323387145996
7367,code,1.065666913986206,1.7030353546142578,0.6373684406280518
7368,math,1.0485647916793823,1.3246368169784546,0.27607202529907227
7369,wiki,3.1111416816711426,3.556257486343384,0.4451158046722412
7370,news,3.182203769683838,3.444387674331665,0.26218390464782715
7371,reviews,3.0612947940826416,3.322986364364624,0.2616915702819824
7372,paper,1.9608138799667358,4.621999740600586,2.66118586063385
7373,code,1.2146214246749878,1.8236602544784546,0.6090388298034668
7374,math,1.1761001348495483,1.6612143516540527,0.4851142168045044
7375,wiki,2.248605251312256,2.690634250640869,0.4420289993286133
7376,news,4.656308174133301,4.985536098480225,0.32922792434692383
7377,reviews,3.5890421867370605,3.7336416244506836,0.14459943771362305
7378,paper,1.2406344413757324,3.810817241668701,2.5701828002929688
7379,code,0.8564056158065796,1.0153056383132935,0.15890002250671387
7380,math,1.3920392990112305,1.8197181224822998,0.42767882347106934
7381,wiki,2.571291446685791,2.909759044647217,0.3384675979614258
7382,news,3.887392520904541,4.065555572509766,0.1781630516052246
7383,reviews,3.9544503688812256,4.072131633758545,0.11768126487731934
7384,paper,1.0196897983551025,4.170952320098877,3.1512625217437744
7385,code,2.2102012634277344,2.7007455825805664,0.49054431915283203
7386,math,1.8511004447937012,2.5159196853637695,0.6648192405700684
7387,wiki,3.0834922790527344,3.379554033279419,0.29606175422668457
7388,news,4.711570739746094,4.991419792175293,0.2798490524291992
7389,reviews,4.504197120666504,4.661048412322998,0.15685129165649414
7390,paper,0.8833103775978088,3.76002836227417,2.876717984676361
7391,code,1.4244860410690308,1.9993016719818115,0.5748156309127808
7392,math,1.4823161363601685,1.8858238458633423,0.40350770950317383
7393,wiki,3.684971570968628,4.1483964920043945,0.4634249210357666
7394,news,3.7979016304016113,4.055413722991943,0.25751209259033203
7395,reviews,4.480091094970703,4.601457595825195,0.12136650085449219
7396,paper,1.554334282875061,4.587088108062744,3.032753825187683
7397,code,1.1931874752044678,1.575579047203064,0.3823915719985962
7398,math,1.6878312826156616,2.191229820251465,0.5033985376358032
7399,wiki,3.314112901687622,3.398423671722412,0.08431077003479004
7400,news,3.31565260887146,3.5447278022766113,0.22907519340515137
7401,reviews,4.140343189239502,4.229226589202881,0.0888833999633789
7402,paper,1.2998688220977783,4.141315937042236,2.841447114944458
7403,code,1.2124122381210327,1.4194049835205078,0.2069927453994751
7404,math,1.292014241218567,1.7183409929275513,0.4263267517089844
7405,wiki,3.7084193229675293,4.043710708618164,0.33529138565063477
7406,news,4.027788162231445,4.143030643463135,0.11524248123168945
7407,reviews,4.179455757141113,4.285048961639404,0.10559320449829102
7408,paper,1.2667872905731201,3.442685127258301,2.1758978366851807
7409,code,0.8699926137924194,1.5443145036697388,0.6743218898773193
7410,math,1.2695491313934326,1.580512523651123,0.31096339225769043
7411,wiki,3.561410427093506,3.6645514965057373,0.10314106941223145
7412,news,4.00738525390625,4.251615524291992,0.2442302703857422
7413,reviews,3.293090581893921,3.3666415214538574,0.07355093955993652
7414,paper,1.0404103994369507,4.194967269897461,3.1545568704605103
7415,code,0.8408874869346619,1.3818892240524292,0.5410017371177673
7416,math,1.9303158521652222,2.6236727237701416,0.6933568716049194
7417,wiki,3.6481659412384033,3.893543004989624,0.2453770637512207
7418,news,3.824540853500366,4.105445861816406,0.28090500831604004
7419,reviews,3.950103998184204,4.027790069580078,0.07768607139587402
7420,paper,1.0312427282333374,4.323800563812256,3.2925578355789185
7421,code,1.2142043113708496,1.4465091228485107,0.23230481147766113
7422,math,1.5129865407943726,1.7195775508880615,0.20659101009368896
7423,wiki,3.089236259460449,3.4409611225128174,0.35172486305236816
7424,news,4.103682041168213,4.437834739685059,0.3341526985168457
7425,reviews,3.976449966430664,4.137710094451904,0.16126012802124023
7426,paper,1.918194055557251,4.878626823425293,2.960432767868042
7427,code,0.9099745750427246,1.4801632165908813,0.5701886415481567
7428,math,1.4381275177001953,1.9256948232650757,0.48756730556488037
7429,wiki,2.7747702598571777,3.0456106662750244,0.2708404064178467
7430,news,4.25481653213501,4.625561237335205,0.3707447052001953
7431,reviews,4.333926200866699,4.4378342628479,0.10390806198120117
7432,paper,1.576193928718567,5.176328182220459,3.600134253501892
7433,code,1.4289484024047852,2.1607632637023926,0.7318148612976074
7434,math,1.134475827217102,1.6139105558395386,0.4794347286224365
7435,wiki,2.961129903793335,3.1816842555999756,0.22055435180664062
7436,news,4.1941304206848145,4.467216968536377,0.2730865478515625
7437,reviews,3.899991750717163,3.9937639236450195,0.09377217292785645
7438,paper,1.7283916473388672,4.412531852722168,2.684140205383301
7439,code,1.4174582958221436,1.5857349634170532,0.16827666759490967
7440,math,1.4953469038009644,1.780253291130066,0.28490638732910156
7441,wiki,3.4794907569885254,3.6371564865112305,0.15766572952270508
7442,news,3.699077844619751,3.9369654655456543,0.23788762092590332
7443,reviews,4.139602184295654,4.272010326385498,0.13240814208984375
7444,paper,1.9660249948501587,2.924497604370117,0.9584726095199585
7445,code,1.3784644603729248,2.0209381580352783,0.6424736976623535
7446,math,1.574475884437561,2.1335608959198,0.5590850114822388
7447,wiki,3.030273675918579,4.00414514541626,0.9738714694976807
7448,news,3.332653522491455,3.789173126220703,0.45651960372924805
7449,reviews,3.9789352416992188,4.07679557800293,0.09786033630371094
7450,paper,1.913960337638855,2.650975227355957,0.737014889717102
7451,code,0.7976385951042175,1.0644819736480713,0.26684337854385376
7452,math,1.6371580362319946,2.138627290725708,0.5014692544937134
7453,wiki,2.1843864917755127,2.454432725906372,0.2700462341308594
7454,news,3.0622828006744385,3.4764437675476074,0.41416096687316895
7455,reviews,4.636905193328857,4.703857898712158,0.06695270538330078
7456,paper,1.759255051612854,3.636798858642578,1.8775438070297241
7457,code,1.0120383501052856,1.577951431274414,0.5659130811691284
7458,math,1.5730838775634766,1.8356726169586182,0.2625887393951416
7459,wiki,2.97220516204834,3.3147521018981934,0.3425469398498535
7460,news,3.1758556365966797,3.522733449935913,0.3468778133392334
7461,reviews,3.7487173080444336,3.867779493331909,0.11906218528747559
7462,paper,1.6246846914291382,4.388517379760742,2.763832688331604
7463,code,1.4604583978652954,1.760624647140503,0.3001662492752075
7464,math,1.621433973312378,2.1052212715148926,0.48378729820251465
7465,wiki,3.1820685863494873,3.68015456199646,0.49808597564697266
7466,news,2.9815986156463623,3.4868810176849365,0.5052824020385742
7467,reviews,3.810716152191162,3.886197328567505,0.07548117637634277
7468,paper,1.3932114839553833,2.7358224391937256,1.3426109552383423
7469,code,1.5984877347946167,2.3228888511657715,0.7244011163711548
7470,math,0.9566504955291748,1.3385370969772339,0.3818866014480591
7471,wiki,3.589505434036255,3.9319844245910645,0.34247899055480957
7472,news,3.2679569721221924,3.7414588928222656,0.47350192070007324
7473,reviews,3.36527419090271,3.466792345046997,0.10151815414428711
7474,paper,1.6634819507598877,2.6373062133789062,0.9738242626190186
7475,code,2.0039353370666504,2.6297121047973633,0.6257767677307129
7476,math,1.2966729402542114,1.9439595937728882,0.6472866535186768
7477,wiki,2.634627103805542,3.357501268386841,0.7228741645812988
7478,news,3.0538811683654785,3.538081169128418,0.48420000076293945
7479,reviews,3.861219882965088,4.115235328674316,0.2540154457092285
7480,paper,1.9022547006607056,3.7427661418914795,1.840511441230774
7481,code,1.9406732320785522,2.636470079421997,0.6957968473434448
7482,math,1.1223300695419312,1.5917853116989136,0.4694552421569824
7483,wiki,2.8129072189331055,3.3026540279388428,0.4897468090057373
7484,news,3.3099265098571777,3.705000638961792,0.39507412910461426
7485,reviews,3.4313948154449463,3.6118078231811523,0.18041300773620605
7486,paper,1.8302866220474243,4.5365729331970215,2.706286311149597
7487,code,0.9587712287902832,1.2938348054885864,0.3350635766983032
7488,math,1.2005653381347656,1.7011815309524536,0.500616192817688
7489,wiki,2.5859246253967285,3.146454095840454,0.5605294704437256
7490,news,4.052878379821777,4.4661431312561035,0.41326475143432617
7491,reviews,3.1412758827209473,3.3165273666381836,0.17525148391723633
7492,paper,1.3627556562423706,4.5896830558776855,3.226927399635315
7493,code,0.8676891922950745,1.2547415494918823,0.38705235719680786
7494,math,1.0747082233428955,1.6934338808059692,0.6187256574630737
7495,wiki,2.1601696014404297,3.2078781127929688,1.047708511352539
7496,news,3.3441882133483887,3.9052417278289795,0.5610535144805908
7497,reviews,3.6719629764556885,3.750878095626831,0.07891511917114258
7498,paper,1.5991078615188599,4.683923244476318,3.0848153829574585
7499,code,1.3640000820159912,1.8499740362167358,0.48597395420074463
7500,math,1.102226972579956,1.6479637622833252,0.5457367897033691
7501,wiki,2.8937268257141113,3.2601068019866943,0.366379976272583
7502,news,4.105035781860352,4.527225494384766,0.42218971252441406
7503,reviews,3.415329933166504,3.4403200149536133,0.024990081787109375
7504,paper,1.6868804693222046,5.141180515289307,3.454300045967102
7505,code,0.9914197325706482,1.5700782537460327,0.5786585211753845
7506,math,1.1250110864639282,1.4742554426193237,0.3492443561553955
7507,wiki,2.7311627864837646,2.8010387420654297,0.06987595558166504
7508,news,3.777230978012085,4.3347249031066895,0.5574939250946045
7509,reviews,3.5804779529571533,3.6759908199310303,0.09551286697387695
7510,paper,1.4663379192352295,5.272010326385498,3.8056724071502686
7511,code,1.1853822469711304,1.5496925115585327,0.36431026458740234
7512,math,1.1367906332015991,1.3017897605895996,0.1649991273880005
7513,wiki,2.6578075885772705,3.824554920196533,1.1667473316192627
7514,news,3.9939584732055664,4.169610977172852,0.17565250396728516
7515,reviews,4.086738109588623,4.188942909240723,0.10220479965209961
7516,paper,0.6319214701652527,3.3847522735595703,2.7528308033943176
7517,code,0.9263210892677307,1.620318055152893,0.6939969658851624
7518,math,1.3543535470962524,1.8493715524673462,0.49501800537109375
7519,wiki,3.4781641960144043,3.9623875617980957,0.4842233657836914
7520,news,3.4876391887664795,3.681713581085205,0.19407439231872559
7521,reviews,4.116337776184082,4.220012187957764,0.10367441177368164
7522,paper,0.6949508786201477,3.354214906692505,2.659264028072357
7523,code,1.0001013278961182,1.4578633308410645,0.4577620029449463
7524,math,1.5553332567214966,1.9587064981460571,0.40337324142456055
7525,wiki,3.919684886932373,4.110623359680176,0.19093847274780273
7526,news,3.3714919090270996,3.530959129333496,0.15946722030639648
7527,reviews,4.526291847229004,4.758395671844482,0.23210382461547852
7528,paper,1.3051702976226807,4.479924201965332,3.1747539043426514
7529,code,1.630048155784607,2.305088996887207,0.6750408411026001
7530,math,1.6637580394744873,2.196723461151123,0.5329654216766357
7531,wiki,3.6898562908172607,4.328434467315674,0.6385781764984131
7532,news,3.7711403369903564,4.115049839019775,0.34390950202941895
7533,reviews,3.777157783508301,3.838015556335449,0.06085777282714844
7534,paper,1.4499578475952148,3.753263235092163,2.3033053874969482
7535,code,1.5305904150009155,2.1957104206085205,0.665120005607605
7536,math,1.2630603313446045,1.5705444812774658,0.30748414993286133
7537,wiki,3.3059422969818115,3.6135566234588623,0.3076143264770508
7538,news,3.5636379718780518,4.021999835968018,0.4583618640899658
7539,reviews,3.974547863006592,4.114814281463623,0.14026641845703125
7540,paper,1.2747535705566406,3.523585081100464,2.2488315105438232
7541,code,0.8877403140068054,1.224367618560791,0.3366273045539856
7542,math,1.5598692893981934,2.0904767513275146,0.5306074619293213
7543,wiki,3.233654499053955,3.643763303756714,0.4101088047027588
7544,news,3.7342917919158936,4.136623382568359,0.4023315906524658
7545,reviews,3.578990936279297,3.6848948001861572,0.10590386390686035
7546,paper,0.9291460514068604,3.8532211780548096,2.924075126647949
7547,code,0.47798463702201843,0.8467738628387451,0.3687892258167267
7548,math,1.7183234691619873,2.148303508758545,0.4299800395965576
7549,wiki,3.6347570419311523,3.836620807647705,0.20186376571655273
7550,news,3.313957691192627,3.587958335876465,0.2740006446838379
7551,reviews,4.193535804748535,4.295996189117432,0.10246038436889648
7552,paper,0.6017313599586487,3.76080584526062,3.1590744853019714
7553,code,0.9153029322624207,1.280390739440918,0.3650878071784973
7554,math,1.2644598484039307,1.650181531906128,0.38572168350219727
7555,wiki,3.5555882453918457,4.255868911743164,0.7002806663513184
7556,news,3.2572405338287354,3.490631580352783,0.23339104652404785
7557,reviews,3.8643834590911865,4.006922245025635,0.14253878593444824
7558,paper,1.0274982452392578,3.6604812145233154,2.6329829692840576
7559,code,0.9480252861976624,1.595646619796753,0.6476213335990906
7560,math,1.565464973449707,2.082078456878662,0.5166134834289551
7561,wiki,3.159877061843872,3.8995938301086426,0.7397167682647705
7562,news,3.1285178661346436,3.4158191680908203,0.28730130195617676
7563,reviews,3.304018497467041,3.4085006713867188,0.10448217391967773
7564,paper,1.8943474292755127,3.129559278488159,1.2352118492126465
7565,code,1.073310375213623,1.7125383615493774,0.6392279863357544
7566,math,1.5452167987823486,2.01007342338562,0.4648566246032715
7567,wiki,3.670560598373413,4.271461009979248,0.600900411605835
7568,news,3.695852279663086,3.976451873779297,0.28059959411621094
7569,reviews,3.1568737030029297,3.422002077102661,0.26512837409973145
7570,paper,0.9371404051780701,5.270807266235352,4.3336668610572815
7571,code,1.176596760749817,1.7633713483810425,0.5867745876312256
7572,math,1.579537034034729,2.225813627243042,0.646276593208313
7573,wiki,3.26344895362854,3.5874593257904053,0.32401037216186523
7574,news,3.553719997406006,4.2291789054870605,0.6754589080810547
7575,reviews,2.9109063148498535,3.130497455596924,0.2195911407470703
7576,paper,1.3361963033676147,4.438389301300049,3.102192997932434
7577,code,1.3738495111465454,2.162031412124634,0.7881819009780884
7578,math,2.0782573223114014,2.5720295906066895,0.4937722682952881
7579,wiki,4.29658842086792,4.737163543701172,0.44057512283325195
7580,news,3.1425974369049072,3.7994234561920166,0.6568260192871094
7581,reviews,3.9227914810180664,4.051447868347168,0.12865638732910156
7582,paper,1.785388708114624,3.9608097076416016,2.1754209995269775
7583,code,0.9480448365211487,1.2637485265731812,0.31570369005203247
7584,math,1.9226725101470947,2.2637758255004883,0.34110331535339355
7585,wiki,3.7124364376068115,4.686673641204834,0.9742372035980225
7586,news,3.216470956802368,3.6605799198150635,0.4441089630126953
7587,reviews,3.7711238861083984,3.8705363273620605,0.09941244125366211
7588,paper,1.7883771657943726,4.474099636077881,2.6857224702835083
7589,code,1.8651721477508545,2.5376548767089844,0.6724827289581299
7590,math,1.5859793424606323,2.1256942749023438,0.5397149324417114
7591,wiki,2.980757713317871,3.656256914138794,0.6754992008209229
7592,news,3.633929967880249,4.073128700256348,0.43919873237609863
7593,reviews,3.0823142528533936,3.3219990730285645,0.2396848201751709
7594,paper,1.6642637252807617,4.888067245483398,3.2238035202026367
7595,code,2.289172649383545,2.849921226501465,0.5607485771179199
7596,math,1.5033639669418335,1.99190354347229,0.48853957653045654
7597,wiki,2.5511066913604736,2.949420690536499,0.3983139991760254
7598,news,3.315777063369751,3.8091976642608643,0.4934206008911133
7599,reviews,3.5551114082336426,3.614926815032959,0.059815406799316406
7600,paper,1.038477897644043,5.229675769805908,4.191197872161865
7601,code,1.4942941665649414,2.04783034324646,0.5535361766815186
7602,math,1.359598994255066,1.6930993795394897,0.33350038528442383
7603,wiki,3.593884229660034,3.7910408973693848,0.19715666770935059
7604,news,2.6667864322662354,2.798384428024292,0.13159799575805664
7605,reviews,3.484584093093872,3.6029882431030273,0.11840415000915527
7606,paper,1.1454708576202393,4.414379596710205,3.268908739089966
7607,code,1.9325265884399414,2.704657793045044,0.7721312046051025
7608,math,1.326982021331787,1.7846568822860718,0.45767486095428467
7609,wiki,3.084411144256592,3.4243521690368652,0.33994102478027344
7610,news,3.2337839603424072,3.5499496459960938,0.3161656856536865
7611,reviews,3.743499517440796,3.995795965194702,0.25229644775390625
7612,paper,0.6691100597381592,3.5471749305725098,2.8780648708343506
7613,code,1.2695045471191406,1.8866863250732422,0.6171817779541016
7614,math,1.5851489305496216,2.005518674850464,0.4203697443008423
7615,wiki,3.071688652038574,3.919945001602173,0.8482563495635986
7616,news,3.823305130004883,4.090075492858887,0.2667703628540039
7617,reviews,4.118535041809082,4.148340225219727,0.02980518341064453
7618,paper,1.3540235757827759,4.361802101135254,3.007778525352478
7619,code,1.275384783744812,1.5668853521347046,0.2915005683898926
7620,math,0.9427918791770935,1.4363658428192139,0.49357396364212036
7621,wiki,3.771702527999878,3.874657392501831,0.10295486450195312
7622,news,3.0181941986083984,3.443714141845703,0.4255199432373047
7623,reviews,3.533801555633545,3.7411134243011475,0.20731186866760254
7624,paper,1.3150197267532349,4.427338600158691,3.1123188734054565
7625,code,1.287244200706482,2.031683921813965,0.7444397211074829
7626,math,0.9478565454483032,1.414125680923462,0.4662691354751587
7627,wiki,3.0293936729431152,3.3954081535339355,0.3660144805908203
7628,news,2.82808518409729,3.238659381866455,0.41057419776916504
7629,reviews,3.270432233810425,3.421149253845215,0.15071702003479004
7630,paper,1.9031803607940674,3.7695224285125732,1.8663420677185059
7631,code,1.442211389541626,2.1227803230285645,0.6805689334869385
7632,math,2.085240125656128,2.709449529647827,0.6242094039916992
7633,wiki,2.6028966903686523,3.0232081413269043,0.42031145095825195
7634,news,3.6925456523895264,4.073246002197266,0.38070034980773926
7635,reviews,4.011704921722412,4.240902423858643,0.22919750213623047
7636,paper,1.3726847171783447,4.22328519821167,2.850600481033325
7637,code,0.8612906336784363,1.2544770240783691,0.39318639039993286
7638,math,0.8163113594055176,1.036246657371521,0.21993529796600342
7639,wiki,1.912408709526062,3.068359375,1.155950665473938
7640,news,3.6694176197052,4.111151218414307,0.44173359870910645
7641,reviews,4.250603199005127,4.313510417938232,0.06290721893310547
7642,paper,1.1258578300476074,3.570380687713623,2.4445228576660156
7643,code,0.92884361743927,1.1200079917907715,0.19116437435150146
7644,math,1.5735844373703003,2.170069932937622,0.5964854955673218
7645,wiki,2.337888240814209,2.889767646789551,0.5518794059753418
7646,news,2.737611770629883,3.323552370071411,0.5859405994415283
7647,reviews,4.173994541168213,4.234123229980469,0.06012868881225586
7648,paper,1.176287293434143,3.5520429611206055,2.3757556676864624
7649,code,1.1934703588485718,1.8016371726989746,0.6081668138504028
7650,math,1.2362898588180542,1.5943349599838257,0.3580451011657715
7651,wiki,2.5433132648468018,3.812692642211914,1.2693793773651123
7652,news,3.754694938659668,4.432708263397217,0.6780133247375488
7653,reviews,3.2395176887512207,3.3529655933380127,0.11344790458679199
7654,paper,0.9571083188056946,3.7729263305664062,2.8158180117607117
7655,code,1.1293128728866577,1.4804496765136719,0.35113680362701416
7656,math,1.4465306997299194,2.207188367843628,0.7606576681137085
7657,wiki,3.160429000854492,3.6396710872650146,0.47924208641052246
7658,news,3.479445695877075,3.7853429317474365,0.30589723587036133
7659,reviews,3.3986096382141113,3.528729200363159,0.13011956214904785
7660,paper,1.3471516370773315,4.314138412475586,2.9669867753982544
7661,code,1.1360464096069336,1.8220243453979492,0.6859779357910156
7662,math,2.014259099960327,2.709801197052002,0.6955420970916748
7663,wiki,2.6192543506622314,3.5259549617767334,0.906700611114502
7664,news,3.1799190044403076,3.6232852935791016,0.44336628913879395
7665,reviews,3.4957809448242188,3.689116954803467,0.19333600997924805
7666,paper,1.6765252351760864,5.113653182983398,3.437127947807312
7667,code,0.8706691265106201,1.1630035638809204,0.2923344373703003
7668,math,1.2660750150680542,1.5888714790344238,0.32279646396636963
7669,wiki,2.1815454959869385,2.6096391677856445,0.42809367179870605
7670,news,2.935770273208618,3.2814931869506836,0.34572291374206543
7671,reviews,3.4128196239471436,3.614858627319336,0.20203900337219238
7672,paper,1.1288942098617554,3.994805097579956,2.8659108877182007
7673,code,1.0730878114700317,1.6239666938781738,0.5508788824081421
7674,math,1.3213121891021729,1.791359782218933,0.47004759311676025
7675,wiki,2.8149096965789795,3.1529173851013184,0.33800768852233887
7676,news,4.631330490112305,5.1177825927734375,0.4864521026611328
7677,reviews,2.9801266193389893,3.137544631958008,0.15741801261901855
7678,paper,1.1381397247314453,4.631264686584473,3.4931249618530273
7679,code,0.8623321652412415,1.1406735181808472,0.2783413529396057
7680,math,1.6621800661087036,2.2124032974243164,0.5502232313156128
7681,wiki,2.592160701751709,3.439849615097046,0.8476889133453369
7682,news,3.3367207050323486,3.5504612922668457,0.21374058723449707
7683,reviews,2.910534381866455,3.0547170639038086,0.14418268203735352
7684,paper,1.1448777914047241,3.404813051223755,2.2599352598190308
7685,code,1.0565464496612549,1.6582704782485962,0.6017240285873413
7686,math,1.2229399681091309,1.8084146976470947,0.5854747295379639
7687,wiki,2.6057887077331543,3.188668727874756,0.5828800201416016
7688,news,3.9058728218078613,4.225776195526123,0.3199033737182617
7689,reviews,3.136366844177246,3.2276856899261475,0.09131884574890137
7690,paper,1.251190423965454,4.0722503662109375,2.8210599422454834
7691,code,0.9608818888664246,1.4836688041687012,0.5227869153022766
7692,math,1.4348114728927612,2.0605051517486572,0.625693678855896
7693,wiki,3.3800718784332275,3.6390044689178467,0.25893259048461914
7694,news,3.8523736000061035,4.210484027862549,0.3581104278564453
7695,reviews,3.653352737426758,3.907109260559082,0.2537565231323242
7696,paper,0.8842166662216187,3.9858593940734863,3.1016427278518677
7697,code,1.1747779846191406,1.1926484107971191,0.017870426177978516
7698,math,1.5304925441741943,2.00596022605896,0.4754676818847656
7699,wiki,3.094270706176758,3.4760525226593018,0.38178181648254395
7700,news,3.1788582801818848,3.6236438751220703,0.44478559494018555
7701,reviews,2.920686960220337,2.906243085861206,-0.01444387435913086
7702,paper,1.0704401731491089,3.680987596511841,2.610547423362732
7703,code,1.2532227039337158,1.5442358255386353,0.29101312160491943
7704,math,1.4477605819702148,1.723727822303772,0.27596724033355713
7705,wiki,2.463937520980835,3.103682279586792,0.639744758605957
7706,news,4.658868312835693,4.6188764572143555,-0.03999185562133789
7707,reviews,3.6304666996002197,3.7956655025482178,0.16519880294799805
7708,paper,1.2287275791168213,4.046592712402344,2.8178651332855225
7709,code,1.3604267835617065,1.8815428018569946,0.5211160182952881
7710,math,1.6734665632247925,2.2611303329467773,0.5876637697219849
7711,wiki,2.8634610176086426,3.176755428314209,0.3132944107055664
7712,news,3.2661187648773193,4.007807731628418,0.7416889667510986
7713,reviews,3.7715983390808105,3.8985207080841064,0.1269223690032959
7714,paper,1.2300506830215454,4.553090572357178,3.3230398893356323
7715,code,1.560663104057312,2.3405280113220215,0.7798649072647095
7716,math,1.688028335571289,2.3083107471466064,0.6202824115753174
7717,wiki,2.919313669204712,3.4581172466278076,0.5388035774230957
7718,news,2.9715635776519775,3.5550315380096436,0.583467960357666
7719,reviews,2.9447438716888428,3.1412353515625,0.19649147987365723
7720,paper,0.8069658875465393,3.9659698009490967,3.1590039134025574
7721,code,1.1251341104507446,1.7348359823226929,0.6097018718719482
7722,math,1.626370906829834,1.894911527633667,0.268540620803833
7723,wiki,3.009679079055786,4.105584144592285,1.095905065536499
7724,news,3.6523683071136475,4.245880603790283,0.5935122966766357
7725,reviews,3.435391664505005,3.486985206604004,0.05159354209899902
7726,paper,0.8868182301521301,3.945328950881958,3.058510720729828
7727,code,1.2611925601959229,1.905564785003662,0.6443722248077393
7728,math,1.1443294286727905,1.7524522542953491,0.6081228256225586
7729,wiki,3.167799949645996,3.521345376968384,0.3535454273223877
7730,news,3.093594789505005,3.5037927627563477,0.4101979732513428
7731,reviews,3.282999277114868,3.413945198059082,0.13094592094421387
7732,paper,1.8129910230636597,4.621999740600586,2.8090087175369263
7733,code,1.66077721118927,2.5002455711364746,0.8394683599472046
7734,math,1.5822054147720337,2.1430251598358154,0.5608197450637817
7735,wiki,2.542482614517212,3.317284345626831,0.7748017311096191
7736,news,3.6305148601531982,3.9384500980377197,0.3079352378845215
7737,reviews,3.744875431060791,3.8390488624572754,0.09417343139648438
7738,paper,1.2393479347229004,3.810817241668701,2.571469306945801
7739,code,1.5029473304748535,2.2409393787384033,0.7379920482635498
7740,math,0.8277465105056763,1.2482460737228394,0.4204995632171631
7741,wiki,2.9095804691314697,3.3489739894866943,0.4393935203552246
7742,news,3.4554245471954346,3.9283559322357178,0.4729313850402832
7743,reviews,3.8116633892059326,3.9789011478424072,0.1672377586364746
7744,paper,0.934670627117157,4.170952320098877,3.23628169298172
7745,code,1.1912274360656738,2.0793631076812744,0.8881356716156006
7746,math,1.593284010887146,1.9443392753601074,0.3510552644729614
7747,wiki,2.807119607925415,3.1986567974090576,0.3915371894836426
7748,news,3.30839204788208,3.760953903198242,0.4525618553161621
7749,reviews,3.6042652130126953,3.737914562225342,0.13364934921264648
7750,paper,0.8454009294509888,3.76002836227417,2.914627432823181
7751,code,1.0836360454559326,1.5224125385284424,0.43877649307250977
7752,math,1.0434619188308716,1.4552562236785889,0.4117943048477173
7753,wiki,3.374285936355591,4.252910614013672,0.878624677658081
7754,news,2.8092145919799805,3.361912488937378,0.5526978969573975
7755,reviews,3.898231267929077,3.9507570266723633,0.05252575874328613
7756,paper,1.5145820379257202,4.587088108062744,3.072506070137024
7757,code,1.1203736066818237,1.7262076139450073,0.6058340072631836
7758,math,1.5777580738067627,2.113755702972412,0.5359976291656494
7759,wiki,2.785841941833496,2.835221529006958,0.049379587173461914
7760,news,3.653007984161377,4.093912601470947,0.4409046173095703
7761,reviews,4.345349311828613,4.507687091827393,0.1623377799987793
7762,paper,1.280341625213623,4.141315937042236,2.8609743118286133
7763,code,0.7749684453010559,1.4173039197921753,0.6423354744911194
7764,math,1.2228277921676636,1.61314857006073,0.3903207778930664
7765,wiki,3.4149324893951416,3.988585948944092,0.5736534595489502
7766,news,3.742888927459717,4.119093418121338,0.3762044906616211
7767,reviews,3.9898393154144287,4.161841869354248,0.17200255393981934
7768,paper,1.210304617881775,3.442685127258301,2.232380509376526
7769,code,1.335253119468689,1.8313175439834595,0.4960644245147705
7770,math,1.427198052406311,2.1442620754241943,0.7170640230178833
7771,wiki,2.454444408416748,4.036920070648193,1.5824756622314453
7772,news,3.422157049179077,3.7533068656921387,0.3311498165130615
7773,reviews,3.050297498703003,3.2165544033050537,0.16625690460205078
7774,paper,1.0498616695404053,4.194967269897461,3.1451056003570557
7775,code,1.7379988431930542,2.346086263656616,0.608087420463562
7776,math,1.2512080669403076,1.8726129531860352,0.6214048862457275
7777,wiki,2.3456621170043945,3.0470662117004395,0.7014040946960449
7778,news,3.6109137535095215,4.010519981384277,0.39960622787475586
7779,reviews,2.7587385177612305,2.8803420066833496,0.12160348892211914
7780,paper,0.9811119437217712,4.323800563812256,3.3426886200904846
7781,code,1.197696328163147,1.6604626178741455,0.46276628971099854
7782,math,0.9960220456123352,1.2152447700500488,0.21922272443771362
7783,wiki,2.8841397762298584,3.106182098388672,0.22204232215881348
7784,news,3.241692066192627,3.6758790016174316,0.4341869354248047
7785,reviews,3.669649839401245,3.8752028942108154,0.2055530548095703
7786,paper,1.7423086166381836,4.878626823425293,3.1363182067871094
7787,code,0.9818586111068726,1.2066149711608887,0.2247563600540161
7788,math,1.1502366065979004,1.7215380668640137,0.5713014602661133
7789,wiki,2.2278244495391846,3.195317268371582,0.9674928188323975
7790,news,3.4384846687316895,3.614072561264038,0.17558789253234863
7791,reviews,3.0752298831939697,3.212550163269043,0.13732028007507324
7792,paper,1.4144349098205566,5.176328182220459,3.7618932723999023
7793,code,1.1224210262298584,1.7440128326416016,0.6215918064117432
7794,math,1.4599488973617554,1.7459092140197754,0.28596031665802
7795,wiki,2.7990174293518066,3.2399115562438965,0.44089412689208984
7796,news,3.5085690021514893,3.8249917030334473,0.316422700881958
7797,reviews,3.2251336574554443,3.4408326148986816,0.2156989574432373
7798,paper,1.716922402381897,4.412531852722168,2.695609450340271
7799,code,1.420499563217163,1.8651328086853027,0.44463324546813965
7800,math,1.2976014614105225,1.528886079788208,0.23128461837768555
7801,wiki,2.410135507583618,3.0720765590667725,0.6619410514831543
7802,news,3.4299681186676025,3.9275224208831787,0.49755430221557617
7803,reviews,3.068234920501709,3.3177199363708496,0.24948501586914062
7804,paper,1.8799813985824585,2.924497604370117,1.0445162057876587
7805,code,1.112881064414978,1.7382807731628418,0.6253997087478638
7806,math,1.4312270879745483,1.8897289037704468,0.45850181579589844
7807,wiki,2.55790638923645,3.0031516551971436,0.44524526596069336
7808,news,3.345582962036133,3.9921209812164307,0.6465380191802979
7809,reviews,3.863450288772583,4.018274784088135,0.15482449531555176
7810,paper,1.8986518383026123,2.650975227355957,0.7523233890533447
7811,code,1.176012635231018,1.7649281024932861,0.5889154672622681
7812,math,1.148772954940796,1.5114753246307373,0.3627023696899414
7813,wiki,2.817568778991699,3.272146701812744,0.4545779228210449
7814,news,3.58392333984375,3.9498870372772217,0.3659636974334717
7815,reviews,3.062872886657715,3.1701371669769287,0.10726428031921387
7816,paper,1.68763267993927,3.636798858642578,1.949166178703308
7817,code,1.3858942985534668,2.2281994819641113,0.8423051834106445
7818,math,1.7499215602874756,2.321934938430786,0.5720133781433105
7819,wiki,2.8869898319244385,3.9929041862487793,1.1059143543243408
7820,news,3.8027751445770264,4.232016086578369,0.4292409420013428
7821,reviews,4.183323860168457,4.356259822845459,0.17293596267700195
7822,paper,1.6332130432128906,4.388517379760742,2.7553043365478516
7823,code,1.3653103113174438,2.063419818878174,0.69810950756073
7824,math,1.16563880443573,1.3930081129074097,0.2273693084716797
7825,wiki,3.165734052658081,3.5376596450805664,0.37192559242248535
7826,news,3.114238977432251,3.4905662536621094,0.3763272762298584
7827,reviews,3.8931407928466797,3.9810731410980225,0.08793234825134277
7828,paper,1.3887102603912354,2.7358224391937256,1.3471121788024902
7829,code,1.0675055980682373,1.7997691631317139,0.7322635650634766
7830,math,1.4892739057540894,1.9600001573562622,0.47072625160217285
7831,wiki,2.8803820610046387,3.076723337173462,0.19634127616882324
7832,news,2.8243279457092285,3.309011459350586,0.4846835136413574
7833,reviews,3.770981788635254,3.8840138912200928,0.11303210258483887
7834,paper,1.6509283781051636,2.6373062133789062,0.9863778352737427
7835,code,1.0089970827102661,1.7703694105148315,0.7613723278045654
7836,math,1.4557300806045532,1.9760892391204834,0.5203591585159302
7837,wiki,3.1782066822052,3.417454957962036,0.23924827575683594
7838,news,3.4895129203796387,4.025838851928711,0.5363259315490723
7839,reviews,3.2179160118103027,3.392484664916992,0.17456865310668945
7840,paper,1.860597014427185,3.7427661418914795,1.8821691274642944
7841,code,1.170127511024475,1.893646001815796,0.7235184907913208
7842,math,1.5212746858596802,1.9848308563232422,0.463556170463562
7843,wiki,2.8738317489624023,3.256324052810669,0.3824923038482666
7844,news,3.145869016647339,3.6195549964904785,0.47368597984313965
7845,reviews,3.260378122329712,3.398923397064209,0.13854527473449707
7846,paper,1.8565083742141724,4.5365729331970215,2.680064558982849
7847,code,0.9560493230819702,1.4117891788482666,0.4557398557662964
7848,math,1.1927130222320557,1.52152681350708,0.3288137912750244
7849,wiki,2.5040221214294434,3.2701237201690674,0.766101598739624
7850,news,3.4296865463256836,3.9682157039642334,0.5385291576385498
7851,reviews,3.2152891159057617,3.3864688873291016,0.17117977142333984
7852,paper,1.3182640075683594,4.5896830558776855,3.271419048309326
7853,code,1.649365782737732,1.9633172750473022,0.3139514923095703
7854,math,1.4426223039627075,2.1514439582824707,0.7088216543197632
7855,wiki,3.3174288272857666,3.880514144897461,0.5630853176116943
7856,news,2.608944892883301,3.239316940307617,0.6303720474243164
7857,reviews,3.8801157474517822,4.1051554679870605,0.22503972053527832
7858,paper,1.5298442840576172,4.683923244476318,3.154078960418701
7859,code,1.553026556968689,2.2497453689575195,0.6967188119888306
7860,math,1.4148379564285278,2.059565544128418,0.6447275876998901
7861,wiki,2.9368741512298584,3.39776349067688,0.4608893394470215
7862,news,3.625688314437866,4.309265613555908,0.683577299118042
7863,reviews,3.161870002746582,3.3571531772613525,0.1952831745147705
7864,paper,1.600791096687317,5.141180515289307,3.5403894186019897
7865,code,0.895058810710907,1.5210002660751343,0.6259414553642273
7866,math,1.3166625499725342,1.800114631652832,0.48345208168029785
7867,wiki,3.4622058868408203,4.127238750457764,0.6650328636169434
7868,news,3.245461940765381,3.598369836807251,0.3529078960418701
7869,reviews,3.8011906147003174,3.896160364151001,0.0949697494506836
7870,paper,1.4763851165771484,5.272010326385498,3.7956252098083496
7871,code,0.9716665744781494,1.687301754951477,0.7156351804733276
7872,math,1.6309750080108643,2.0814175605773926,0.4504425525665283
7873,wiki,3.0859227180480957,3.465580463409424,0.3796577453613281
7874,news,3.317608594894409,3.7455344200134277,0.42792582511901855
7875,reviews,4.085918426513672,4.170587062835693,0.08466863632202148
7876,paper,0.6360776424407959,3.3847522735595703,2.7486746311187744
7877,code,1.2398182153701782,1.8849215507507324,0.6451033353805542
7878,math,1.056479811668396,1.3135490417480469,0.2570692300796509
7879,wiki,3.2971925735473633,3.2989771366119385,0.0017845630645751953
7880,news,2.9420673847198486,3.5554215908050537,0.6133542060852051
7881,reviews,3.8389456272125244,4.002869606018066,0.163923978805542
7882,paper,0.7386685013771057,3.354214906692505,2.615546405315399
7883,code,0.981376051902771,1.1589378118515015,0.17756175994873047
7884,math,1.0081589221954346,1.2526644468307495,0.24450552463531494
7885,wiki,2.994009256362915,3.2272770404815674,0.23326778411865234
7886,news,3.5543694496154785,4.13847541809082,0.5841059684753418
7887,reviews,3.531308650970459,3.7201907634735107,0.18888211250305176
7888,paper,1.3168058395385742,4.479924201965332,3.163118362426758
7889,code,0.33246365189552307,0.48105141520500183,0.14858776330947876
7890,math,1.29926598072052,1.7339811325073242,0.4347151517868042
7891,wiki,3.183180570602417,3.5007588863372803,0.3175783157348633
7892,news,3.346755027770996,3.7991507053375244,0.4523956775665283
7893,reviews,3.220726251602173,3.351372718811035,0.1306464672088623
7894,paper,1.4546988010406494,3.753263235092163,2.2985644340515137
7895,code,0.866733968257904,1.324966549873352,0.458232581615448
7896,math,1.042639970779419,1.3307750225067139,0.2881350517272949
7897,wiki,2.493389844894409,3.2897253036499023,0.7963354587554932
7898,news,3.309825897216797,3.8120157718658447,0.5021898746490479
7899,reviews,4.2413649559021,4.408020973205566,0.1666560173034668
7900,paper,1.2679870128631592,3.523585081100464,2.2555980682373047
7901,code,1.844412088394165,2.611407518386841,0.7669954299926758
7902,math,1.1207159757614136,1.832539677619934,0.7118237018585205
7903,wiki,3.0197205543518066,3.094346046447754,0.07462549209594727
7904,news,3.6493613719940186,3.78615403175354,0.13679265975952148
7905,reviews,3.9773733615875244,3.9846014976501465,0.00722813606262207
7906,paper,0.8770314455032349,3.8532211780548096,2.9761897325515747
7907,code,0.9307346940040588,1.6641802787780762,0.7334455847740173
7908,math,1.1682446002960205,1.3305262327194214,0.16228163242340088
7909,wiki,3.1431984901428223,3.5033516883850098,0.3601531982421875
7910,news,3.482240915298462,3.929154872894287,0.4469139575958252
7911,reviews,3.7182657718658447,3.796980857849121,0.07871508598327637
7912,paper,0.6009812355041504,3.76080584526062,3.1598246097564697
7913,code,1.3448573350906372,1.8967396020889282,0.551882266998291
7914,math,1.8033949136734009,2.0587072372436523,0.25531232357025146
7915,wiki,3.035193681716919,3.2969651222229004,0.26177144050598145
7916,news,3.317840814590454,3.8972322940826416,0.5793914794921875
7917,reviews,3.5315089225769043,3.6885087490081787,0.15699982643127441
7918,paper,0.9996352195739746,3.6604812145233154,2.660845994949341
7919,code,0.9289760589599609,1.319163203239441,0.39018714427948
7920,math,1.442629098892212,1.7736371755599976,0.33100807666778564
7921,wiki,2.9980483055114746,3.479884147644043,0.48183584213256836
7922,news,3.0524210929870605,3.6991782188415527,0.6467571258544922
7923,reviews,3.732541561126709,3.8124289512634277,0.07988739013671875
7924,paper,1.8881072998046875,3.129559278488159,1.2414519786834717
7925,code,0.7768147587776184,1.0563042163848877,0.2794894576072693
7926,math,1.429113745689392,1.9973409175872803,0.5682271718978882
7927,wiki,3.261585235595703,3.7799792289733887,0.5183939933776855
7928,news,3.8959262371063232,4.165309906005859,0.26938366889953613
7929,reviews,3.0815722942352295,3.240579843521118,0.15900754928588867
7930,paper,0.8995082378387451,5.270807266235352,4.3712990283966064
7931,code,1.172303557395935,1.7363176345825195,0.5640140771865845
7932,math,1.4282200336456299,1.9495035409927368,0.5212835073471069
7933,wiki,2.5949268341064453,3.3907854557037354,0.79585862159729
7934,news,3.6216890811920166,4.0208539962768555,0.39916491508483887
7935,reviews,3.655439615249634,3.68682861328125,0.03138899803161621
7936,paper,1.2628966569900513,4.438389301300049,3.1754926443099976
7937,code,1.4358248710632324,1.8612786531448364,0.425453782081604
7938,math,1.234207272529602,1.739262580871582,0.50505530834198
7939,wiki,3.2339322566986084,3.8862416744232178,0.6523094177246094
7940,news,2.9247801303863525,3.3279688358306885,0.40318870544433594
7941,reviews,3.5632286071777344,3.744586706161499,0.18135809898376465
7942,paper,1.7690482139587402,3.9608097076416016,2.1917614936828613
7943,code,1.1995066404342651,1.9055235385894775,0.7060168981552124
7944,math,1.1141252517700195,1.4412652254104614,0.3271399736404419
7945,wiki,3.506434202194214,3.533369541168213,0.026935338973999023
7946,news,3.429100513458252,3.9442296028137207,0.5151290893554688
7947,reviews,4.029356479644775,4.161611080169678,0.13225460052490234
7948,paper,1.707983136177063,4.474099636077881,2.766116499900818
7949,code,1.4553955793380737,2.2288241386413574,0.7734285593032837
7950,math,1.341640591621399,2.130605697631836,0.788965106010437
7951,wiki,3.5115890502929688,3.8421239852905273,0.3305349349975586
7952,news,3.511942148208618,3.899233818054199,0.38729166984558105
7953,reviews,3.626124858856201,3.8459837436676025,0.21985888481140137
7954,paper,1.5728317499160767,4.888067245483398,3.3152354955673218
7955,code,1.0778237581253052,1.4720607995986938,0.39423704147338867
7956,math,1.0909085273742676,1.4089773893356323,0.31806886196136475
7957,wiki,3.4684760570526123,4.053109169006348,0.5846331119537354
7958,news,3.82039475440979,4.299495220184326,0.47910046577453613
7959,reviews,3.4388608932495117,3.531924247741699,0.0930633544921875
7960,paper,0.9629069566726685,5.229675769805908,4.26676881313324
7961,code,1.098634958267212,1.3531181812286377,0.2544832229614258
7962,math,1.9308207035064697,2.4648666381835938,0.534045934677124
7963,wiki,3.093902826309204,3.15279221534729,0.05888938903808594
7964,news,3.426671266555786,3.940943956375122,0.5142726898193359
7965,reviews,3.9486331939697266,4.048234462738037,0.09960126876831055
7966,paper,1.1138672828674316,4.414379596710205,3.3005123138427734
7967,code,0.8918492794036865,1.5775132179260254,0.6856639385223389
7968,math,1.2801593542099,1.467400074005127,0.18724071979522705
7969,wiki,3.439908742904663,3.9099411964416504,0.4700324535369873
7970,news,3.1636555194854736,3.3801486492156982,0.2164931297302246
7971,reviews,3.2757530212402344,3.471367835998535,0.19561481475830078
7972,paper,0.6540014743804932,3.5471749305725098,2.8931734561920166
7973,code,1.3135319948196411,1.940195918083191,0.6266639232635498
7974,math,1.522471308708191,2.007993459701538,0.48552215099334717
7975,wiki,3.428758144378662,4.389009475708008,0.9602513313293457
7976,news,3.750911235809326,4.238533973693848,0.4876227378845215
7977,reviews,3.691890001296997,3.872070074081421,0.18018007278442383
7978,paper,1.220945954322815,4.361802101135254,3.140856146812439
7979,code,0.996201753616333,1.1488724946975708,0.1526707410812378
7980,math,1.191506028175354,1.5409584045410156,0.3494523763656616
7981,wiki,3.2019197940826416,3.5775492191314697,0.3756294250488281
7982,news,2.767880439758301,3.200730323791504,0.4328498840332031
7983,reviews,3.900599241256714,4.018904685974121,0.11830544471740723
7984,paper,1.1995270252227783,4.427338600158691,3.227811574935913
7985,code,1.4221458435058594,1.8696192502975464,0.447473406791687
7986,math,1.3235321044921875,1.773724913597107,0.45019280910491943
7987,wiki,3.3578598499298096,3.820603132247925,0.46274328231811523
7988,news,3.3758397102355957,3.8892037868499756,0.5133640766143799
7989,reviews,4.597788333892822,4.821457386016846,0.22366905212402344
7990,paper,1.8589965105056763,3.7695224285125732,1.910525918006897
7991,code,1.8773022890090942,2.511658191680908,0.634355902671814
7992,math,1.1988095045089722,1.5230895280838013,0.3242800235748291
7993,wiki,3.47304368019104,3.9456799030303955,0.47263622283935547
7994,news,3.047840118408203,3.488638162612915,0.4407980442047119
7995,reviews,3.206355094909668,3.3185911178588867,0.11223602294921875
7996,paper,1.330060601234436,4.22328519821167,2.893224596977234
7997,code,2.0037906169891357,2.363630533218384,0.35983991622924805
7998,math,0.8619486093521118,1.3674818277359009,0.5055332183837891
7999,wiki,3.250314235687256,3.306326389312744,0.05601215362548828
8000,news,3.7121784687042236,4.1039910316467285,0.3918125629425049
8001,reviews,3.0482192039489746,3.2081665992736816,0.15994739532470703
8002,paper,1.122753381729126,3.570380687713623,2.447627305984497
8003,code,0.9568884372711182,1.562469244003296,0.6055808067321777
8004,math,0.9861027002334595,1.5808744430541992,0.5947717428207397
8005,wiki,3.3808419704437256,3.6476147174835205,0.2667727470397949
8006,news,2.613168239593506,3.0457820892333984,0.4326138496398926
8007,reviews,3.120218276977539,3.2351596355438232,0.11494135856628418
8008,paper,1.101859450340271,3.5520429611206055,2.4501835107803345
8009,code,1.0434871912002563,1.6687766313552856,0.6252894401550293
8010,math,1.349705696105957,1.9770487546920776,0.6273430585861206
8011,wiki,3.2436187267303467,3.254657030105591,0.01103830337524414
8012,news,3.3643524646759033,3.946146249771118,0.5817937850952148
8013,reviews,3.6917037963867188,3.8189151287078857,0.127211332321167
8014,paper,0.8218958377838135,3.7729263305664062,2.9510304927825928
8015,code,1.15669846534729,1.6870418787002563,0.5303434133529663
8016,math,1.7313218116760254,2.260622501373291,0.5293006896972656
8017,wiki,3.304292917251587,3.9959681034088135,0.6916751861572266
8018,news,3.0470759868621826,3.6288464069366455,0.5817704200744629
8019,reviews,3.2442502975463867,3.4103729724884033,0.1661226749420166
8020,paper,1.3154807090759277,4.314138412475586,2.998657703399658
8021,code,1.286257266998291,1.9313974380493164,0.6451401710510254
8022,math,1.6821846961975098,2.099700927734375,0.41751623153686523
8023,wiki,3.0365607738494873,3.2066006660461426,0.17003989219665527
8024,news,3.916208267211914,4.217524528503418,0.3013162612915039
8025,reviews,3.3288938999176025,3.4598636627197266,0.13096976280212402
8026,paper,1.566817045211792,5.113653182983398,3.5468361377716064
8027,code,0.949292004108429,1.2563246488571167,0.30703264474868774
8028,math,1.3053946495056152,1.8696202039718628,0.5642255544662476
8029,wiki,3.0382306575775146,3.400822877883911,0.3625922203063965
8030,news,3.1323275566101074,3.4864890575408936,0.35416150093078613
8031,reviews,3.6994118690490723,3.8471174240112305,0.1477055549621582
8032,paper,1.1026854515075684,3.994805097579956,2.8921196460723877
8033,code,1.1683506965637207,1.590212106704712,0.4218614101409912
8034,math,1.3283052444458008,1.901819109916687,0.5735138654708862
8035,wiki,2.9977757930755615,3.138883352279663,0.14110755920410156
8036,news,4.094917297363281,4.6007184982299805,0.5058012008666992
8037,reviews,3.3868024349212646,3.507451057434082,0.12064862251281738
8038,paper,1.0643360614776611,4.631264686584473,3.5669286251068115
8039,code,2.152918577194214,2.7754123210906982,0.6224937438964844
8040,math,1.3885337114334106,1.7743858098983765,0.3858520984649658
8041,wiki,2.6044650077819824,3.4537012577056885,0.849236249923706
8042,news,3.5338947772979736,4.0164642333984375,0.48256945610046387
8043,reviews,3.462719678878784,3.520556926727295,0.05783724784851074
8044,paper,1.0860357284545898,3.404813051223755,2.318777322769165
8045,code,1.4919064044952393,1.7688771486282349,0.2769707441329956
8046,math,1.1920567750930786,1.7074863910675049,0.5154296159744263
8047,wiki,3.2498552799224854,3.587695360183716,0.33784008026123047
8048,news,4.445053577423096,4.924422264099121,0.4793686866760254
8049,reviews,3.5793230533599854,3.786501407623291,0.20717835426330566
8050,paper,1.2170419692993164,4.0722503662109375,2.855208396911621
8051,code,1.2051337957382202,1.7244585752487183,0.519324779510498
8052,math,0.7459124326705933,0.9725334048271179,0.22662097215652466
8053,wiki,3.0769457817077637,3.54087233543396,0.4639265537261963
8054,news,3.7130582332611084,4.1723151206970215,0.4592568874359131
8055,reviews,3.930713653564453,3.955533266067505,0.024819612503051758
8056,paper,0.749262273311615,3.9858593940734863,3.2365971207618713
8057,code,0.8729725480079651,1.4382555484771729,0.5652830004692078
8058,math,1.3478960990905762,1.8585741519927979,0.5106780529022217
8059,wiki,3.0341925621032715,3.1223719120025635,0.08817934989929199
8060,news,3.643984317779541,4.015932083129883,0.3719477653503418
8061,reviews,3.6761579513549805,3.828061580657959,0.15190362930297852
8062,paper,1.0498934984207153,3.680987596511841,2.6310940980911255
8063,code,1.8286798000335693,2.4607040882110596,0.6320242881774902
8064,math,1.4892109632492065,1.8061082363128662,0.31689727306365967
8065,wiki,2.856022357940674,3.6884713172912598,0.8324489593505859
8066,news,3.2962746620178223,3.807982921600342,0.5117082595825195
8067,reviews,3.662057399749756,3.7444591522216797,0.08240175247192383
8068,paper,1.157699465751648,4.046592712402344,2.888893246650696
8069,code,1.4544590711593628,2.122657537460327,0.6681984663009644
8070,math,1.1417430639266968,1.3093926906585693,0.16764962673187256
8071,wiki,3.2428317070007324,3.306980848312378,0.06414914131164551
8072,news,3.4520163536071777,3.8066623210906982,0.3546459674835205
8073,reviews,4.219545841217041,4.367271423339844,0.14772558212280273
8074,paper,1.1292723417282104,4.553090572357178,3.4238182306289673
8075,code,1.733130931854248,2.2378005981445312,0.5046696662902832
8076,math,1.4380987882614136,2.0219390392303467,0.5838402509689331
8077,wiki,3.277681589126587,3.608440637588501,0.33075904846191406
8078,news,2.4329943656921387,2.943364381790161,0.5103700160980225
8079,reviews,3.7106096744537354,3.8734354972839355,0.1628258228302002
8080,paper,0.7845985293388367,3.9659698009490967,3.18137127161026
8081,code,1.2150771617889404,1.258378267288208,0.04330110549926758
8082,math,1.4744930267333984,1.7786023616790771,0.3041093349456787
8083,wiki,3.1830978393554688,3.5235888957977295,0.34049105644226074
8084,news,3.146127462387085,3.751389980316162,0.6052625179290771
8085,reviews,4.25518798828125,4.532797813415527,0.27760982513427734
8086,paper,0.9042235016822815,3.945328950881958,3.0411054491996765
8087,code,1.3131470680236816,1.6636691093444824,0.3505220413208008
8088,math,1.7510380744934082,2.2618634700775146,0.5108253955841064
8089,wiki,3.3769984245300293,3.5787179470062256,0.2017195224761963
8090,news,3.667834758758545,3.990586996078491,0.3227522373199463
8091,reviews,3.34480619430542,3.4739792346954346,0.12917304039001465
8092,paper,1.7126491069793701,4.621999740600586,2.909350633621216
8093,code,0.6002296209335327,0.6886615753173828,0.0884319543838501
8094,math,0.9263948202133179,1.2536319494247437,0.3272371292114258
8095,wiki,2.753176689147949,3.1347975730895996,0.3816208839416504
8096,news,4.218555450439453,4.532785892486572,0.31423044204711914
8097,reviews,3.624150276184082,3.785914182662964,0.16176390647888184
8098,paper,1.1393499374389648,3.810817241668701,2.6714673042297363
8099,code,0.7923949360847473,1.504791498184204,0.7123965620994568
8100,math,1.3281434774398804,2.020625114440918,0.6924816370010376
8101,wiki,2.944183111190796,3.8260350227355957,0.8818519115447998
8102,news,3.2406303882598877,3.3980906009674072,0.15746021270751953
8103,reviews,3.5399885177612305,3.602452039718628,0.06246352195739746
8104,paper,0.8818655014038086,4.170952320098877,3.2890868186950684
8105,code,0.9741643667221069,1.2139524221420288,0.23978805541992188
8106,math,1.6859532594680786,1.9895464181900024,0.30359315872192383
8107,wiki,3.1837985515594482,3.2822012901306152,0.09840273857116699
8108,news,4.02086877822876,4.136696815490723,0.11582803726196289
8109,reviews,4.017150402069092,4.089110851287842,0.07196044921875
8110,paper,0.7248249650001526,3.76002836227417,3.0352033972740173
8111,code,1.058790683746338,1.6180651187896729,0.559274435043335
8112,math,1.4449944496154785,1.9853564500808716,0.5403620004653931
8113,wiki,3.272610902786255,3.7049994468688965,0.4323885440826416
8114,news,3.1557204723358154,3.3944692611694336,0.23874878883361816
8115,reviews,3.5352649688720703,3.6215736865997314,0.08630871772766113
8116,paper,1.448267936706543,4.587088108062744,3.138820171356201
8117,code,0.9882137179374695,1.5248218774795532,0.5366081595420837
8118,math,1.5829862356185913,2.1410374641418457,0.5580512285232544
8119,wiki,3.840015411376953,4.31455135345459,0.4745359420776367
8120,news,4.0764031410217285,4.395648002624512,0.3192448616027832
8121,reviews,4.002710342407227,4.000494003295898,-0.002216339111328125
8122,paper,1.1837843656539917,4.141315937042236,2.9575315713882446
8123,code,0.8693530559539795,0.9475552439689636,0.07820218801498413
8124,math,1.4982579946517944,1.6311030387878418,0.13284504413604736
8125,wiki,2.752765417098999,2.9630799293518066,0.21031451225280762
8126,news,3.853990077972412,4.093059062957764,0.23906898498535156
8127,reviews,3.5074241161346436,3.669114589691162,0.16169047355651855
8128,paper,1.1567697525024414,3.442685127258301,2.2859153747558594
8129,code,1.2435939311981201,1.9203290939331055,0.6767351627349854
8130,math,1.9732998609542847,2.2634830474853516,0.2901831865310669
8131,wiki,3.248297929763794,3.5442254543304443,0.2959275245666504
8132,news,2.851722002029419,3.155229330062866,0.30350732803344727
8133,reviews,3.6170029640197754,3.740335702896118,0.12333273887634277
8134,paper,0.9692009091377258,4.194967269897461,3.225766360759735
8135,code,1.249996304512024,1.5743237733840942,0.3243274688720703
8136,math,1.573689341545105,2.047569990158081,0.4738806486129761
8137,wiki,3.003676414489746,4.038822650909424,1.0351462364196777
8138,news,3.5929114818573,3.8986077308654785,0.3056962490081787
8139,reviews,4.623839378356934,4.772385120391846,0.1485457420349121
8140,paper,0.9640657901763916,4.323800563812256,3.3597347736358643
8141,code,1.507735252380371,1.6612120866775513,0.15347683429718018
8142,math,0.89235520362854,1.1922848224639893,0.2999296188354492
8143,wiki,3.3087618350982666,3.484086751937866,0.1753249168395996
8144,news,4.092198848724365,4.751950263977051,0.6597514152526855
8145,reviews,3.801795482635498,4.05225133895874,0.2504558563232422
8146,paper,1.666208267211914,4.878626823425293,3.212418556213379
8147,code,1.8033335208892822,2.2902517318725586,0.48691821098327637
8148,math,1.8850505352020264,2.296159505844116,0.41110897064208984
8149,wiki,2.7898459434509277,3.3183646202087402,0.5285186767578125
8150,news,3.2955214977264404,3.8687658309936523,0.5732443332672119
8151,reviews,3.676422357559204,3.8635947704315186,0.18717241287231445
8152,paper,1.2982569932937622,5.176328182220459,3.8780711889266968
8153,code,1.0331721305847168,1.7988274097442627,0.7656552791595459
8154,math,1.8532335758209229,2.244816303253174,0.391582727432251
8155,wiki,2.6591150760650635,2.7373812198638916,0.07826614379882812
8156,news,3.531538248062134,4.060613632202148,0.5290753841400146
8157,reviews,3.4135401248931885,3.5480778217315674,0.1345376968383789
8158,paper,1.5706032514572144,4.412531852722168,2.8419286012649536
8159,code,1.2845227718353271,1.9983887672424316,0.7138659954071045
8160,math,2.105381727218628,2.615919828414917,0.5105381011962891
8161,wiki,2.950524091720581,3.2321622371673584,0.28163814544677734
8162,news,3.952376127243042,4.198608875274658,0.2462327480316162
8163,reviews,3.5458076000213623,3.7332329750061035,0.1874253749847412
8164,paper,1.8233349323272705,2.924497604370117,1.1011626720428467
8165,code,0.9282998442649841,1.3152567148208618,0.3869568705558777
8166,math,1.0707402229309082,1.3758333921432495,0.3050931692123413
8167,wiki,3.428891658782959,3.549647569656372,0.12075591087341309
8168,news,3.992509603500366,4.373478889465332,0.3809692859649658
8169,reviews,3.6851272583007812,3.8122165203094482,0.127089262008667
8170,paper,1.8830982446670532,2.650975227355957,0.7678769826889038
8171,code,1.59174382686615,2.1465728282928467,0.5548290014266968
8172,math,1.2510688304901123,1.9826774597167969,0.7316086292266846
8173,wiki,3.2619826793670654,3.7432174682617188,0.4812347888946533
8174,news,3.6256964206695557,3.8476052284240723,0.2219088077545166
8175,reviews,4.2454047203063965,4.314875602722168,0.06947088241577148
8176,paper,1.586033821105957,3.636798858642578,2.050765037536621
8177,code,1.790736436843872,2.0200564861297607,0.22932004928588867
8178,math,1.2918732166290283,1.7363650798797607,0.4444918632507324
8179,wiki,2.9258522987365723,3.032045364379883,0.10619306564331055
8180,news,4.227488040924072,4.404323101043701,0.1768350601196289
8181,reviews,4.583349227905273,4.602565765380859,0.019216537475585938
8182,paper,1.4447771310806274,4.388517379760742,2.9437402486801147
8183,code,1.2083015441894531,1.7214139699935913,0.5131124258041382
8184,math,1.7729002237319946,2.44183087348938,0.6689306497573853
8185,wiki,2.780073404312134,3.6013288497924805,0.8212554454803467
8186,news,3.9953219890594482,4.539541244506836,0.5442192554473877
8187,reviews,3.4728946685791016,3.654386043548584,0.18149137496948242
8188,paper,1.3376712799072266,2.7358224391937256,1.398151159286499
8189,code,1.2758207321166992,2.0683400630950928,0.7925193309783936
8190,math,1.5113972425460815,1.9664478302001953,0.45505058765411377
8191,wiki,3.0248725414276123,3.1381783485412598,0.11330580711364746
8192,news,3.766277313232422,4.15718412399292,0.39090681076049805
8193,reviews,3.811769962310791,3.9239559173583984,0.11218595504760742
8194,paper,1.638081431388855,2.6373062133789062,0.9992247819900513
8195,code,1.7192635536193848,2.4336585998535156,0.7143950462341309
8196,math,0.8262194395065308,1.1121312379837036,0.28591179847717285
8197,wiki,3.1956863403320312,3.558983325958252,0.3632969856262207
8198,news,3.611727237701416,3.9892663955688477,0.37753915786743164
8199,reviews,3.7957348823547363,3.91998553276062,0.12425065040588379
8200,paper,1.8612871170043945,3.7427661418914795,1.881479024887085
8201,code,1.5158107280731201,1.8892221450805664,0.3734114170074463
8202,math,0.9219618439674377,1.5382623672485352,0.6163005232810974
8203,wiki,2.846482276916504,3.3690857887268066,0.5226035118103027
8204,news,3.269655704498291,3.7325737476348877,0.4629180431365967
8205,reviews,3.7763571739196777,3.9091408252716064,0.1327836513519287
8206,paper,1.703748345375061,4.5365729331970215,2.8328245878219604
8207,code,1.313643455505371,1.8509786128997803,0.5373351573944092
8208,math,1.6516602039337158,1.8483119010925293,0.19665169715881348
8209,wiki,3.0232162475585938,3.3413753509521484,0.3181591033935547
8210,news,3.8973422050476074,4.381001949310303,0.4836597442626953
8211,reviews,3.4080843925476074,3.497365951538086,0.08928155899047852
8212,paper,1.2431920766830444,4.5896830558776855,3.346490979194641
8213,code,0.7755173444747925,1.1435645818710327,0.36804723739624023
8214,math,1.2117743492126465,1.7077158689498901,0.49594151973724365
8215,wiki,3.190945863723755,3.786444664001465,0.59549880027771
8216,news,4.256255626678467,4.893763065338135,0.637507438659668
8217,reviews,3.101874351501465,3.190487861633301,0.08861351013183594
8218,paper,1.4580916166305542,4.683923244476318,3.225831627845764
8219,code,0.8715097904205322,1.5168873071670532,0.645377516746521
8220,math,0.9908784031867981,1.3049123287200928,0.3140339255332947
8221,wiki,3.062614917755127,3.545727491378784,0.4831125736236572
8222,news,3.4670538902282715,3.8759303092956543,0.4088764190673828
8223,reviews,3.5650124549865723,3.600433588027954,0.035421133041381836
8224,paper,1.5629236698150635,5.141180515289307,3.578256845474243
8225,code,1.1956082582473755,1.6817927360534668,0.4861844778060913
8226,math,1.5636961460113525,2.1945412158966064,0.6308450698852539
8227,wiki,3.5527689456939697,3.8300275802612305,0.27725863456726074
8228,news,3.2917306423187256,3.6482601165771484,0.35652947425842285
8229,reviews,3.4786150455474854,3.698476552963257,0.21986150741577148
8230,paper,1.3435628414154053,5.272010326385498,3.9284474849700928
8231,code,0.9817103743553162,1.3753505945205688,0.3936402201652527
8232,math,1.4343323707580566,1.8002119064331055,0.36587953567504883
8233,wiki,2.7632124423980713,3.859421968460083,1.0962095260620117
8234,news,3.60453200340271,4.067345142364502,0.462813138961792
8235,reviews,3.938591480255127,4.0610246658325195,0.12243318557739258
8236,paper,0.5506172776222229,3.3847522735595703,2.8341349959373474
8237,code,1.594281554222107,2.3412370681762695,0.7469555139541626
8238,math,1.5975037813186646,2.25111985206604,0.6536160707473755
8239,wiki,3.2466750144958496,3.7740540504455566,0.527379035949707
8240,news,3.989316463470459,4.420207500457764,0.4308910369873047
8241,reviews,4.008680820465088,4.174252986907959,0.1655721664428711
8242,paper,0.6184282898902893,3.354214906692505,2.7357866168022156
8243,code,0.6764441728591919,1.2842661142349243,0.6078219413757324
8244,math,1.545279622077942,2.1062214374542236,0.5609418153762817
8245,wiki,3.184983730316162,3.4641189575195312,0.27913522720336914
8246,news,3.6675453186035156,4.305596828460693,0.6380515098571777
8247,reviews,4.108389377593994,4.335948944091797,0.22755956649780273
8248,paper,1.257712483406067,4.479924201965332,3.222211718559265
8249,code,0.9597383141517639,1.4319390058517456,0.4722006916999817
8250,math,1.101351022720337,1.390062928199768,0.28871190547943115
8251,wiki,2.9669885635375977,3.852848529815674,0.8858599662780762
8252,news,3.1824262142181396,3.6052114963531494,0.42278528213500977
8253,reviews,4.033988952636719,4.053303241729736,0.019314289093017578
8254,paper,1.4032020568847656,3.753263235092163,2.3500611782073975
8255,code,1.9572128057479858,2.4622108936309814,0.5049980878829956
8256,math,2.101527690887451,2.642808675765991,0.54128098487854
8257,wiki,3.2907180786132812,3.3369626998901367,0.04624462127685547
8258,news,3.8223910331726074,4.325164318084717,0.5027732849121094
8259,reviews,4.283492565155029,4.447037696838379,0.1635451316833496
8260,paper,1.2156802415847778,3.523585081100464,2.307904839515686
8261,code,1.1547129154205322,1.3370373249053955,0.18232440948486328
8262,math,1.4473097324371338,1.8527742624282837,0.4054645299911499
8263,wiki,3.073899745941162,3.5736517906188965,0.4997520446777344
8264,news,3.644009828567505,4.184887409210205,0.5408775806427002
8265,reviews,4.353180408477783,4.4964704513549805,0.14329004287719727
8266,paper,0.8347048759460449,3.8532211780548096,3.0185163021087646
8267,code,1.022704005241394,1.7170214653015137,0.6943174600601196
8268,math,1.6468414068222046,2.086667776107788,0.4398263692855835
8269,wiki,3.0266284942626953,3.375674247741699,0.3490457534790039
8270,news,3.6298515796661377,3.9463491439819336,0.3164975643157959
8271,reviews,3.7634963989257812,3.7701351642608643,0.006638765335083008
8272,paper,0.5299594402313232,3.76080584526062,3.230846405029297
8273,code,1.227099061012268,1.844591498374939,0.6174924373626709
8274,math,1.3062340021133423,1.5544183254241943,0.24818432331085205
8275,wiki,3.2600836753845215,4.0770344734191895,0.816950798034668
8276,news,3.2478363513946533,3.907777786254883,0.6599414348602295
8277,reviews,3.689443826675415,3.9529592990875244,0.2635154724121094
8278,paper,1.021994709968567,3.6604812145233154,2.6384865045547485
8279,code,1.0479282140731812,1.5205870866775513,0.4726588726043701
8280,math,1.3524460792541504,1.9615169763565063,0.609070897102356
8281,wiki,3.092729330062866,3.419930934906006,0.32720160484313965
8282,news,3.5897765159606934,3.9557442665100098,0.3659677505493164
8283,reviews,4.913781642913818,4.9750494956970215,0.061267852783203125
8284,paper,1.8576936721801758,3.129559278488159,1.2718656063079834
8285,code,1.2715643644332886,2.0409910678863525,0.769426703453064
8286,math,1.1931426525115967,1.6980295181274414,0.5048868656158447
8287,wiki,3.225804090499878,3.4152188301086426,0.18941473960876465
8288,news,3.2446722984313965,3.808350086212158,0.5636777877807617
8289,reviews,3.4170565605163574,3.6127305030822754,0.19567394256591797
8290,paper,0.8641941547393799,5.270807266235352,4.406613111495972
8291,code,1.425376534461975,1.565445899963379,0.1400693655014038
8292,math,1.6066033840179443,1.8628222942352295,0.25621891021728516
8293,wiki,3.524009943008423,3.9440524578094482,0.4200425148010254
8294,news,1.9223743677139282,2.59826397895813,0.6758896112442017
8295,reviews,3.187012195587158,3.3122684955596924,0.12525629997253418
8296,paper,1.2979698181152344,4.438389301300049,3.1404194831848145
8297,code,1.2586456537246704,1.8766424655914307,0.6179968118667603
8298,math,1.2618467807769775,1.3920879364013672,0.13024115562438965
8299,wiki,3.6363282203674316,3.9969286918640137,0.36060047149658203
8300,news,3.24326229095459,3.7120864391326904,0.4688241481781006
8301,reviews,3.520190477371216,3.649543285369873,0.12935280799865723
8302,paper,1.7300381660461426,3.9608097076416016,2.230771541595459
8303,code,1.2197474241256714,1.862730622291565,0.6429831981658936
8304,math,1.9696648120880127,2.4871926307678223,0.5175278186798096
8305,wiki,3.3585076332092285,3.4762163162231445,0.11770868301391602
8306,news,3.035496473312378,3.6708462238311768,0.6353497505187988
8307,reviews,4.353422164916992,4.459336280822754,0.10591411590576172
8308,paper,1.6880191564559937,4.474099636077881,2.786080479621887
8309,code,1.0076024532318115,1.3149605989456177,0.30735814571380615
8310,math,1.49983549118042,1.9648301601409912,0.4649946689605713
8311,wiki,3.210850238800049,3.3374407291412354,0.12659049034118652
8312,news,3.264467239379883,3.9612202644348145,0.6967530250549316
8313,reviews,3.4067516326904297,3.5410971641540527,0.13434553146362305
8314,paper,1.5618267059326172,4.888067245483398,3.3262405395507812
8315,code,0.7182080149650574,0.966148853302002,0.24794083833694458
8316,math,1.0003901720046997,1.3417834043502808,0.34139323234558105
8317,wiki,2.995354175567627,4.0667338371276855,1.0713796615600586
8318,news,3.1316258907318115,3.6224520206451416,0.4908261299133301
8319,reviews,3.68617844581604,3.7507688999176025,0.0645904541015625
8320,paper,0.9923555850982666,5.229675769805908,4.237320184707642
8321,code,1.5975114107131958,2.31514835357666,0.7176369428634644
8322,math,1.8184151649475098,2.1650352478027344,0.3466200828552246
8323,wiki,3.3630332946777344,4.004672527313232,0.641639232635498
8324,news,2.9783201217651367,3.396714687347412,0.4183945655822754
8325,reviews,2.9768877029418945,3.2161905765533447,0.2393028736114502
8326,paper,1.048175573348999,4.414379596710205,3.366204023361206
8327,code,1.8960151672363281,2.6361405849456787,0.7401254177093506
8328,math,1.630251407623291,1.9392930269241333,0.3090416193008423
8329,wiki,3.3912408351898193,3.5502054691314697,0.1589646339416504
8330,news,3.6024084091186523,4.151878356933594,0.5494699478149414
8331,reviews,3.2798421382904053,3.5085818767547607,0.22873973846435547
8332,paper,0.5802342891693115,3.5471749305725098,2.9669406414031982
8333,code,2.068230390548706,2.685908555984497,0.617678165435791
8334,math,1.519408941268921,1.8383290767669678,0.3189201354980469
8335,wiki,3.2621781826019287,3.8061904907226562,0.5440123081207275
8336,news,3.0831410884857178,3.518430709838867,0.4352896213531494
8337,reviews,3.664863109588623,3.8231711387634277,0.1583080291748047
8338,paper,1.2543327808380127,4.361802101135254,3.107469320297241
8339,code,1.2441060543060303,1.7575438022613525,0.5134377479553223
8340,math,1.7262001037597656,2.3270320892333984,0.6008319854736328
8341,wiki,3.3771307468414307,3.7803335189819336,0.40320277214050293
8342,news,3.0494019985198975,3.495457887649536,0.44605588912963867
8343,reviews,3.022590398788452,3.1702752113342285,0.14768481254577637
8344,paper,1.0848643779754639,4.427338600158691,3.3424742221832275
8345,code,1.203229308128357,1.4811869859695435,0.2779576778411865
8346,math,1.0434757471084595,1.36588716506958,0.3224114179611206
8347,wiki,3.2855186462402344,3.2910242080688477,0.005505561828613281
8348,news,3.1982784271240234,3.6194891929626465,0.42121076583862305
8349,reviews,3.511384963989258,3.7011492252349854,0.18976426124572754
8350,paper,1.7998453378677368,3.7695224285125732,1.9696770906448364
8351,code,1.2696210145950317,1.79465651512146,0.5250355005264282
8352,math,1.812964677810669,2.3658313751220703,0.5528666973114014
8353,wiki,3.0970897674560547,3.4814298152923584,0.3843400478363037
8354,news,3.810729503631592,4.234692573547363,0.4239630699157715
8355,reviews,3.951732873916626,4.084948539733887,0.13321566581726074
8356,paper,1.2200942039489746,4.22328519821167,3.0031909942626953
8357,code,1.3982044458389282,1.9136208295822144,0.5154163837432861
8358,math,1.2042245864868164,1.522375226020813,0.3181506395339966
8359,wiki,2.612036943435669,2.676234483718872,0.06419754028320312
8360,news,2.6613245010375977,3.3490922451019287,0.687767744064331
8361,reviews,3.8111839294433594,4.012545108795166,0.20136117935180664
8362,paper,1.0693426132202148,3.570380687713623,2.501038074493408
8363,code,0.7571709156036377,1.1669098138809204,0.4097388982772827
8364,math,1.300959587097168,1.8085412979125977,0.5075817108154297
8365,wiki,3.1764934062957764,3.4119815826416016,0.2354881763458252
8366,news,3.0517189502716064,3.6753175258636475,0.623598575592041
8367,reviews,4.091722011566162,4.1181206703186035,0.026398658752441406
8368,paper,1.0726155042648315,3.5520429611206055,2.479427456855774
8369,code,1.0275743007659912,1.690621256828308,0.6630469560623169
8370,math,1.5965081453323364,2.3229987621307373,0.7264906167984009
8371,wiki,2.734647274017334,3.024742364883423,0.29009509086608887
8372,news,2.7503373622894287,3.2511980533599854,0.5008606910705566
8373,reviews,3.576641798019409,3.6944358348846436,0.11779403686523438
8374,paper,0.8308826088905334,3.7729263305664062,2.942043721675873
8375,code,1.600614309310913,2.343998432159424,0.7433841228485107
8376,math,0.9913905262947083,1.3814473152160645,0.3900567889213562
8377,wiki,3.2708499431610107,3.4837660789489746,0.21291613578796387
8378,news,3.301347017288208,3.6872870922088623,0.3859400749206543
8379,reviews,3.9505491256713867,4.104403495788574,0.1538543701171875
8380,paper,1.2217532396316528,4.314138412475586,3.092385172843933
8381,code,0.9299184083938599,1.6238293647766113,0.6939109563827515
8382,math,1.317101001739502,2.0293970108032227,0.7122960090637207
8383,wiki,3.0758495330810547,3.339247703552246,0.2633981704711914
8384,news,2.909365177154541,3.436758518218994,0.5273933410644531
8385,reviews,4.402052879333496,4.578784465789795,0.17673158645629883
8386,paper,1.5200247764587402,5.113653182983398,3.593628406524658
8387,code,1.1237887144088745,1.647682785987854,0.5238940715789795
8388,math,1.4158626794815063,1.9722737073898315,0.5564110279083252
8389,wiki,2.701972007751465,3.551893711090088,0.849921703338623
8390,news,3.621055841445923,3.9614500999450684,0.3403942584991455
8391,reviews,3.5316169261932373,3.6098849773406982,0.07826805114746094
8392,paper,1.0348867177963257,3.994805097579956,2.9599183797836304
8393,code,1.3579236268997192,1.6575076580047607,0.2995840311050415
8394,math,1.8146655559539795,2.015176296234131,0.20051074028015137
8395,wiki,2.901238203048706,3.2236151695251465,0.32237696647644043
8396,news,3.5270886421203613,4.022324562072754,0.4952359199523926
8397,reviews,3.8043782711029053,3.9682915210723877,0.16391324996948242
8398,paper,1.0931614637374878,4.631264686584473,3.538103222846985
8399,code,0.8636993169784546,1.11138117313385,0.2476818561553955
8400,math,1.7251306772232056,2.1084446907043457,0.38331401348114014
8401,wiki,3.5964572429656982,4.494379043579102,0.8979218006134033
8402,news,3.825453042984009,4.165772438049316,0.3403193950653076
8403,reviews,4.053066730499268,4.249477863311768,0.1964111328125
8404,paper,1.0445382595062256,3.404813051223755,2.3602747917175293
8405,code,1.165290355682373,1.8840878009796143,0.7187974452972412
8406,math,1.3399360179901123,1.7648180723190308,0.42488205432891846
8407,wiki,3.671454429626465,3.7744665145874023,0.1030120849609375
8408,news,3.9415085315704346,4.180343151092529,0.23883461952209473
8409,reviews,3.8032898902893066,3.956561326980591,0.15327143669128418
8410,paper,1.1456117630004883,4.0722503662109375,2.926638603210449
8411,code,1.772666573524475,2.0702695846557617,0.2976030111312866
8412,math,0.8413932919502258,1.2086137533187866,0.3672204613685608
8413,wiki,3.413557767868042,3.866029739379883,0.4524719715118408
8414,news,3.6402978897094727,4.123490810394287,0.48319292068481445
8415,reviews,4.842678070068359,4.974366188049316,0.13168811798095703
8416,paper,0.7771618366241455,3.9858593940734863,3.208697557449341
8417,code,0.9153246283531189,1.3482673168182373,0.4329426884651184
8418,math,1.2427349090576172,1.536211609840393,0.2934767007827759
8419,wiki,3.9291868209838867,4.1089301109313965,0.17974328994750977
8420,news,3.1702303886413574,3.6443495750427246,0.4741191864013672
8421,reviews,4.026263236999512,4.094497203826904,0.06823396682739258
8422,paper,0.953851044178009,3.680987596511841,2.727136552333832
8423,code,1.2292512655258179,1.8682842254638672,0.6390329599380493
8424,math,1.806683897972107,2.179286479949951,0.37260258197784424
8425,wiki,3.3354079723358154,3.6877048015594482,0.3522968292236328
8426,news,3.156496286392212,3.660879611968994,0.5043833255767822
8427,reviews,3.2868459224700928,3.410663366317749,0.12381744384765625
8428,paper,1.1201759576797485,4.046592712402344,2.926416754722595
8429,code,0.8478056788444519,1.4632327556610107,0.6154270768165588
8430,math,1.767918348312378,2.049015998840332,0.2810976505279541
8431,wiki,3.3572733402252197,3.6013662815093994,0.2440929412841797
8432,news,3.6744308471679688,4.260545253753662,0.5861144065856934
8433,reviews,4.361636638641357,4.522146224975586,0.16050958633422852
8434,paper,1.0704984664916992,4.553090572357178,3.4825921058654785
8435,code,0.859531581401825,1.4744349718093872,0.6149033904075623
8436,math,1.5573434829711914,2.047666549682617,0.4903230667114258
8437,wiki,3.6463723182678223,4.270855903625488,0.624483585357666
8438,news,3.3047173023223877,3.869251251220703,0.5645339488983154
8439,reviews,4.166224002838135,4.215871810913086,0.04964780807495117
8440,paper,0.7751916646957397,3.9659698009490967,3.190778136253357
8441,code,1.5151478052139282,2.3532772064208984,0.8381294012069702
8442,math,1.6692333221435547,2.1026015281677246,0.4333682060241699
8443,wiki,2.662055492401123,3.1621267795562744,0.5000712871551514
8444,news,2.888033866882324,3.3517847061157227,0.46375083923339844
8445,reviews,3.306542158126831,3.438662052154541,0.13211989402770996
8446,paper,0.8254505395889282,3.945328950881958,3.11987841129303
8447,code,1.1951961517333984,1.855394721031189,0.6601985692977905
8448,math,1.2823560237884521,1.5447969436645508,0.26244091987609863
8449,wiki,3.3939368724823,3.695030927658081,0.30109405517578125
8450,news,3.7976741790771484,4.100259304046631,0.3025851249694824
8451,reviews,3.96993350982666,4.141388893127441,0.17145538330078125
8452,paper,1.6401159763336182,4.621999740600586,2.9818837642669678
8453,code,1.051431655883789,1.7276414632797241,0.6762098073959351
8454,math,1.97834050655365,2.50589919090271,0.5275586843490601
8455,wiki,4.117366313934326,4.241004467010498,0.12363815307617188
8456,news,3.2061214447021484,3.4505395889282227,0.24441814422607422
8457,reviews,4.569969177246094,4.584567070007324,0.014597892761230469
8458,paper,1.0561387538909912,3.810817241668701,2.75467848777771
8459,code,1.2774007320404053,2.1172900199890137,0.8398892879486084
8460,math,2.0494062900543213,2.6782386302948,0.6288323402404785
8461,wiki,4.014132976531982,4.178181171417236,0.1640481948852539
8462,news,3.4938101768493652,4.015486240386963,0.5216760635375977
8463,reviews,3.713047504425049,3.935929536819458,0.22288203239440918
8464,paper,0.8330442309379578,4.170952320098877,3.337908089160919
8465,code,1.3541815280914307,1.9120861291885376,0.5579046010971069
8466,math,1.09367835521698,1.3934403657913208,0.2997620105743408
8467,wiki,3.9042418003082275,4.147482395172119,0.2432405948638916
8468,news,3.7194719314575195,4.0446038246154785,0.325131893157959
8469,reviews,3.9704065322875977,4.067887306213379,0.09748077392578125
8470,paper,0.6381087303161621,3.76002836227417,3.121919631958008
8471,code,1.7361884117126465,2.4983930587768555,0.762204647064209
8472,math,1.3785767555236816,1.7072501182556152,0.3286733627319336
8473,wiki,3.7951083183288574,4.643886089324951,0.8487777709960938
8474,news,4.196653842926025,4.827216148376465,0.6305623054504395
8475,reviews,3.830458641052246,3.8869805335998535,0.05652189254760742
8476,paper,1.4011420011520386,4.587088108062744,3.1859461069107056
8477,code,1.3981581926345825,2.043490171432495,0.6453319787979126
8478,math,1.7753570079803467,2.11668062210083,0.3413236141204834
8479,wiki,4.344429969787598,4.393173694610596,0.04874372482299805
8480,news,4.206284999847412,4.7337965965271,0.5275115966796875
8481,reviews,3.5938687324523926,3.806867837905884,0.2129991054534912
8482,paper,1.1624475717544556,4.141315937042236,2.9788683652877808
8483,code,1.1660362482070923,1.7461605072021484,0.5801242589950562
8484,math,1.5581631660461426,1.8900066614151,0.3318434953689575
8485,wiki,4.372079849243164,4.617536544799805,0.24545669555664062
8486,news,2.6934759616851807,3.203319549560547,0.5098435878753662
8487,reviews,4.234472274780273,4.262526988983154,0.02805471420288086
8488,paper,1.1143628358840942,3.442685127258301,2.3283222913742065
8489,code,1.028292179107666,1.719293475151062,0.691001296043396
8490,math,1.5119421482086182,1.8476141691207886,0.3356720209121704
8491,wiki,3.979936361312866,4.552298069000244,0.5723617076873779
8492,news,2.7936995029449463,2.884009838104248,0.09031033515930176
8493,reviews,4.000114917755127,4.10164737701416,0.1015324592590332
8494,paper,0.9348275065422058,4.194967269897461,3.260139763355255
8495,code,1.402158260345459,1.8355592489242554,0.4334009885787964
8496,math,1.6623135805130005,1.9973995685577393,0.33508598804473877
8497,wiki,3.791151523590088,4.156981468200684,0.3658299446105957
8498,news,3.305915117263794,3.5346646308898926,0.22874951362609863
8499,reviews,3.980363368988037,4.151921272277832,0.17155790328979492
8500,paper,0.8792431354522705,4.323800563812256,3.4445574283599854
8501,code,1.5124083757400513,2.0630943775177,0.5506860017776489
8502,math,1.0536526441574097,1.7152972221374512,0.6616445779800415
8503,wiki,4.244435787200928,4.309839248657227,0.06540346145629883
8504,news,3.902697801589966,4.3336100578308105,0.4309122562408447
8505,reviews,3.809084415435791,3.8566954135894775,0.04761099815368652
8506,paper,1.625518798828125,4.878626823425293,3.253108024597168
8507,code,1.2443101406097412,1.9266771078109741,0.6823669672012329
8508,math,1.351859211921692,1.8956196308135986,0.5437604188919067
8509,wiki,3.4704484939575195,3.685331106185913,0.21488261222839355
8510,news,3.8188769817352295,4.096869468688965,0.27799248695373535
8511,reviews,3.3260343074798584,3.443239688873291,0.11720538139343262
8512,paper,1.2611652612686157,5.176328182220459,3.9151629209518433
8513,code,1.2630820274353027,1.6014509201049805,0.33836889266967773
8514,math,1.3102606534957886,1.759150505065918,0.4488898515701294
8515,wiki,3.577401876449585,3.7785823345184326,0.20118045806884766
8516,news,3.4058048725128174,3.738332748413086,0.33252787590026855
8517,reviews,3.745053291320801,3.8850696086883545,0.1400163173675537
8518,paper,1.5334923267364502,4.412531852722168,2.8790395259857178
8519,code,1.1534000635147095,1.537376880645752,0.3839768171310425
8520,math,1.129099726676941,1.449229121208191,0.32012939453125
8521,wiki,3.8498103618621826,4.09686803817749,0.24705767631530762
8522,news,3.573760747909546,4.008194923400879,0.434434175491333
8523,reviews,4.041799545288086,4.1566948890686035,0.11489534378051758
8524,paper,1.7810158729553223,2.924497604370117,1.143481731414795
8525,code,1.1529818773269653,1.8528501987457275,0.6998683214187622
8526,math,1.174311637878418,1.57841157913208,0.4040999412536621
8527,wiki,2.7194361686706543,4.501762390136719,1.7823262214660645
8528,news,3.5238170623779297,3.861863136291504,0.3380460739135742
8529,reviews,3.221832752227783,3.4894864559173584,0.2676537036895752
8530,paper,1.8400901556015015,2.650975227355957,0.8108850717544556
8531,code,1.245246171951294,1.5951050519943237,0.3498588800430298
8532,math,1.07808256149292,1.3287588357925415,0.2506762742996216
8533,wiki,2.8472487926483154,4.004491329193115,1.1572425365447998
8534,news,3.137817859649658,3.4506754875183105,0.31285762786865234
8535,reviews,3.4149410724639893,3.461158037185669,0.04621696472167969
8536,paper,1.4897624254226685,3.636798858642578,2.1470364332199097
8537,code,1.0989407300949097,1.3306418657302856,0.23170113563537598
8538,math,1.2075153589248657,1.6110931634902954,0.4035778045654297
8539,wiki,3.1264710426330566,3.296891450881958,0.17042040824890137
8540,news,3.5633785724639893,3.9542336463928223,0.390855073928833
8541,reviews,4.077231407165527,4.2438225746154785,0.16659116744995117
8542,paper,1.3045469522476196,4.388517379760742,3.0839704275131226
8543,code,1.1701569557189941,1.7137987613677979,0.5436418056488037
8544,math,1.6589336395263672,2.10233473777771,0.4434010982513428
8545,wiki,2.6959939002990723,3.047748327255249,0.35175442695617676
8546,news,3.294462203979492,3.6345267295837402,0.34006452560424805
8547,reviews,3.8763673305511475,3.9981486797332764,0.1217813491821289
8548,paper,1.2944886684417725,2.7358224391937256,1.4413337707519531
8549,code,0.6333548426628113,0.8869133591651917,0.25355851650238037
8550,math,1.7974923849105835,2.189387083053589,0.39189469814300537
8551,wiki,2.9543604850769043,3.0738778114318848,0.11951732635498047
8552,news,3.3904738426208496,3.913872241973877,0.5233983993530273
8553,reviews,3.6014647483825684,3.653366804122925,0.051902055740356445
8554,paper,1.6025289297103882,2.6373062133789062,1.034777283668518
8555,code,1.0572030544281006,1.7191048860549927,0.6619018316268921
8556,math,1.3909202814102173,1.6577049493789673,0.26678466796875
8557,wiki,3.2210919857025146,3.7595362663269043,0.5384442806243896
8558,news,4.701834201812744,5.201415061950684,0.49958086013793945
8559,reviews,4.108364105224609,4.204314708709717,0.09595060348510742
8560,paper,1.650962233543396,3.7427661418914795,2.0918039083480835
8561,code,0.9985190629959106,1.693656325340271,0.6951372623443604
8562,math,1.9078863859176636,2.107120990753174,0.19923460483551025
8563,wiki,3.419245958328247,3.931804895401001,0.5125589370727539
8564,news,3.563199758529663,3.960299015045166,0.39709925651550293
8565,reviews,4.135985374450684,4.298877239227295,0.16289186477661133
8566,paper,1.6081074476242065,4.5365729331970215,2.928465485572815
8567,code,1.2403703927993774,2.190035104751587,0.9496647119522095
8568,math,1.9034342765808105,2.3386130332946777,0.4351787567138672
8569,wiki,2.1616721153259277,2.650933265686035,0.4892611503601074
8570,news,4.035799980163574,4.448295593261719,0.41249561309814453
8571,reviews,4.027413845062256,4.129549503326416,0.10213565826416016
8572,paper,1.060404658317566,4.5896830558776855,3.5292783975601196
8573,code,1.4006249904632568,2.0281429290771484,0.6275179386138916
8574,math,1.4752990007400513,1.7199780941009521,0.24467909336090088
8575,wiki,3.330321788787842,3.573835849761963,0.2435140609741211
8576,news,3.0573062896728516,3.8028385639190674,0.7455322742462158
8577,reviews,3.037893533706665,3.0991740226745605,0.06128048896789551
8578,paper,1.3772400617599487,4.683923244476318,3.3066831827163696
8579,code,1.2275432348251343,1.9315279722213745,0.7039847373962402
8580,math,1.3056384325027466,1.8933695554733276,0.587731122970581
8581,wiki,2.6327762603759766,3.515693187713623,0.8829169273376465
8582,news,3.0598504543304443,3.5792269706726074,0.5193765163421631
8583,reviews,3.8587939739227295,3.9183850288391113,0.059591054916381836
8584,paper,1.5510095357894897,5.141180515289307,3.590170979499817
8585,code,0.871863067150116,1.173392653465271,0.30152958631515503
8586,math,1.3346613645553589,1.877258062362671,0.542596697807312
8587,wiki,2.883986711502075,3.4396233558654785,0.5556366443634033
8588,news,3.6948750019073486,4.2324700355529785,0.5375950336456299
8589,reviews,3.8393499851226807,3.8944103717803955,0.055060386657714844
8590,paper,1.2660832405090332,5.272010326385498,4.005927085876465
8591,code,0.7136468291282654,0.9563126564025879,0.2426658272743225
8592,math,1.3166396617889404,1.999216079711914,0.6825764179229736
8593,wiki,3.0120882987976074,3.4195210933685303,0.40743279457092285
8594,news,2.9547119140625,3.6004652976989746,0.6457533836364746
8595,reviews,3.4221019744873047,3.5263452529907227,0.10424327850341797
8596,paper,0.48451802134513855,3.3847522735595703,2.9002342522144318
8597,code,1.0418510437011719,1.4044692516326904,0.36261820793151855
8598,math,1.4887884855270386,1.7656768560409546,0.276888370513916
8599,wiki,2.3488998413085938,2.614513397216797,0.2656135559082031
8600,news,3.5715177059173584,4.1555609703063965,0.5840432643890381
8601,reviews,3.3732852935791016,3.3797707557678223,0.006485462188720703
8602,paper,0.5881493091583252,3.354214906692505,2.7660655975341797
8603,code,1.2035887241363525,1.8439847230911255,0.640395998954773
8604,math,1.3037488460540771,1.8639495372772217,0.5602006912231445
8605,wiki,2.6088507175445557,3.2407772541046143,0.6319265365600586
8606,news,3.365640878677368,3.9118235111236572,0.5461826324462891
8607,reviews,3.959864616394043,3.961625099182129,0.0017604827880859375
8608,paper,1.1241607666015625,4.479924201965332,3.3557634353637695
8609,code,1.0720337629318237,1.3603006601333618,0.2882668972015381
8610,math,1.8999285697937012,2.4866385459899902,0.5867099761962891
8611,wiki,3.1783816814422607,4.338714122772217,1.160332441329956
8612,news,1.636711597442627,2.2537033557891846,0.6169917583465576
8613,reviews,3.690877914428711,3.6940245628356934,0.003146648406982422
8614,paper,1.3621639013290405,3.753263235092163,2.3910993337631226
8615,code,1.1550787687301636,1.827265739440918,0.6721869707107544
8616,math,1.476957082748413,1.8120462894439697,0.33508920669555664
8617,wiki,3.2415771484375,3.63517165184021,0.39359450340270996
8618,news,3.736642599105835,4.515524387359619,0.7788817882537842
8619,reviews,3.783989191055298,3.8743996620178223,0.09041047096252441
8620,paper,1.1924186944961548,3.523585081100464,2.331166386604309
8621,code,1.0217869281768799,1.3755096197128296,0.3537226915359497
8622,math,1.3405603170394897,1.7451647520065308,0.404604434967041
8623,wiki,3.3702194690704346,4.36800479888916,0.9977853298187256
8624,news,3.9087376594543457,4.401242256164551,0.4925045967102051
8625,reviews,3.4343230724334717,3.6022281646728516,0.16790509223937988
8626,paper,0.7911789417266846,3.8532211780548096,3.062042236328125
8627,code,1.2015399932861328,1.862964153289795,0.6614241600036621
8628,math,1.6295074224472046,2.333543300628662,0.7040358781814575
8629,wiki,2.768348455429077,3.118497133255005,0.35014867782592773
8630,news,3.8452935218811035,4.003504276275635,0.15821075439453125
8631,reviews,3.9086596965789795,4.017311096191406,0.10865139961242676
8632,paper,0.5188401937484741,3.76080584526062,3.241965651512146
8633,code,1.3951714038848877,2.042466878890991,0.6472954750061035
8634,math,1.8260849714279175,2.3933675289154053,0.5672825574874878
8635,wiki,3.2372796535491943,3.2220957279205322,-0.01518392562866211
8636,news,3.230205774307251,3.5952138900756836,0.3650081157684326
8637,reviews,3.7084531784057617,3.774249315261841,0.0657961368560791
8638,paper,0.9417406916618347,3.6604812145233154,2.7187405228614807
8639,code,1.7341134548187256,2.2900898456573486,0.555976390838623
8640,math,1.612788438796997,1.8166234493255615,0.20383501052856445
8641,wiki,2.6369142532348633,3.2793352603912354,0.6424210071563721
8642,news,3.881579637527466,4.223874092102051,0.34229445457458496
8643,reviews,4.000239372253418,4.152836322784424,0.15259695053100586
8644,paper,1.8401029109954834,3.129559278488159,1.2894563674926758
8645,code,1.3991751670837402,2.1665446758270264,0.7673695087432861
8646,math,1.4565391540527344,2.0903704166412354,0.633831262588501
8647,wiki,2.619769334793091,2.777233123779297,0.15746378898620605
8648,news,2.733660936355591,3.2109103202819824,0.4772493839263916
8649,reviews,3.4857707023620605,3.6616899967193604,0.1759192943572998
8650,paper,0.7806336283683777,5.270807266235352,4.490173637866974
8651,code,0.9385151267051697,1.2111754417419434,0.2726603150367737
8652,math,1.0857340097427368,1.4432423114776611,0.3575083017349243
8653,wiki,3.1763296127319336,3.6831114292144775,0.506781816482544
8654,news,3.809217929840088,4.063813209533691,0.2545952796936035
8655,reviews,3.1282525062561035,3.199683427810669,0.07143092155456543
8656,paper,1.1995962858200073,4.438389301300049,3.2387930154800415
8657,code,1.1899151802062988,1.7198781967163086,0.5299630165100098
8658,math,0.7523614168167114,1.1472198963165283,0.3948584794998169
8659,wiki,3.1662044525146484,4.190872669219971,1.0246682167053223
8660,news,4.749774932861328,5.058226585388184,0.30845165252685547
8661,reviews,2.8307926654815674,2.982598304748535,0.15180563926696777
8662,paper,1.6956419944763184,3.9608097076416016,2.265167713165283
8663,code,1.1176055669784546,1.608644962310791,0.4910393953323364
8664,math,0.8448917865753174,1.1504932641983032,0.30560147762298584
8665,wiki,2.8681564331054688,2.9454634189605713,0.07730698585510254
8666,news,2.926469087600708,3.3948092460632324,0.4683401584625244
8667,reviews,4.13685941696167,4.257042407989502,0.12018299102783203
8668,paper,1.5834308862686157,4.474099636077881,2.890668749809265
8669,code,1.1625292301177979,1.7831315994262695,0.6206023693084717
8670,math,1.6351325511932373,2.3919355869293213,0.756803035736084
8671,wiki,2.9651875495910645,3.3176109790802,0.35242342948913574
8672,news,2.4304544925689697,2.757965326309204,0.3275108337402344
8673,reviews,3.9899606704711914,4.135313987731934,0.1453533172607422
8674,paper,1.495638132095337,4.888067245483398,3.3924291133880615
8675,code,1.3291640281677246,1.878676414489746,0.5495123863220215
8676,math,1.4778906106948853,2.0143792629241943,0.5364886522293091
8677,wiki,3.040506362915039,3.0666701793670654,0.026163816452026367
8678,news,4.054624557495117,4.382549285888672,0.3279247283935547
8679,reviews,3.819204807281494,4.003185272216797,0.18398046493530273
8680,paper,0.9596057534217834,5.229675769805908,4.270070016384125
8681,code,2.8176417350769043,3.1604621410369873,0.342820405960083
8682,math,1.4714362621307373,1.9753035306930542,0.5038672685623169
8683,wiki,2.9002203941345215,3.15714955329895,0.2569291591644287
8684,news,4.551835060119629,5.0656633377075195,0.5138282775878906
8685,reviews,3.7601048946380615,3.9238293170928955,0.16372442245483398
8686,paper,0.9981659650802612,4.414379596710205,3.416213631629944
8687,code,2.4846441745758057,2.949127197265625,0.46448302268981934
8688,math,1.2004311084747314,1.5654093027114868,0.36497819423675537
8689,wiki,3.1097605228424072,4.104899883270264,0.9951393604278564
8690,news,3.1850697994232178,3.4492504596710205,0.26418066024780273
8691,reviews,4.137387752532959,4.249152183532715,0.11176443099975586
8692,paper,0.5555835366249084,3.5471749305725098,2.9915913939476013
8693,code,1.7318874597549438,2.0493602752685547,0.31747281551361084
8694,math,1.226966142654419,1.5401414632797241,0.3131753206253052
8695,wiki,3.465644359588623,3.5712478160858154,0.10560345649719238
8696,news,3.630850315093994,3.914470911026001,0.28362059593200684
8697,reviews,3.9100420475006104,4.0543012619018555,0.14425921440124512
8698,paper,1.081081748008728,4.361802101135254,3.280720353126526
8699,code,1.1379286050796509,1.7910064458847046,0.6530778408050537
8700,math,1.9292616844177246,2.480877161026001,0.5516154766082764
8701,wiki,3.099771738052368,3.477994203567505,0.3782224655151367
8702,news,3.0399022102355957,3.6210899353027344,0.5811877250671387
8703,reviews,4.157715797424316,4.217841148376465,0.06012535095214844
8704,paper,1.046038269996643,4.427338600158691,3.3813003301620483
8705,code,1.0166923999786377,1.6944595575332642,0.6777671575546265
8706,math,1.2834550142288208,1.672193169593811,0.38873815536499023
8707,wiki,3.4012625217437744,3.7627806663513184,0.36151814460754395
8708,news,3.422135353088379,3.860365390777588,0.438230037689209
8709,reviews,3.656615734100342,3.877434253692627,0.22081851959228516
8710,paper,1.7145390510559082,3.7695224285125732,2.054983377456665
8711,code,1.1274964809417725,1.7526066303253174,0.6251101493835449
8712,math,1.1715906858444214,1.5577760934829712,0.3861854076385498
8713,wiki,3.294787645339966,3.42472243309021,0.12993478775024414
8714,news,3.5201685428619385,3.7696259021759033,0.24945735931396484
8715,reviews,3.8029227256774902,3.912867784500122,0.10994505882263184
8716,paper,1.0560879707336426,4.22328519821167,3.1671972274780273
8717,code,1.2857543230056763,1.8142802715301514,0.5285259485244751
8718,math,1.101438045501709,1.406139612197876,0.304701566696167
8719,wiki,2.692871570587158,3.1581361293792725,0.46526455879211426
8720,news,3.556002378463745,3.906240463256836,0.3502380847930908
8721,reviews,2.646120548248291,2.7333993911743164,0.08727884292602539
8722,paper,0.991978108882904,3.570380687713623,2.578402578830719
8723,code,1.538720726966858,1.8967667818069458,0.3580460548400879
8724,math,1.0541666746139526,1.5941239595413208,0.5399572849273682
8725,wiki,2.937257766723633,3.163156509399414,0.22589874267578125
8726,news,3.3571436405181885,3.9114999771118164,0.5543563365936279
8727,reviews,3.3466551303863525,3.452181339263916,0.10552620887756348
8728,paper,0.8496931195259094,3.5520429611206055,2.702349841594696
8729,code,1.291999101638794,1.7518200874328613,0.4598209857940674
8730,math,1.4657422304153442,2.074582576751709,0.6088403463363647
8731,wiki,2.3382506370544434,3.305804967880249,0.9675543308258057
8732,news,4.30205774307251,4.6651787757873535,0.36312103271484375
8733,reviews,2.7513926029205322,2.968750476837158,0.21735787391662598
8734,paper,0.7344128489494324,3.7729263305664062,3.038513481616974
8735,code,1.8979943990707397,2.077577829360962,0.17958343029022217
8736,math,1.0723458528518677,1.3383599519729614,0.26601409912109375
8737,wiki,2.354933738708496,2.998161792755127,0.6432280540466309
8738,news,2.970452308654785,3.544612407684326,0.574160099029541
8739,reviews,3.1902105808258057,3.3938472270965576,0.20363664627075195
8740,paper,1.1476150751113892,4.314138412475586,3.1665233373641968
8741,code,1.276746392250061,2.0162296295166016,0.7394832372665405
8742,math,1.2693926095962524,1.6996301412582397,0.4302375316619873
8743,wiki,3.633392333984375,4.290580749511719,0.6571884155273438
8744,news,4.0027079582214355,4.206868648529053,0.2041606903076172
8745,reviews,3.3146555423736572,3.373532295227051,0.058876752853393555
8746,paper,1.4618946313858032,5.113653182983398,3.651758551597595
8747,code,1.3395625352859497,2.1461257934570312,0.8065632581710815
8748,math,1.375844120979309,2.145439863204956,0.769595742225647
8749,wiki,3.207409381866455,3.871807098388672,0.6643977165222168
8750,news,3.2817468643188477,3.8597662448883057,0.578019380569458
8751,reviews,3.509974718093872,3.5755538940429688,0.06557917594909668
8752,paper,0.9962764382362366,3.994805097579956,2.9985286593437195
8753,code,1.2919628620147705,1.6386487483978271,0.34668588638305664
8754,math,1.074439525604248,1.7100459337234497,0.6356064081192017
8755,wiki,3.2196767330169678,4.173665523529053,0.953988790512085
8756,news,3.1390068531036377,3.7216036319732666,0.5825967788696289
8757,reviews,3.6904008388519287,3.6945011615753174,0.004100322723388672
8758,paper,1.0563747882843018,4.631264686584473,3.574889898300171
8759,code,1.2932249307632446,1.927507758140564,0.6342828273773193
8760,math,1.6331032514572144,2.0898325443267822,0.45672929286956787
8761,wiki,2.965118646621704,3.4963066577911377,0.5311880111694336
8762,news,3.707231283187866,4.150251865386963,0.4430205821990967
8763,reviews,4.017793655395508,4.09681510925293,0.07902145385742188
8764,paper,1.0291330814361572,3.404813051223755,2.3756799697875977
8765,code,1.3887767791748047,1.8489909172058105,0.46021413803100586
8766,math,0.4690033197402954,0.6874298453330994,0.21842652559280396
8767,wiki,3.3887128829956055,4.060296058654785,0.6715831756591797
8768,news,3.066500186920166,3.5285227298736572,0.4620225429534912
8769,reviews,3.159245014190674,3.2800018787384033,0.12075686454772949
8770,paper,1.150334119796753,4.0722503662109375,2.9219162464141846
8771,code,1.4082056283950806,2.033726453781128,0.6255208253860474
8772,math,1.5290189981460571,2.0331780910491943,0.5041590929031372
8773,wiki,2.634044647216797,3.4563236236572266,0.8222789764404297
8774,news,2.4392249584198,2.7943007946014404,0.3550758361816406
8775,reviews,4.029885768890381,4.063168048858643,0.03328227996826172
8776,paper,0.6923304796218872,3.9858593940734863,3.293528914451599
8777,code,1.542060136795044,2.234048843383789,0.6919887065887451
8778,math,1.1905637979507446,1.6783826351165771,0.4878188371658325
8779,wiki,2.4553189277648926,2.5357799530029297,0.08046102523803711
8780,news,2.780845880508423,3.2280097007751465,0.44716382026672363
8781,reviews,2.866922616958618,2.8278138637542725,-0.0391087532043457
8782,paper,0.9303932785987854,3.680987596511841,2.7505943179130554
8783,code,1.3864386081695557,1.6477054357528687,0.261266827583313
8784,math,1.101567268371582,1.5818047523498535,0.4802374839782715
8785,wiki,3.0748515129089355,3.83539080619812,0.7605392932891846
8786,news,3.358701705932617,3.7503225803375244,0.3916208744049072
8787,reviews,4.066186428070068,3.9935615062713623,-0.07262492179870605
8788,paper,1.0198856592178345,4.046592712402344,3.0267070531845093
8789,code,0.8972074389457703,1.517084002494812,0.6198765635490417
8790,math,1.4416569471359253,1.8958239555358887,0.4541670083999634
8791,wiki,2.9524085521698,3.0218710899353027,0.06946253776550293
8792,news,3.191589832305908,3.4657602310180664,0.2741703987121582
8793,reviews,4.11611270904541,4.219099998474121,0.10298728942871094
8794,paper,1.0223486423492432,4.553090572357178,3.5307419300079346
8795,code,1.1563899517059326,1.606501817703247,0.45011186599731445
8796,math,1.495443344116211,1.9226166009902954,0.4271732568740845
8797,wiki,3.35404896736145,3.631763458251953,0.27771449089050293
8798,news,3.8650431632995605,4.1843414306640625,0.31929826736450195
8799,reviews,3.7334558963775635,3.7947137355804443,0.06125783920288086
8800,paper,0.7267649173736572,3.9659698009490967,3.2392048835754395
8801,code,1.4269801378250122,2.0892863273620605,0.6623061895370483
8802,math,1.4683634042739868,1.9653083086013794,0.4969449043273926
8803,wiki,2.4688236713409424,3.4742772579193115,1.0054535865783691
8804,news,3.534757375717163,4.125732421875,0.5909750461578369
8805,reviews,4.439157009124756,4.510776996612549,0.07161998748779297
8806,paper,0.775606095790863,3.945328950881958,3.169722855091095
8807,code,0.7863087058067322,1.2145479917526245,0.42823928594589233
8808,math,1.6037980318069458,1.8601301908493042,0.2563321590423584
8809,wiki,3.194598913192749,3.8463504314422607,0.6517515182495117
8810,news,3.67513108253479,4.19789457321167,0.5227634906768799
8811,reviews,4.210927486419678,4.34716796875,0.13624048233032227
8812,paper,1.600415587425232,4.621999740600586,3.021584153175354
8813,code,0.9533706903457642,1.309792399406433,0.35642170906066895
8814,math,1.2906599044799805,1.7053297758102417,0.41466987133026123
8815,wiki,3.258971691131592,3.7742371559143066,0.5152654647827148
8816,news,3.6695780754089355,4.0257673263549805,0.3561892509460449
8817,reviews,4.370398998260498,4.467456340789795,0.09705734252929688
8818,paper,1.0179585218429565,3.810817241668701,2.7928587198257446
8819,code,0.8830437064170837,1.2004238367080688,0.3173801302909851
8820,math,1.3928818702697754,1.829747200012207,0.43686532974243164
8821,wiki,3.016380548477173,3.321106433868408,0.30472588539123535
8822,news,3.1253790855407715,3.599261999130249,0.47388291358947754
8823,reviews,3.9443140029907227,4.0936760902404785,0.14936208724975586
8824,paper,0.7739850878715515,4.170952320098877,3.3969672322273254
8825,code,1.5813300609588623,2.143310785293579,0.5619807243347168
8826,math,2.2600741386413574,2.484269857406616,0.2241957187652588
8827,wiki,2.5989816188812256,3.6466078758239746,1.047626256942749
8828,news,2.8647396564483643,3.288409948348999,0.42367029190063477
8829,reviews,3.480159282684326,3.620950937271118,0.140791654586792
8830,paper,0.6220405101776123,3.76002836227417,3.1379878520965576
8831,code,1.5625720024108887,1.8102635145187378,0.24769151210784912
8832,math,1.321539044380188,1.6004501581192017,0.27891111373901367
8833,wiki,2.8322129249572754,3.7818500995635986,0.9496371746063232
8834,news,4.284748554229736,4.851519584655762,0.5667710304260254
8835,reviews,3.824420690536499,4.107124328613281,0.2827036380767822
8836,paper,1.2847931385040283,4.587088108062744,3.302294969558716
8837,code,1.111901879310608,1.8966262340545654,0.7847243547439575
8838,math,1.413962483406067,2.02498197555542,0.611019492149353
8839,wiki,3.0861330032348633,4.108527183532715,1.0223941802978516
8840,news,3.38447642326355,3.7296416759490967,0.3451652526855469
8841,reviews,3.610830783843994,3.8463752269744873,0.23554444313049316
8842,paper,1.0910383462905884,4.141315937042236,3.050277590751648
8843,code,1.3697125911712646,1.9323759078979492,0.5626633167266846
8844,math,1.2556862831115723,1.780127763748169,0.5244414806365967
8845,wiki,3.4450347423553467,3.752145528793335,0.3071107864379883
8846,news,2.8285303115844727,3.1983373165130615,0.36980700492858887
8847,reviews,3.1664211750030518,3.3431801795959473,0.1767590045928955
8848,paper,1.0807039737701416,3.442685127258301,2.361981153488159
8849,code,1.3754303455352783,1.4633080959320068,0.08787775039672852
8850,math,0.9893002510070801,1.3176918029785156,0.32839155197143555
8851,wiki,2.8298957347869873,3.1289820671081543,0.299086332321167
8852,news,3.2059435844421387,3.6727423667907715,0.4667987823486328
8853,reviews,3.61299204826355,3.7839624881744385,0.17097043991088867
8854,paper,0.948973536491394,4.194967269897461,3.245993733406067
8855,code,1.4365315437316895,2.099504232406616,0.6629726886749268
8856,math,1.7612158060073853,2.358468532562256,0.5972527265548706
8857,wiki,3.2471165657043457,4.251776218414307,1.004659652709961
8858,news,1.8717292547225952,2.403425693511963,0.5316964387893677
8859,reviews,3.6367201805114746,3.8364312648773193,0.19971108436584473
8860,paper,0.8314703106880188,4.323800563812256,3.492330253124237
8861,code,1.2792574167251587,1.9337501525878906,0.6544927358627319
8862,math,2.0569732189178467,2.564727544784546,0.5077543258666992
8863,wiki,3.1127817630767822,3.2971057891845703,0.18432402610778809
8864,news,3.2686398029327393,3.6943676471710205,0.42572784423828125
8865,reviews,4.541292667388916,4.662133693695068,0.12084102630615234
8866,paper,1.5613665580749512,4.878626823425293,3.317260265350342
8867,code,0.8948895335197449,1.2483108043670654,0.35342127084732056
8868,math,1.5041258335113525,1.9927141666412354,0.4885883331298828
8869,wiki,3.5430779457092285,3.5800375938415527,0.03695964813232422
8870,news,2.525203227996826,3.045680284500122,0.5204770565032959
8871,reviews,3.8634188175201416,3.9270894527435303,0.06367063522338867
8872,paper,1.2301617860794067,5.176328182220459,3.9461663961410522
8873,code,1.1135050058364868,1.6333224773406982,0.5198174715042114
8874,math,1.2323055267333984,1.7743197679519653,0.5420142412185669
8875,wiki,2.8349788188934326,3.473021984100342,0.6380431652069092
8876,news,2.9355602264404297,3.50933837890625,0.5737781524658203
8877,reviews,4.350350379943848,4.454230308532715,0.10387992858886719
8878,paper,1.4884164333343506,4.412531852722168,2.9241154193878174
8879,code,1.547310709953308,2.333887815475464,0.7865771055221558
8880,math,1.5072110891342163,1.9120975732803345,0.40488648414611816
8881,wiki,3.4074015617370605,3.9925005435943604,0.5850989818572998
8882,news,3.2911620140075684,3.5526278018951416,0.26146578788757324
8883,reviews,3.7327561378479004,3.932006359100342,0.1992502212524414
8884,paper,1.7577053308486938,2.924497604370117,1.1667922735214233
8885,code,1.4843111038208008,2.124110698699951,0.6397995948791504
8886,math,1.6715607643127441,2.0764553546905518,0.4048945903778076
8887,wiki,3.693675994873047,4.022947311401367,0.3292713165283203
8888,news,3.486865758895874,3.7837514877319336,0.29688572883605957
8889,reviews,3.281752347946167,3.3689470291137695,0.08719468116760254
8890,paper,1.8234680891036987,2.650975227355957,0.8275071382522583
8891,code,0.9036001563072205,1.5005425214767456,0.5969423651695251
8892,math,1.9928522109985352,2.3738436698913574,0.38099145889282227
8893,wiki,3.664517641067505,3.9054629802703857,0.24094533920288086
8894,news,3.4772164821624756,3.735822916030884,0.2586064338684082
8895,reviews,2.621748208999634,2.7434115409851074,0.12166333198547363
8896,paper,1.409279465675354,3.636798858642578,2.227519392967224
8897,code,1.4199573993682861,2.0918960571289062,0.6719386577606201
8898,math,1.7414332628250122,2.055579423904419,0.31414616107940674
8899,wiki,2.8462605476379395,3.8248472213745117,0.9785866737365723
8900,news,3.3587684631347656,3.9234628677368164,0.5646944046020508
8901,reviews,2.8185296058654785,3.0522682666778564,0.23373866081237793
8902,paper,1.2642557621002197,4.388517379760742,3.1242616176605225
8903,code,1.7220203876495361,2.498459815979004,0.7764394283294678
8904,math,1.7795352935791016,2.209402084350586,0.4298667907714844
8905,wiki,2.6727569103240967,3.181586265563965,0.5088293552398682
8906,news,3.3509020805358887,3.831157922744751,0.4802558422088623
8907,reviews,2.9353325366973877,3.0835556983947754,0.1482231616973877
8908,paper,1.2369954586029053,2.7358224391937256,1.4988269805908203
8909,code,1.2319989204406738,1.6705421209335327,0.4385432004928589
8910,math,1.1812106370925903,1.536486029624939,0.35527539253234863
8911,wiki,2.6972455978393555,3.1297852993011475,0.432539701461792
8912,news,3.6065261363983154,4.066473007202148,0.459946870803833
8913,reviews,3.6248440742492676,3.6382715702056885,0.013427495956420898
8914,paper,1.6073368787765503,2.6373062133789062,1.029969334602356
8915,code,1.2843538522720337,2.0199499130249023,0.7355960607528687
8916,math,1.4675612449645996,2.048133611679077,0.5805723667144775
8917,wiki,2.968435525894165,4.0887346267700195,1.1202991008758545
8918,news,3.806384801864624,4.3182148933410645,0.5118300914764404
8919,reviews,3.96669602394104,4.1218390464782715,0.15514302253723145
8920,paper,1.5817506313323975,3.7427661418914795,2.161015510559082
8921,code,1.1698341369628906,1.5093975067138672,0.33956336975097656
8922,math,1.119515299797058,1.3149569034576416,0.1954416036605835
8923,wiki,2.363513708114624,2.837667942047119,0.4741542339324951
8924,news,3.852858543395996,3.8119356632232666,-0.04092288017272949
8925,reviews,3.3545589447021484,3.4275894165039062,0.07303047180175781
8926,paper,1.5212668180465698,4.5365729331970215,3.0153061151504517
8927,code,1.0360267162322998,1.6420578956604004,0.6060311794281006
8928,math,1.6093376874923706,2.194463014602661,0.5851253271102905
8929,wiki,2.0645525455474854,2.350759983062744,0.2862074375152588
8930,news,4.019259929656982,4.511936664581299,0.4926767349243164
8931,reviews,3.0752902030944824,3.2707107067108154,0.195420503616333
8932,paper,1.0063117742538452,4.5896830558776855,3.5833712816238403
8933,code,1.5626329183578491,2.2492079734802246,0.6865750551223755
8934,math,1.2145910263061523,1.5971499681472778,0.3825589418411255
8935,wiki,2.2158620357513428,2.7904129028320312,0.5745508670806885
8936,news,3.3550877571105957,3.646313190460205,0.2912254333496094
8937,reviews,3.252492904663086,3.315624713897705,0.06313180923461914
8938,paper,1.2466591596603394,4.683923244476318,3.437264084815979
8939,code,1.2540292739868164,1.2839245796203613,0.029895305633544922
8940,math,1.7769415378570557,2.027596950531006,0.2506554126739502
8941,wiki,2.3202812671661377,2.8772506713867188,0.556969404220581
8942,news,4.06963586807251,4.359617233276367,0.2899813652038574
8943,reviews,3.3031132221221924,3.4768226146698,0.17370939254760742
8944,paper,1.3361660242080688,5.141180515289307,3.805014491081238
8945,code,1.6523797512054443,2.083897113800049,0.4315173625946045
8946,math,1.401160717010498,1.6092735528945923,0.20811283588409424
8947,wiki,2.498994827270508,3.5187556743621826,1.0197608470916748
8948,news,3.363037109375,3.550668954849243,0.18763184547424316
8949,reviews,3.3662238121032715,3.539090871810913,0.1728670597076416
8950,paper,1.2266300916671753,5.272010326385498,4.045380234718323
8951,code,1.7171552181243896,2.3060600757598877,0.588904857635498
8952,math,1.8777848482131958,2.2607996463775635,0.3830147981643677
8953,wiki,2.742285966873169,3.0866329669952393,0.3443470001220703
8954,news,2.896995782852173,3.391404151916504,0.49440836906433105
8955,reviews,3.032801628112793,3.181492805480957,0.14869117736816406
8956,paper,0.5264495015144348,3.3847522735595703,2.8583027720451355
8957,code,1.2801988124847412,1.5682541131973267,0.28805530071258545
8958,math,1.9236959218978882,2.165417194366455,0.2417212724685669
8959,wiki,2.8359200954437256,3.116525650024414,0.2806055545806885
8960,news,3.187711477279663,3.5746052265167236,0.38689374923706055
8961,reviews,3.6018970012664795,3.7334067821502686,0.13150978088378906
8962,paper,0.5240710973739624,3.354214906692505,2.8301438093185425
8963,code,1.3166470527648926,1.5455331802368164,0.22888612747192383
8964,math,1.3497244119644165,1.6711173057556152,0.32139289379119873
8965,wiki,2.6848654747009277,3.3677313327789307,0.6828658580780029
8966,news,3.8140482902526855,4.297421455383301,0.48337316513061523
8967,reviews,4.393697261810303,4.520061016082764,0.12636375427246094
8968,paper,1.0799177885055542,4.479924201965332,3.400006413459778
8969,code,1.4743613004684448,1.878348469734192,0.40398716926574707
8970,math,0.948711097240448,1.2549247741699219,0.3062136769294739
8971,wiki,2.562983512878418,3.0259695053100586,0.4629859924316406
8972,news,3.35992431640625,3.8440487384796143,0.48412442207336426
8973,reviews,3.371229648590088,3.5261335372924805,0.15490388870239258
8974,paper,1.284271240234375,3.753263235092163,2.468991994857788
8975,code,0.8722837567329407,0.8636617064476013,-0.008622050285339355
8976,math,1.3099385499954224,1.6456712484359741,0.33573269844055176
8977,wiki,2.955495834350586,3.5768227577209473,0.6213269233703613
8978,news,3.491063117980957,3.875471591949463,0.38440847396850586
8979,reviews,3.5851542949676514,3.7722537517547607,0.18709945678710938
8980,paper,1.1574922800064087,3.523585081100464,2.366092801094055
8981,code,0.8902543187141418,1.1992186307907104,0.3089643120765686
8982,math,1.151205062866211,1.4683703184127808,0.3171652555465698
8983,wiki,2.6303465366363525,2.9022812843322754,0.27193474769592285
8984,news,4.1290507316589355,4.397801876068115,0.2687511444091797
8985,reviews,3.6237359046936035,3.8070454597473145,0.18330955505371094
8986,paper,0.7610122561454773,3.8532211780548096,3.0922089219093323
8987,code,1.1793081760406494,1.6452187299728394,0.46591055393218994
8988,math,1.4850795269012451,2.070827007293701,0.585747480392456
8989,wiki,2.8477892875671387,3.0637872219085693,0.21599793434143066
8990,news,2.255300998687744,2.862349510192871,0.607048511505127
8991,reviews,4.567098617553711,4.649726390838623,0.08262777328491211
8992,paper,0.474796861410141,3.76080584526062,3.286008983850479
8993,code,1.4339009523391724,2.0429606437683105,0.6090596914291382
8994,math,1.208780288696289,1.9808751344680786,0.7720948457717896
8995,wiki,2.7577104568481445,3.541459321975708,0.7837488651275635
8996,news,4.4400315284729,5.048261642456055,0.6082301139831543
8997,reviews,4.0833024978637695,4.205441951751709,0.12213945388793945
8998,paper,0.9479135870933533,3.6604812145233154,2.712567627429962
8999,code,0.9689412713050842,1.5879038572311401,0.6189625859260559
9000,math,1.3507262468338013,1.7388523817062378,0.3881261348724365
9001,wiki,3.18438720703125,3.5116212368011475,0.32723402976989746
9002,news,3.2567224502563477,3.6787641048431396,0.422041654586792
9003,reviews,4.0860700607299805,4.190544605255127,0.10447454452514648
9004,paper,1.7991341352462769,3.129559278488159,1.3304251432418823
9005,code,0.7248146533966064,1.0225188732147217,0.29770421981811523
9006,math,1.0067410469055176,1.5174092054367065,0.510668158531189
9007,wiki,2.5252866744995117,3.5429270267486572,1.0176403522491455
9008,news,3.0400025844573975,3.4800803661346436,0.4400777816772461
9009,reviews,3.717463493347168,3.9447522163391113,0.22728872299194336
9010,paper,0.7321044206619263,5.270807266235352,4.538702845573425
9011,code,1.2680915594100952,2.0255987644195557,0.7575072050094604
9012,math,1.719778299331665,2.020181894302368,0.3004035949707031
9013,wiki,3.4023845195770264,3.4375860691070557,0.0352015495300293
9014,news,3.7206103801727295,4.147667407989502,0.42705702781677246
9015,reviews,3.3398256301879883,3.4663360118865967,0.1265103816986084
9016,paper,1.067897915840149,4.438389301300049,3.3704913854599
9017,code,1.6025946140289307,2.246936798095703,0.6443421840667725
9018,math,1.2316409349441528,1.375466227531433,0.14382529258728027
9019,wiki,3.6609857082366943,3.699209690093994,0.038223981857299805
9020,news,3.695420026779175,3.95072865486145,0.2553086280822754
9021,reviews,3.5074031352996826,3.627807140350342,0.12040400505065918
9022,paper,1.6292017698287964,3.9608097076416016,2.331607937812805
9023,code,1.858097791671753,2.5092477798461914,0.6511499881744385
9024,math,1.0747520923614502,1.2926357984542847,0.21788370609283447
9025,wiki,3.053105115890503,3.375364303588867,0.32225918769836426
9026,news,3.782183885574341,4.132026195526123,0.3498423099517822
9027,reviews,3.695071220397949,3.7588791847229004,0.06380796432495117
9028,paper,1.512128472328186,4.474099636077881,2.961971163749695
9029,code,1.759467363357544,2.280116319656372,0.5206489562988281
9030,math,0.9739236235618591,1.4083740711212158,0.4344504475593567
9031,wiki,3.2215383052825928,4.071459770202637,0.849921464920044
9032,news,3.4727518558502197,3.8698928356170654,0.3971409797668457
9033,reviews,4.2843780517578125,4.39559268951416,0.11121463775634766
9034,paper,1.4282029867172241,4.888067245483398,3.4598642587661743
9035,code,1.2601159811019897,2.029456853866577,0.7693408727645874
9036,math,1.3293704986572266,1.620928168296814,0.2915576696395874
9037,wiki,2.6389548778533936,2.9806368350982666,0.34168195724487305
9038,news,3.7367448806762695,4.011441707611084,0.27469682693481445
9039,reviews,3.802852153778076,3.914998769760132,0.11214661598205566
9040,paper,0.8856377601623535,5.229675769805908,4.344038009643555
9041,code,0.8987973928451538,1.2041457891464233,0.30534839630126953
9042,math,1.3892608880996704,1.9887199401855469,0.5994590520858765
9043,wiki,3.067539691925049,3.7189557552337646,0.6514160633087158
9044,news,3.984983205795288,4.252331733703613,0.2673485279083252
9045,reviews,3.606377124786377,3.7825605869293213,0.17618346214294434
9046,paper,0.8892650604248047,4.414379596710205,3.5251145362854004
9047,code,1.732171654701233,2.040339469909668,0.30816781520843506
9048,math,1.6688276529312134,2.133812427520752,0.4649847745895386
9049,wiki,3.363727569580078,3.5260653495788574,0.1623377799987793
9050,news,3.486037254333496,3.7651755809783936,0.27913832664489746
9051,reviews,3.5937089920043945,3.676478862762451,0.08276987075805664
9052,paper,0.4952270984649658,3.5471749305725098,3.051947832107544
9053,code,1.41127347946167,1.6347159147262573,0.2234424352645874
9054,math,1.5005519390106201,2.231564998626709,0.7310130596160889
9055,wiki,3.255758762359619,4.287412166595459,1.0316534042358398
9056,news,2.8188226222991943,3.382998466491699,0.5641758441925049
9057,reviews,4.247878074645996,4.300224304199219,0.052346229553222656
9058,paper,0.986997127532959,4.361802101135254,3.374804973602295
9059,code,1.4446203708648682,1.9977556467056274,0.5531352758407593
9060,math,1.142669439315796,1.5222676992416382,0.3795982599258423
9061,wiki,2.7224953174591064,3.181647777557373,0.4591524600982666
9062,news,2.8975512981414795,3.4866459369659424,0.5890946388244629
9063,reviews,3.060885190963745,3.1906771659851074,0.1297919750213623
9064,paper,0.9453215003013611,4.427338600158691,3.4820170998573303
9065,code,0.8545463681221008,0.9569904804229736,0.1024441123008728
9066,math,1.5225188732147217,2.0552124977111816,0.53269362449646
9067,wiki,2.6625261306762695,3.526587724685669,0.8640615940093994
9068,news,3.0450141429901123,3.179251194000244,0.13423705101013184
9069,reviews,3.384758949279785,3.4582619667053223,0.07350301742553711
9070,paper,1.6692029237747192,3.7695224285125732,2.100319504737854
9071,code,0.7516739964485168,0.8316943645477295,0.08002036809921265
9072,math,1.2509864568710327,1.618049144744873,0.36706268787384033
9073,wiki,2.774427890777588,3.714362859725952,0.9399349689483643
9074,news,3.3586487770080566,3.7511277198791504,0.39247894287109375
9075,reviews,3.8768162727355957,3.9351818561553955,0.058365583419799805
9076,paper,1.0391287803649902,4.22328519821167,3.1841564178466797
9077,code,1.4064087867736816,2.1306040287017822,0.7241952419281006
9078,math,0.9971418976783752,1.3948979377746582,0.39775604009628296
9079,wiki,3.001081705093384,3.286787748336792,0.2857060432434082
9080,news,3.5292487144470215,4.070016384124756,0.5407676696777344
9081,reviews,3.858854055404663,3.981104850769043,0.12225079536437988
9082,paper,0.8886717557907104,3.570380687713623,2.6817089319229126
9083,code,1.0624289512634277,1.5874660015106201,0.5250370502471924
9084,math,1.4157227277755737,1.6431224346160889,0.22739970684051514
9085,wiki,3.303523540496826,3.9783880710601807,0.6748645305633545
9086,news,3.649566173553467,4.074928283691406,0.42536211013793945
9087,reviews,3.569223165512085,3.6674416065216064,0.09821844100952148
9088,paper,0.8158618807792664,3.5520429611206055,2.736181080341339
9089,code,1.2020041942596436,1.8633230924606323,0.6613188982009888
9090,math,1.4819514751434326,2.1327264308929443,0.6507749557495117
9091,wiki,3.569455862045288,3.801450252532959,0.2319943904876709
9092,news,4.2476654052734375,4.567558765411377,0.31989336013793945
9093,reviews,3.389627695083618,3.476853847503662,0.08722615242004395
9094,paper,0.6684315800666809,3.7729263305664062,3.1044947504997253
9095,code,1.2209479808807373,1.555358648300171,0.3344106674194336
9096,math,1.687652826309204,2.2855403423309326,0.5978875160217285
9097,wiki,2.5524051189422607,3.688213348388672,1.1358082294464111
9098,news,3.1231110095977783,3.316741704940796,0.19363069534301758
9099,reviews,3.568781852722168,3.8398854732513428,0.2711036205291748
9100,paper,0.9994732141494751,4.314138412475586,3.314665198326111
9101,code,1.468432068824768,1.9509598016738892,0.4825277328491211
9102,math,1.1189652681350708,1.4824045896530151,0.36343932151794434
9103,wiki,2.6749022006988525,2.752859354019165,0.0779571533203125
9104,news,2.993175506591797,3.3785760402679443,0.38540053367614746
9105,reviews,4.137986183166504,4.234922409057617,0.09693622589111328
9106,paper,1.360133409500122,5.113653182983398,3.7535197734832764
9107,code,1.591797947883606,2.3686935901641846,0.7768956422805786
9108,math,1.5761853456497192,2.257952928543091,0.6817675828933716
9109,wiki,3.4646852016448975,3.956655502319336,0.4919703006744385
9110,news,3.230869770050049,3.6886966228485107,0.4578268527984619
9111,reviews,3.3644678592681885,3.535207748413086,0.17073988914489746
9112,paper,0.9320999979972839,3.994805097579956,3.062705099582672
9113,code,1.225901484489441,1.859793782234192,0.633892297744751
9114,math,1.6875591278076172,2.179473876953125,0.4919147491455078
9115,wiki,2.9252612590789795,3.6745779514312744,0.7493166923522949
9116,news,2.821875810623169,3.4076433181762695,0.5857675075531006
9117,reviews,3.566692590713501,3.845855474472046,0.2791628837585449
9118,paper,0.9292060732841492,4.631264686584473,3.7020586133003235
9119,code,1.6071276664733887,2.338397264480591,0.7312695980072021
9120,math,1.2754766941070557,1.5697423219680786,0.29426562786102295
9121,wiki,2.537590980529785,2.8262836933135986,0.2886927127838135
9122,news,4.266112327575684,4.6157426834106445,0.34963035583496094
9123,reviews,3.490774631500244,3.687427043914795,0.19665241241455078
9124,paper,1.0034030675888062,3.404813051223755,2.4014099836349487
9125,code,2.117549180984497,2.819453239440918,0.7019040584564209
9126,math,1.2218620777130127,1.7935497760772705,0.5716876983642578
9127,wiki,3.0951831340789795,3.498972177505493,0.40378904342651367
9128,news,3.2974588871002197,3.8426499366760254,0.5451910495758057
9129,reviews,3.7429285049438477,3.8367083072662354,0.0937798023223877
9130,paper,1.0598963499069214,4.0722503662109375,3.012354016304016
9131,code,1.0313270092010498,1.5199596881866455,0.4886326789855957
9132,math,1.6837701797485352,1.9563212394714355,0.2725510597229004
9133,wiki,2.916902542114258,3.914944887161255,0.9980423450469971
9134,news,4.026201248168945,4.453112602233887,0.4269113540649414
9135,reviews,4.237308502197266,4.325586318969727,0.08827781677246094
9136,paper,0.7112216353416443,3.9858593940734863,3.274637758731842
9137,code,1.4519745111465454,2.0062456130981445,0.5542711019515991
9138,math,1.6698483228683472,2.3160898685455322,0.6462415456771851
9139,wiki,3.0488440990448,3.736698627471924,0.687854528427124
9140,news,3.855954170227051,4.337287425994873,0.48133325576782227
9141,reviews,3.6340904235839844,3.7638425827026367,0.12975215911865234
9142,paper,0.8693664073944092,3.680987596511841,2.8116211891174316
9143,code,1.1342039108276367,1.6253066062927246,0.4911026954650879
9144,math,1.8304286003112793,2.176332712173462,0.3459041118621826
9145,wiki,3.3837954998016357,3.5947773456573486,0.2109818458557129
9146,news,3.4469189643859863,3.8574864864349365,0.4105675220489502
9147,reviews,3.5118038654327393,3.660691738128662,0.14888787269592285
9148,paper,0.9831430315971375,4.046592712402344,3.0634496808052063
9149,code,0.9203080534934998,1.5178779363632202,0.5975698828697205
9150,math,1.9363462924957275,2.3230175971984863,0.3866713047027588
9151,wiki,2.8629372119903564,3.5083181858062744,0.645380973815918
9152,news,3.4553747177124023,4.065839767456055,0.6104650497436523
9153,reviews,4.3556013107299805,4.389774322509766,0.034173011779785156
9154,paper,0.9589142203330994,4.553090572357178,3.5941763520240784
9155,code,1.1316704750061035,1.2596189975738525,0.12794852256774902
9156,math,0.9819316864013672,1.4393293857574463,0.4573976993560791
9157,wiki,3.8585777282714844,4.08149528503418,0.2229175567626953
9158,news,3.976194381713867,4.5196685791015625,0.5434741973876953
9159,reviews,4.03347635269165,4.150978088378906,0.11750173568725586
9160,paper,0.6713613867759705,3.9659698009490967,3.294608414173126
9161,code,1.5092222690582275,2.0025558471679688,0.4933335781097412
9162,math,1.34538996219635,1.6552388668060303,0.3098489046096802
9163,wiki,3.180856466293335,3.5447988510131836,0.36394238471984863
9164,news,4.231156826019287,4.897185325622559,0.6660284996032715
9165,reviews,3.5254430770874023,3.663888454437256,0.13844537734985352
9166,paper,0.7519841194152832,3.945328950881958,3.193344831466675
9167,code,0.970025897026062,1.475418210029602,0.50539231300354
9168,math,1.1882882118225098,1.684187650680542,0.4958994388580322
9169,wiki,3.5501046180725098,3.891045093536377,0.3409404754638672
9170,news,3.4841244220733643,4.003864765167236,0.5197403430938721
9171,reviews,3.9574694633483887,4.038323402404785,0.08085393905639648
9172,paper,1.4584559202194214,4.621999740600586,3.1635438203811646
9173,code,1.440739393234253,2.1958611011505127,0.7551217079162598
9174,math,1.555543065071106,1.8348580598831177,0.2793149948120117
9175,wiki,3.3284811973571777,3.4198691844940186,0.09138798713684082
9176,news,1.7917912006378174,1.8991127014160156,0.10732150077819824
9177,reviews,3.9663827419281006,4.106148719787598,0.13976597785949707
9178,paper,0.914935827255249,3.810817241668701,2.895881414413452
9179,code,1.0930566787719727,1.7447394132614136,0.6516827344894409
9180,math,1.4591395854949951,1.952410101890564,0.49327051639556885
9181,wiki,3.6231253147125244,3.658538579940796,0.035413265228271484
9182,news,3.7225279808044434,4.160493850708008,0.43796586990356445
9183,reviews,3.1572492122650146,3.3112738132476807,0.15402460098266602
9184,paper,0.7244904041290283,4.170952320098877,3.4464619159698486
9185,code,1.3940951824188232,2.093266487121582,0.6991713047027588
9186,math,1.3662781715393066,1.7098028659820557,0.343524694442749
9187,wiki,3.1389029026031494,3.9038500785827637,0.7649471759796143
9188,news,3.912097692489624,4.173318386077881,0.26122069358825684
9189,reviews,3.4325153827667236,3.5080149173736572,0.0754995346069336
9190,paper,0.5615482330322266,3.76002836227417,3.1984801292419434
9191,code,1.393218755722046,2.1178510189056396,0.7246322631835938
9192,math,1.3342331647872925,1.7706942558288574,0.43646109104156494
9193,wiki,3.282883644104004,3.7479114532470703,0.4650278091430664
9194,news,3.6484529972076416,3.803722381591797,0.15526938438415527
9195,reviews,3.1260581016540527,3.162226438522339,0.03616833686828613
9196,paper,1.2224336862564087,4.587088108062744,3.3646544218063354
9197,code,2.1517655849456787,2.8783228397369385,0.7265572547912598
9198,math,1.2899399995803833,1.7129547595977783,0.423014760017395
9199,wiki,2.5599100589752197,3.3513481616973877,0.791438102722168
9200,news,3.3891589641571045,4.057369232177734,0.6682102680206299
9201,reviews,3.22161602973938,3.375380516052246,0.1537644863128662
9202,paper,1.056652545928955,4.141315937042236,3.0846633911132812
9203,code,0.9923337697982788,1.3324350118637085,0.3401012420654297
9204,math,1.1114450693130493,1.4353865385055542,0.3239414691925049
9205,wiki,3.8907885551452637,4.234865188598633,0.34407663345336914
9206,news,3.568150043487549,4.15521764755249,0.5870676040649414
9207,reviews,3.874873161315918,4.025427341461182,0.15055418014526367
9208,paper,1.058176040649414,3.442685127258301,2.3845090866088867
9209,code,1.30156409740448,1.7130632400512695,0.41149914264678955
9210,math,1.462524652481079,2.0329103469848633,0.5703856945037842
9211,wiki,3.470562219619751,3.8527486324310303,0.3821864128112793
9212,news,3.353285551071167,3.9755258560180664,0.6222403049468994
9213,reviews,3.4972972869873047,3.6572141647338867,0.15991687774658203
9214,paper,0.939552366733551,4.194967269897461,3.25541490316391
9215,code,1.1664462089538574,1.8074591159820557,0.6410129070281982
9216,math,1.1321815252304077,1.5525954961776733,0.4204139709472656
9217,wiki,3.147658348083496,4.123770236968994,0.976111888885498
9218,news,3.4783029556274414,3.77298903465271,0.29468607902526855
9219,reviews,3.7164907455444336,3.7705554962158203,0.05406475067138672
9220,paper,0.7368530631065369,4.323800563812256,3.586947500705719
9221,code,1.3227063417434692,1.8966951370239258,0.5739887952804565
9222,math,1.035659909248352,1.276702880859375,0.24104297161102295
9223,wiki,3.4116263389587402,3.715214967727661,0.3035886287689209
9224,news,3.3653955459594727,3.9630980491638184,0.5977025032043457
9225,reviews,3.9872775077819824,4.064298152923584,0.07702064514160156
9226,paper,1.4652724266052246,4.878626823425293,3.4133543968200684
9227,code,1.1221270561218262,1.4419445991516113,0.31981754302978516
9228,math,1.281641960144043,2.0711991786956787,0.7895572185516357
9229,wiki,3.3346993923187256,3.8482370376586914,0.5135376453399658
9230,news,3.2536139488220215,3.6136560440063477,0.36004209518432617
9231,reviews,3.3985183238983154,3.6116673946380615,0.2131490707397461
9232,paper,1.08890700340271,5.176328182220459,4.087421178817749
9233,code,0.9868762493133545,1.6688213348388672,0.6819450855255127
9234,math,1.5175622701644897,2.342115879058838,0.8245536088943481
9235,wiki,3.0273706912994385,3.2731544971466064,0.24578380584716797
9236,news,3.4812161922454834,3.975133180618286,0.49391698837280273
9237,reviews,3.6391031742095947,3.7581405639648438,0.11903738975524902
9238,paper,1.3912208080291748,4.412531852722168,3.021311044692993
9239,code,1.3298149108886719,2.003263473510742,0.6734485626220703
9240,math,1.1449493169784546,1.5907917022705078,0.4458423852920532
9241,wiki,3.685574769973755,4.04217004776001,0.3565952777862549
9242,news,3.483348846435547,3.917381763458252,0.4340329170227051
9243,reviews,3.894456386566162,3.9764633178710938,0.08200693130493164
9244,paper,1.6841771602630615,2.924497604370117,1.2403204441070557
9245,code,0.5629761815071106,1.159883737564087,0.5969075560569763
9246,math,1.2004212141036987,1.6723283529281616,0.4719071388244629
9247,wiki,3.606328010559082,4.326956272125244,0.7206282615661621
9248,news,3.769554376602173,4.351304054260254,0.581749677658081
9249,reviews,4.1593852043151855,4.2201642990112305,0.06077909469604492
9250,paper,1.7855643033981323,2.650975227355957,0.8654109239578247
9251,code,1.413212776184082,1.9904576539993286,0.5772448778152466
9252,math,1.9664708375930786,2.3780767917633057,0.41160595417022705
9253,wiki,3.799696683883667,3.8909201622009277,0.09122347831726074
9254,news,2.984354019165039,3.4519059658050537,0.46755194664001465
9255,reviews,4.150217056274414,4.317841053009033,0.16762399673461914
9256,paper,1.3551828861236572,3.636798858642578,2.281615972518921
9257,code,1.814329981803894,2.420835018157959,0.6065050363540649
9258,math,1.4173955917358398,1.7602726221084595,0.34287703037261963
9259,wiki,3.6599490642547607,4.002612590789795,0.3426635265350342
9260,news,3.2502620220184326,3.680600881576538,0.43033885955810547
9261,reviews,3.004498243331909,3.2416329383850098,0.23713469505310059
9262,paper,1.1209402084350586,4.388517379760742,3.2675771713256836
9263,code,1.1440576314926147,1.634552001953125,0.49049437046051025
9264,math,1.8582768440246582,2.3850631713867188,0.5267863273620605
9265,wiki,3.8617324829101562,3.9153082370758057,0.053575754165649414
9266,news,3.8327667713165283,4.252934455871582,0.4201676845550537
9267,reviews,3.883859395980835,4.0187153816223145,0.1348559856414795
9268,paper,1.1900475025177002,2.7358224391937256,1.5457749366760254
9269,code,1.3453036546707153,2.005925416946411,0.6606217622756958
9270,math,1.4374788999557495,1.6837501525878906,0.2462712526321411
9271,wiki,3.963148593902588,4.509671211242676,0.5465226173400879
9272,news,3.9548346996307373,4.265488624572754,0.3106539249420166
9273,reviews,3.2545275688171387,3.3385889530181885,0.0840613842010498
9274,paper,1.617538332939148,2.6373062133789062,1.0197678804397583
9275,code,0.695438027381897,1.1070549488067627,0.4116169214248657
9276,math,1.5606552362442017,2.132467031478882,0.5718117952346802
9277,wiki,4.4824957847595215,4.812352180480957,0.32985639572143555
9278,news,3.525095224380493,3.702458620071411,0.17736339569091797
9279,reviews,2.868295431137085,2.942009687423706,0.0737142562866211
9280,paper,1.4779194593429565,3.7427661418914795,2.264846682548523
9281,code,0.8421611189842224,1.3430171012878418,0.5008559823036194
9282,math,1.6058309078216553,2.065375804901123,0.4595448970794678
9283,wiki,2.39945912361145,3.169644355773926,0.7701852321624756
9284,news,4.315669059753418,4.383448600769043,0.067779541015625
9285,reviews,4.0115532875061035,4.199249744415283,0.1876964569091797
9286,paper,1.439082145690918,4.5365729331970215,3.0974907875061035
9287,code,1.026890754699707,1.4710465669631958,0.44415581226348877
9288,math,1.213289499282837,1.7176923751831055,0.5044028759002686
9289,wiki,2.8502471446990967,2.9560739994049072,0.10582685470581055
9290,news,3.800259828567505,4.1083478927612305,0.3080880641937256
9291,reviews,3.6563639640808105,3.72135853767395,0.06499457359313965
9292,paper,0.9458637237548828,4.5896830558776855,3.6438193321228027
9293,code,1.1567202806472778,1.8101603984832764,0.6534401178359985
9294,math,1.832672119140625,2.191082239151001,0.358410120010376
9295,wiki,3.2918801307678223,3.631711483001709,0.3398313522338867
9296,news,2.753329038619995,3.053400993347168,0.30007195472717285
9297,reviews,4.004545211791992,4.1927337646484375,0.1881885528564453
9298,paper,1.153274416923523,4.683923244476318,3.5306488275527954
9299,code,0.9091136455535889,1.3099403381347656,0.40082669258117676
9300,math,1.4457831382751465,1.6477349996566772,0.20195186138153076
9301,wiki,3.4573192596435547,3.5392987728118896,0.08197951316833496
9302,news,3.630268096923828,3.978194236755371,0.34792613983154297
9303,reviews,4.387397289276123,4.449628829956055,0.06223154067993164
9304,paper,1.2270598411560059,5.141180515289307,3.914120674133301
9305,code,1.0766863822937012,1.539607048034668,0.4629206657409668
9306,math,2.005080461502075,2.4059536457061768,0.40087318420410156
9307,wiki,3.341947317123413,4.157644748687744,0.815697431564331
9308,news,4.388440132141113,4.81508207321167,0.42664194107055664
9309,reviews,3.4069128036499023,3.503876209259033,0.09696340560913086
9310,paper,1.1224457025527954,5.272010326385498,4.149564623832703
9311,code,1.0843148231506348,1.4898121356964111,0.40549731254577637
9312,math,1.7033414840698242,2.045539379119873,0.34219789505004883
9313,wiki,3.6958348751068115,3.8268277645111084,0.13099288940429688
9314,news,4.212728500366211,4.555500507354736,0.3427720069885254
9315,reviews,3.42632794380188,3.593684196472168,0.16735625267028809
9316,paper,0.46266674995422363,3.3847522735595703,2.9220855236053467
9317,code,0.9952701926231384,1.4651943445205688,0.4699241518974304
9318,math,1.5698086023330688,2.149592399597168,0.5797837972640991
9319,wiki,3.4299724102020264,3.659177303314209,0.22920489311218262
9320,news,4.503834247589111,4.635293960571289,0.13145971298217773
9321,reviews,3.561025619506836,3.7982287406921387,0.23720312118530273
9322,paper,0.49623095989227295,3.354214906692505,2.857983946800232
9323,code,1.1601165533065796,1.8665179014205933,0.7064013481140137
9324,math,1.4012675285339355,1.9525314569473267,0.5512639284133911
9325,wiki,3.1733498573303223,3.9387154579162598,0.7653656005859375
9326,news,4.091728687286377,4.184981822967529,0.09325313568115234
9327,reviews,3.8218555450439453,3.85870099067688,0.03684544563293457
9328,paper,0.9431807398796082,4.479924201965332,3.536743462085724
9329,code,1.6025041341781616,1.8963844776153564,0.2938803434371948
9330,math,1.1923342943191528,1.7265342473983765,0.5341999530792236
9331,wiki,2.95188045501709,3.066182851791382,0.11430239677429199
9332,news,3.8541531562805176,3.9502687454223633,0.0961155891418457
9333,reviews,3.6094772815704346,3.739164113998413,0.12968683242797852
9334,paper,1.2016643285751343,3.753263235092163,2.551598906517029
9335,code,1.633723258972168,2.2343244552612305,0.6006011962890625
9336,math,1.354163646697998,1.7895128726959229,0.4353492259979248
9337,wiki,2.9554295539855957,3.230959892272949,0.2755303382873535
9338,news,4.314959526062012,4.52424955368042,0.2092900276184082
9339,reviews,3.543175458908081,3.7667627334594727,0.2235872745513916
9340,paper,1.1137912273406982,3.523585081100464,2.4097938537597656
9341,code,1.06615149974823,1.5022141933441162,0.43606269359588623
9342,math,1.1109018325805664,1.496137261390686,0.38523542881011963
9343,wiki,2.585331916809082,3.479362964630127,0.8940310478210449
9344,news,3.1408298015594482,3.3104820251464844,0.16965222358703613
9345,reviews,3.2202444076538086,3.356691360473633,0.13644695281982422
9346,paper,0.7194684147834778,3.8532211780548096,3.133752763271332
9347,code,1.6208434104919434,2.247720718383789,0.6268773078918457
9348,math,0.8666279911994934,1.3460698127746582,0.4794418215751648
9349,wiki,3.2847869396209717,3.8930649757385254,0.6082780361175537
9350,news,3.8058061599731445,4.007784366607666,0.20197820663452148
9351,reviews,3.5649006366729736,3.81302547454834,0.2481248378753662
9352,paper,0.5023800134658813,3.76080584526062,3.2584258317947388
9353,code,1.351290225982666,2.0340120792388916,0.6827218532562256
9354,math,1.7096302509307861,2.113046646118164,0.40341639518737793
9355,wiki,4.341930389404297,4.837899208068848,0.4959688186645508
9356,news,4.062164783477783,4.37938117980957,0.3172163963317871
9357,reviews,3.677868366241455,3.76898193359375,0.09111356735229492
9358,paper,0.9588250517845154,3.6604812145233154,2.7016561627388
9359,code,1.0907964706420898,1.732467532157898,0.6416710615158081
9360,math,1.2921404838562012,1.9051111936569214,0.6129707098007202
9361,wiki,3.9888899326324463,4.3646016120910645,0.37571167945861816
9362,news,3.284036636352539,3.5299484729766846,0.2459118366241455
9363,reviews,4.297081470489502,4.469220161437988,0.17213869094848633
9364,paper,1.792047381401062,3.129559278488159,1.3375118970870972
9365,code,1.884755253791809,2.2485756874084473,0.3638204336166382
9366,math,1.376096487045288,1.6960935592651367,0.31999707221984863
9367,wiki,3.4392454624176025,4.292340278625488,0.8530948162078857
9368,news,4.586528778076172,4.823702812194824,0.23717403411865234
9369,reviews,3.8757505416870117,3.986825942993164,0.11107540130615234
9370,paper,0.6677695512771606,5.270807266235352,4.603037714958191
9371,code,1.8306077718734741,2.3694934844970703,0.5388857126235962
9372,math,1.688210368156433,1.9548029899597168,0.2665926218032837
9373,wiki,3.043940782546997,4.226621150970459,1.182680368423462
9374,news,4.268070697784424,4.667619705200195,0.3995490074157715
9375,reviews,3.18477725982666,3.2466907501220703,0.061913490295410156
9376,paper,1.0290106534957886,4.438389301300049,3.4093786478042603
9377,code,1.3258363008499146,1.673932671546936,0.3480963706970215
9378,math,1.3760528564453125,2.0441536903381348,0.6681008338928223
9379,wiki,3.6120386123657227,3.822011947631836,0.20997333526611328
9380,news,4.205984592437744,4.686193466186523,0.4802088737487793
9381,reviews,3.67051100730896,3.763692617416382,0.09318161010742188
9382,paper,1.5991873741149902,3.9608097076416016,2.3616223335266113
9383,code,1.471634864807129,2.099433422088623,0.6277985572814941
9384,math,1.3560060262680054,1.922391414642334,0.5663853883743286
9385,wiki,3.135366916656494,3.6631672382354736,0.5278003215789795
9386,news,3.335480213165283,3.8835203647613525,0.5480401515960693
9387,reviews,3.6104071140289307,3.729426145553589,0.1190190315246582
9388,paper,1.4344837665557861,4.474099636077881,3.0396158695220947
9389,code,1.9056062698364258,2.1266086101531982,0.22100234031677246
9390,math,1.2741013765335083,1.5688973665237427,0.2947959899902344
9391,wiki,3.4808645248413086,3.6540000438690186,0.17313551902770996
9392,news,3.4399921894073486,4.125027179718018,0.685034990310669
9393,reviews,4.0518646240234375,4.1122612953186035,0.060396671295166016
9394,paper,1.3358548879623413,4.888067245483398,3.552212357521057
9395,code,1.3250871896743774,1.891908884048462,0.5668216943740845
9396,math,1.4895795583724976,2.064169406890869,0.5745898485183716
9397,wiki,3.3603131771087646,3.82171630859375,0.46140313148498535
9398,news,3.9572393894195557,4.700409889221191,0.7431704998016357
9399,reviews,3.511598825454712,3.730753183364868,0.21915435791015625
9400,paper,0.824087917804718,5.229675769805908,4.40558785200119
9401,code,0.9296873807907104,1.2795171737670898,0.3498297929763794
9402,math,1.3072848320007324,1.8466248512268066,0.5393400192260742
9403,wiki,3.1977601051330566,3.3225698471069336,0.12480974197387695
9404,news,3.2824866771698,3.9649388790130615,0.6824522018432617
9405,reviews,3.6423146724700928,3.7613525390625,0.11903786659240723
9406,paper,0.7873631119728088,4.414379596710205,3.6270164847373962
9407,code,1.3408464193344116,1.4914370775222778,0.1505906581878662
9408,math,1.12579345703125,1.4111573696136475,0.28536391258239746
9409,wiki,2.827289342880249,3.5528228282928467,0.7255334854125977
9410,news,3.0772223472595215,3.552926778793335,0.4757044315338135
9411,reviews,3.576350688934326,3.783984661102295,0.20763397216796875
9412,paper,0.47286564111709595,3.5471749305725098,3.074309289455414
9413,code,0.8214411735534668,1.468627691268921,0.6471865177154541
9414,math,1.508561134338379,2.152083396911621,0.6435222625732422
9415,wiki,2.4322409629821777,2.794559955596924,0.3623189926147461
9416,news,3.0057473182678223,3.4503462314605713,0.444598913192749
9417,reviews,3.4117531776428223,3.636418581008911,0.22466540336608887
9418,paper,0.912239670753479,4.361802101135254,3.449562430381775
9419,code,1.3309662342071533,2.200369358062744,0.8694031238555908
9420,math,1.5918090343475342,2.1567883491516113,0.5649793148040771
9421,wiki,2.7484846115112305,3.730790853500366,0.9823062419891357
9422,news,3.6300745010375977,4.242961883544922,0.6128873825073242
9423,reviews,4.159395217895508,4.2696452140808105,0.11024999618530273
9424,paper,0.9060655832290649,4.427338600158691,3.5212730169296265
9425,code,1.013682246208191,1.679654836654663,0.6659725904464722
9426,math,1.3627171516418457,1.7682651281356812,0.40554797649383545
9427,wiki,2.7927427291870117,3.1788840293884277,0.386141300201416
9428,news,3.3655872344970703,3.9530029296875,0.5874156951904297
9429,reviews,3.989865779876709,4.078821659088135,0.08895587921142578
9430,paper,1.622344732284546,3.7695224285125732,2.1471776962280273
9431,code,1.2079955339431763,1.9989557266235352,0.7909601926803589
9432,math,1.84833824634552,2.1804537773132324,0.3321155309677124
9433,wiki,2.642616033554077,3.714935541152954,1.072319507598877
9434,news,3.1262705326080322,3.5005998611450195,0.3743293285369873
9435,reviews,3.936851739883423,4.1103129386901855,0.1734611988067627
9436,paper,1.0040340423583984,4.22328519821167,3.2192511558532715
9437,code,0.8335111737251282,1.2511690855026245,0.41765791177749634
9438,math,1.5010418891906738,2.0315988063812256,0.5305569171905518
9439,wiki,2.773951768875122,2.863089084625244,0.08913731575012207
9440,news,2.8825597763061523,3.2549195289611816,0.3723597526550293
9441,reviews,3.735368490219116,3.9027719497680664,0.1674034595489502
9442,paper,0.8579591512680054,3.570380687713623,2.7124215364456177
9443,code,1.8140504360198975,2.4821739196777344,0.6681234836578369
9444,math,1.2771421670913696,1.402812123298645,0.1256699562072754
9445,wiki,3.628547191619873,3.9314401149749756,0.30289292335510254
9446,news,3.0998122692108154,3.542400598526001,0.44258832931518555
9447,reviews,4.0565900802612305,4.145177841186523,0.08858776092529297
9448,paper,0.7091575860977173,3.5520429611206055,2.842885375022888
9449,code,1.384170413017273,1.5528250932693481,0.1686546802520752
9450,math,1.9620344638824463,2.7469587326049805,0.7849242687225342
9451,wiki,3.4883434772491455,3.8966188430786133,0.4082753658294678
9452,news,3.0152313709259033,3.5496883392333984,0.5344569683074951
9453,reviews,3.887695550918579,3.984703779220581,0.09700822830200195
9454,paper,0.6317610740661621,3.7729263305664062,3.141165256500244
9455,code,1.096298336982727,1.6815065145492554,0.5852081775665283
9456,math,2.078373908996582,2.501314401626587,0.4229404926300049
9457,wiki,3.3554329872131348,3.5787882804870605,0.22335529327392578
9458,news,3.409209966659546,3.9530632495880127,0.5438532829284668
9459,reviews,3.59208083152771,3.6721625328063965,0.08008170127868652
9460,paper,0.9333602786064148,4.314138412475586,3.380778133869171
9461,code,1.775507926940918,2.4899203777313232,0.7144124507904053
9462,math,1.5588433742523193,1.8528804779052734,0.2940371036529541
9463,wiki,3.4010813236236572,3.5758719444274902,0.174790620803833
9464,news,2.9977288246154785,3.53480863571167,0.5370798110961914
9465,reviews,3.8587169647216797,3.9016406536102295,0.042923688888549805
9466,paper,1.3225581645965576,5.113653182983398,3.791095018386841
9467,code,1.7785507440567017,2.0965778827667236,0.318027138710022
9468,math,1.7698016166687012,2.4947726726531982,0.7249710559844971
9469,wiki,3.1466012001037598,3.6236672401428223,0.4770660400390625
9470,news,3.02852463722229,3.4463305473327637,0.41780591011047363
9471,reviews,3.6276895999908447,3.744858503341675,0.11716890335083008
9472,paper,0.9241405129432678,3.994805097579956,3.0706645846366882
9473,code,0.5772339701652527,0.791123628616333,0.21388965845108032
9474,math,1.0532270669937134,1.4724236726760864,0.41919660568237305
9475,wiki,2.9819154739379883,3.567427158355713,0.5855116844177246
9476,news,2.8646528720855713,3.4122073650360107,0.5475544929504395
9477,reviews,3.4793107509613037,3.6428351402282715,0.16352438926696777
9478,paper,0.9183586239814758,4.631264686584473,3.712906062602997
9479,code,1.3610183000564575,1.9973222017288208,0.6363039016723633
9480,math,1.2897391319274902,1.463051676750183,0.17331254482269287
9481,wiki,3.0069572925567627,3.437838554382324,0.4308812618255615
9482,news,3.1735026836395264,3.759747266769409,0.5862445831298828
9483,reviews,3.465696334838867,3.7551612854003906,0.28946495056152344
9484,paper,0.9523332118988037,3.404813051223755,2.452479839324951
9485,code,1.0509754419326782,1.7341715097427368,0.6831960678100586
9486,math,1.236616849899292,1.3686927556991577,0.13207590579986572
9487,wiki,2.8273706436157227,3.826568126678467,0.9991974830627441
9488,news,2.806340217590332,3.3048033714294434,0.49846315383911133
9489,reviews,3.138050079345703,3.1743788719177246,0.036328792572021484
9490,paper,1.01959228515625,4.0722503662109375,3.0526580810546875
9491,code,1.16478431224823,1.7196602821350098,0.5548759698867798
9492,math,1.4296551942825317,1.9508792161941528,0.5212240219116211
9493,wiki,3.2095556259155273,4.741467475891113,1.531911849975586
9494,news,3.2741997241973877,3.6724328994750977,0.39823317527770996
9495,reviews,3.091876268386841,3.2831714153289795,0.19129514694213867
9496,paper,0.640857458114624,3.9858593940734863,3.3450019359588623
9497,code,1.5187232494354248,2.289018392562866,0.7702951431274414
9498,math,1.581480860710144,2.1269421577453613,0.5454612970352173
9499,wiki,2.923412561416626,3.2321455478668213,0.3087329864501953
9500,news,3.1805617809295654,3.815051555633545,0.6344897747039795
9501,reviews,3.753826379776001,3.8313848972320557,0.07755851745605469
9502,paper,0.879446268081665,3.680987596511841,2.801541328430176
9503,code,1.5225849151611328,2.158784866333008,0.636199951171875
9504,math,0.9963969588279724,1.391469120979309,0.39507216215133667
9505,wiki,2.7332828044891357,2.996999740600586,0.2637169361114502
9506,news,3.6664342880249023,4.231997489929199,0.5655632019042969
9507,reviews,3.9565141201019287,4.196598529815674,0.24008440971374512
9508,paper,0.9359418749809265,4.046592712402344,3.1106508374214172
9509,code,1.0021378993988037,1.2795815467834473,0.27744364738464355
9510,math,1.5818023681640625,2.065995454788208,0.4841930866241455
9511,wiki,2.7073376178741455,3.0009727478027344,0.29363512992858887
9512,news,3.0476295948028564,3.5501832962036133,0.5025537014007568
9513,reviews,3.2299551963806152,3.3326640129089355,0.10270881652832031
9514,paper,0.9013873934745789,4.553090572357178,3.651703178882599
9515,code,1.6104445457458496,2.2679696083068848,0.6575250625610352
9516,math,1.5910041332244873,1.9610919952392578,0.3700878620147705
9517,wiki,3.393101453781128,3.7449498176574707,0.3518483638763428
9518,news,2.8133723735809326,3.367126941680908,0.5537545680999756
9519,reviews,3.649320602416992,3.7879159450531006,0.1385953426361084
9520,paper,0.6455439925193787,3.9659698009490967,3.320425808429718
9521,code,1.4502997398376465,2.230940103530884,0.7806403636932373
9522,math,1.4092451333999634,1.6374789476394653,0.22823381423950195
9523,wiki,3.724780559539795,3.9909098148345947,0.2661292552947998
9524,news,3.215949296951294,3.7144968509674072,0.4985475540161133
9525,reviews,3.313420295715332,3.3760452270507812,0.06262493133544922
9526,paper,0.679422914981842,3.945328950881958,3.265906035900116
9527,code,1.276756763458252,1.7845311164855957,0.5077743530273438
9528,math,1.4920130968093872,1.9632606506347656,0.4712475538253784
9529,wiki,4.028292655944824,4.062481880187988,0.03418922424316406
9530,news,2.7712957859039307,3.1061575412750244,0.33486175537109375
9531,reviews,3.8778231143951416,4.020045280456543,0.14222216606140137
9532,paper,1.377845048904419,4.621999740600586,3.244154691696167
9533,code,1.8266289234161377,2.4769327640533447,0.650303840637207
9534,math,1.3034565448760986,1.7334073781967163,0.4299508333206177
9535,wiki,3.5186288356781006,3.8310046195983887,0.3123757839202881
9536,news,3.0580313205718994,3.6977732181549072,0.6397418975830078
9537,reviews,3.361412525177002,3.557643175125122,0.19623064994812012
9538,paper,0.8972365260124207,3.810817241668701,2.9135807156562805
9539,code,2.21185564994812,3.0067665576934814,0.7949109077453613
9540,math,1.7228130102157593,2.1504127979278564,0.42759978771209717
9541,wiki,3.110225200653076,3.3274800777435303,0.2172548770904541
9542,news,3.6042122840881348,4.036087512969971,0.43187522888183594
9543,reviews,3.4687907695770264,3.612060546875,0.14326977729797363
9544,paper,0.7222845554351807,4.170952320098877,3.4486677646636963
9545,code,1.6376606225967407,2.4730443954467773,0.8353837728500366
9546,math,1.0047850608825684,1.5325156450271606,0.5277305841445923
9547,wiki,3.515313148498535,3.8477017879486084,0.33238863945007324
9548,news,2.933293581008911,3.4105913639068604,0.4772977828979492
9549,reviews,3.2034192085266113,3.3268024921417236,0.1233832836151123
9550,paper,0.4655466675758362,3.76002836227417,3.2944816946983337
9551,code,1.45820152759552,2.2823486328125,0.82414710521698
9552,math,1.2972532510757446,1.5853917598724365,0.2881385087966919
9553,wiki,2.9697012901306152,3.3473572731018066,0.3776559829711914
9554,news,2.878908157348633,3.262098789215088,0.3831906318664551
9555,reviews,3.6975111961364746,3.9035918712615967,0.20608067512512207
9556,paper,1.1678792238235474,4.587088108062744,3.4192088842391968
9557,code,0.988573431968689,1.3117555379867554,0.3231821060180664
9558,math,1.1341012716293335,1.5984957218170166,0.4643944501876831
9559,wiki,3.791511297225952,4.233334064483643,0.44182276725769043
9560,news,2.974444627761841,3.4735143184661865,0.4990696907043457
9561,reviews,3.7864162921905518,3.8988595008850098,0.11244320869445801
9562,paper,0.9294392466545105,4.141315937042236,3.211876690387726
9563,code,1.6328831911087036,2.146134614944458,0.5132514238357544
9564,math,1.4484825134277344,1.7165006399154663,0.26801812648773193
9565,wiki,3.124215841293335,4.4459733963012695,1.3217575550079346
9566,news,2.9118709564208984,3.483318567276001,0.5714476108551025
9567,reviews,3.4323253631591797,3.6595380306243896,0.22721266746520996
9568,paper,0.995430052280426,3.442685127258301,2.4472550749778748
9569,code,1.83588707447052,2.5977962017059326,0.7619091272354126
9570,math,1.2450066804885864,1.47665536403656,0.23164868354797363
9571,wiki,3.8669486045837402,5.1436767578125,1.2767281532287598
9572,news,2.6837124824523926,3.0217905044555664,0.33807802200317383
9573,reviews,3.711395025253296,3.9582695960998535,0.24687457084655762
9574,paper,0.9126058220863342,4.194967269897461,3.2823614478111267
9575,code,1.2062623500823975,1.7716624736785889,0.5654001235961914
9576,math,1.6196963787078857,2.1570823192596436,0.5373859405517578
9577,wiki,3.1986570358276367,3.3681271076202393,0.16947007179260254
9578,news,2.952218532562256,3.3645095825195312,0.4122910499572754
9579,reviews,4.320419788360596,4.49925422668457,0.1788344383239746
9580,paper,0.7422630786895752,4.323800563812256,3.5815374851226807
9581,code,1.3062885999679565,1.751999855041504,0.44571125507354736
9582,math,1.2231932878494263,1.5274540185928345,0.3042607307434082
9583,wiki,3.1972036361694336,3.85710072517395,0.6598970890045166
9584,news,3.3345119953155518,3.8135926723480225,0.4790806770324707
9585,reviews,3.5934462547302246,3.688673973083496,0.09522771835327148
9586,paper,1.4190517663955688,4.878626823425293,3.459575057029724
9587,code,1.4184117317199707,2.0763185024261475,0.6579067707061768
9588,math,1.3326442241668701,1.7685327529907227,0.43588852882385254
9589,wiki,2.7903335094451904,3.6107916831970215,0.820458173751831
9590,news,4.076664924621582,4.22963285446167,0.1529679298400879
9591,reviews,3.851956605911255,4.0370025634765625,0.18504595756530762
9592,paper,1.0889984369277954,5.176328182220459,4.087329745292664
9593,code,1.1362934112548828,1.915928840637207,0.7796354293823242
9594,math,0.879361093044281,1.2148545980453491,0.3354935050010681
9595,wiki,2.9165380001068115,3.2348215579986572,0.3182835578918457
9596,news,4.019820690155029,4.2967963218688965,0.2769756317138672
9597,reviews,3.3224899768829346,3.436373472213745,0.11388349533081055
9598,paper,1.385420560836792,4.412531852722168,3.027111291885376
9599,code,1.5660312175750732,2.197566509246826,0.6315352916717529
9600,math,1.276092290878296,1.7048561573028564,0.42876386642456055
9601,wiki,2.9822824001312256,3.641008138656616,0.6587257385253906
9602,news,4.143570423126221,4.378697872161865,0.23512744903564453
9603,reviews,4.326943874359131,4.446660995483398,0.11971712112426758
9604,paper,1.662116289138794,2.924497604370117,1.2623813152313232
9605,code,1.0990540981292725,1.6542409658432007,0.5551868677139282
9606,math,1.396857500076294,1.7484267950057983,0.3515692949295044
9607,wiki,3.0773563385009766,3.4126176834106445,0.33526134490966797
9608,news,3.3793177604675293,3.470639705657959,0.09132194519042969
9609,reviews,3.9166548252105713,4.022609710693359,0.10595488548278809
9610,paper,1.7779406309127808,2.650975227355957,0.8730345964431763
9611,code,1.2555203437805176,1.5748215913772583,0.3193012475967407
9612,math,1.3648433685302734,1.7104487419128418,0.34560537338256836
9613,wiki,2.7911906242370605,3.8987369537353516,1.107546329498291
9614,news,3.3475091457366943,3.3759255409240723,0.02841639518737793
9615,reviews,3.8266947269439697,3.973515510559082,0.1468207836151123
9616,paper,1.2523744106292725,3.636798858642578,2.3844244480133057
9617,code,0.9738221764564514,1.6828432083129883,0.7090210318565369
9618,math,1.3940138816833496,2.097431182861328,0.7034173011779785
9619,wiki,2.9199235439300537,2.9733450412750244,0.0534214973449707
9620,news,3.8701395988464355,3.9593679904937744,0.08922839164733887
9621,reviews,4.0584397315979,4.209701061248779,0.1512613296508789
9622,paper,1.0974180698394775,4.388517379760742,3.2910993099212646
9623,code,0.9367526173591614,1.5623596906661987,0.6256070733070374
9624,math,1.4313275814056396,1.8852753639221191,0.4539477825164795
9625,wiki,2.622398614883423,3.058835029602051,0.43643641471862793
9626,news,3.9422385692596436,3.9569146633148193,0.014676094055175781
9627,reviews,3.4658548831939697,3.549886703491211,0.08403182029724121
9628,paper,1.129947304725647,2.7358224391937256,1.6058751344680786
9629,code,1.2616713047027588,1.8873603343963623,0.6256890296936035
9630,math,1.3436651229858398,1.549286127090454,0.20562100410461426
9631,wiki,3.025515556335449,3.5318603515625,0.5063447952270508
9632,news,4.056288719177246,4.107827663421631,0.051538944244384766
9633,reviews,3.99833607673645,4.087648391723633,0.08931231498718262
9634,paper,1.5816874504089355,2.6373062133789062,1.0556187629699707
9635,code,0.9818953275680542,1.4085975885391235,0.42670226097106934
9636,math,1.5115797519683838,2.3079288005828857,0.796349048614502
9637,wiki,2.721040964126587,3.459350109100342,0.7383091449737549
9638,news,3.9389700889587402,4.064545631408691,0.12557554244995117
9639,reviews,3.6350371837615967,3.7907350063323975,0.15569782257080078
9640,paper,1.4804518222808838,3.7427661418914795,2.2623143196105957
9641,code,1.2548855543136597,1.5722733736038208,0.31738781929016113
9642,math,1.2479329109191895,1.5307066440582275,0.2827737331390381
9643,wiki,2.8771374225616455,3.21152663230896,0.33438920974731445
9644,news,3.631366014480591,3.8247110843658447,0.1933450698852539
9645,reviews,3.605923652648926,3.708606243133545,0.10268259048461914
9646,paper,1.3369356393814087,4.5365729331970215,3.199637293815613
9647,code,1.1493314504623413,1.7618944644927979,0.6125630140304565
9648,math,1.5096243619918823,1.9517611265182495,0.4421367645263672
9649,wiki,3.5508716106414795,3.9213755130767822,0.37050390243530273
9650,news,3.417405128479004,3.5138704776763916,0.0964653491973877
9651,reviews,3.623936414718628,3.7728376388549805,0.14890122413635254
9652,paper,0.886012077331543,4.5896830558776855,3.7036709785461426
9653,code,0.7957639694213867,1.1244151592254639,0.32865118980407715
9654,math,1.456587791442871,1.890175461769104,0.4335876703262329
9655,wiki,2.6284914016723633,3.806602716445923,1.1781113147735596
9656,news,3.967050790786743,4.1420745849609375,0.17502379417419434
9657,reviews,3.5364792346954346,3.6968648433685303,0.1603856086730957
9658,paper,1.1014535427093506,4.683923244476318,3.5824697017669678
9659,code,0.8842645287513733,1.497353196144104,0.6130886673927307
9660,math,1.5898953676223755,2.1635842323303223,0.5736888647079468
9661,wiki,3.268502950668335,4.034943103790283,0.7664401531219482
9662,news,3.3142600059509277,3.377631187438965,0.06337118148803711
9663,reviews,3.9271984100341797,4.086349964141846,0.15915155410766602
9664,paper,1.1647039651870728,5.141180515289307,3.976476550102234
9665,code,0.9990959763526917,1.7314717769622803,0.7323758006095886
9666,math,1.9312617778778076,2.483553171157837,0.5522913932800293
9667,wiki,2.9692542552948,3.4872522354125977,0.5179979801177979
9668,news,3.76629376411438,3.966236114501953,0.19994235038757324
9669,reviews,3.6114327907562256,3.746528387069702,0.13509559631347656
9670,paper,1.0971972942352295,5.272010326385498,4.1748130321502686
9671,code,0.758419394493103,1.374232292175293,0.6158128976821899
9672,math,0.9283019304275513,1.4783880710601807,0.5500861406326294
9673,wiki,3.6924245357513428,4.2511138916015625,0.5586893558502197
9674,news,4.396768093109131,4.460545539855957,0.06377744674682617
9675,reviews,3.928943395614624,4.135455131530762,0.2065117359161377
9676,paper,0.4230179488658905,3.3847522735595703,2.96173432469368
9677,code,1.2076300382614136,1.8042333126068115,0.596603274345398
9678,math,1.4115084409713745,1.6909648180007935,0.27945637702941895
9679,wiki,2.6634328365325928,3.528247833251953,0.8648149967193604
9680,news,3.8663864135742188,3.885820150375366,0.01943373680114746
9681,reviews,3.5146498680114746,3.598689317703247,0.08403944969177246
9682,paper,0.490770548582077,3.354214906692505,2.863444358110428
9683,code,1.2025877237319946,1.8286598920822144,0.6260721683502197
9684,math,1.5193235874176025,2.176025867462158,0.6567022800445557
9685,wiki,3.260787010192871,3.7500970363616943,0.48931002616882324
9686,news,4.109514236450195,4.297061443328857,0.1875472068786621
9687,reviews,2.8613526821136475,2.958534002304077,0.09718132019042969
9688,paper,0.9080770015716553,4.479924201965332,3.5718472003936768
9689,code,1.5568386316299438,1.9945721626281738,0.43773353099823
9690,math,1.360295057296753,1.7707780599594116,0.4104830026626587
9691,wiki,3.315262794494629,3.7996325492858887,0.48436975479125977
9692,news,3.7553086280822754,4.002795219421387,0.24748659133911133
9693,reviews,3.062687397003174,3.1927595138549805,0.13007211685180664
9694,paper,1.1574697494506836,3.753263235092163,2.5957934856414795
9695,code,1.347010850906372,1.9476717710494995,0.6006609201431274
9696,math,0.980375349521637,1.3248456716537476,0.3444703221321106
9697,wiki,3.7431743144989014,4.016834735870361,0.27366042137145996
9698,news,3.9286420345306396,4.024767875671387,0.09612584114074707
9699,reviews,3.246234893798828,3.4251046180725098,0.17886972427368164
9700,paper,1.0752087831497192,3.523585081100464,2.4483762979507446
9701,code,1.345076084136963,1.6962021589279175,0.3511260747909546
9702,math,1.7049832344055176,1.8617314100265503,0.15674817562103271
9703,wiki,3.5034234523773193,4.336537837982178,0.8331143856048584
9704,news,3.8049652576446533,3.939249277114868,0.13428401947021484
9705,reviews,3.698853015899658,3.7668349742889404,0.06798195838928223
9706,paper,0.7053466439247131,3.8532211780548096,3.1478745341300964
9707,code,0.7245080471038818,1.1136664152145386,0.38915836811065674
9708,math,1.4973809719085693,2.0530266761779785,0.5556457042694092
9709,wiki,3.5883612632751465,4.068929195404053,0.48056793212890625
9710,news,4.219668388366699,4.322892189025879,0.10322380065917969
9711,reviews,3.234301805496216,3.4112744331359863,0.1769726276397705
9712,paper,0.4603515863418579,3.76080584526062,3.300454258918762
9713,code,1.0053280591964722,1.4820752143859863,0.47674715518951416
9714,math,1.1677231788635254,1.8024394512176514,0.634716272354126
9715,wiki,3.986732006072998,4.080904960632324,0.09417295455932617
9716,news,4.010422706604004,4.193645000457764,0.18322229385375977
9717,reviews,3.084677219390869,3.2704646587371826,0.18578743934631348
9718,paper,1.0771664381027222,3.6604812145233154,2.5833147764205933
9719,code,1.162484884262085,1.5622435808181763,0.3997586965560913
9720,math,1.119712471961975,1.4731580018997192,0.35344552993774414
9721,wiki,3.2505431175231934,4.059036731719971,0.8084936141967773
9722,news,4.081049919128418,4.270636081695557,0.18958616256713867
9723,reviews,3.106532335281372,3.2335450649261475,0.1270127296447754
9724,paper,1.7820734977722168,3.129559278488159,1.3474857807159424
9725,code,1.0410078763961792,1.7950259447097778,0.7540180683135986
9726,math,1.2023632526397705,1.8512924909591675,0.648929238319397
9727,wiki,3.0457470417022705,4.097227573394775,1.0514805316925049
9728,news,4.500766277313232,4.79723596572876,0.29646968841552734
9729,reviews,3.276728868484497,3.4113807678222656,0.13465189933776855
9730,paper,0.6249342560768127,5.270807266235352,4.645873010158539
9731,code,1.04616117477417,1.2956604957580566,0.24949932098388672
9732,math,1.1231597661972046,1.6726597547531128,0.5494999885559082
9733,wiki,3.6153266429901123,4.121830940246582,0.5065042972564697
9734,news,3.385162353515625,3.4688775539398193,0.08371520042419434
9735,reviews,3.8891689777374268,4.039069175720215,0.14990019798278809
9736,paper,0.992434024810791,4.438389301300049,3.445955276489258
9737,code,0.992068350315094,1.219001054763794,0.22693270444869995
9738,math,1.4845292568206787,2.129579544067383,0.6450502872467041
9739,wiki,3.407841205596924,4.286088943481445,0.8782477378845215
9740,news,3.4542081356048584,3.5376033782958984,0.08339524269104004
9741,reviews,3.1181468963623047,3.231520652770996,0.1133737564086914
9742,paper,1.568729281425476,3.9608097076416016,2.3920804262161255
9743,code,1.2845300436019897,1.8795363903045654,0.5950063467025757
9744,math,0.9831324219703674,1.3271647691726685,0.344032347202301
9745,wiki,3.3705525398254395,3.725125789642334,0.35457324981689453
9746,news,3.9656128883361816,4.165644645690918,0.20003175735473633
9747,reviews,3.2456421852111816,3.60833740234375,0.36269521713256836
9748,paper,1.4207614660263062,4.474099636077881,3.0533381700515747
9749,code,1.4527932405471802,2.003140449523926,0.5503472089767456
9750,math,1.8224655389785767,2.1906120777130127,0.36814653873443604
9751,wiki,3.4877684116363525,3.7473130226135254,0.25954461097717285
9752,news,4.388729572296143,4.6038689613342285,0.21513938903808594
9753,reviews,3.7177634239196777,3.8679277896881104,0.15016436576843262
9754,paper,1.29346764087677,4.888067245483398,3.5945996046066284
9755,code,1.4546704292297363,2.1614651679992676,0.7067947387695312
9756,math,1.1995915174484253,1.5081803798675537,0.3085888624191284
9757,wiki,2.964869260787964,3.985370635986328,1.0205013751983643
9758,news,4.192681789398193,4.491335868835449,0.29865407943725586
9759,reviews,3.815885066986084,3.8496954441070557,0.03381037712097168
9760,paper,0.7990905046463013,5.229675769805908,4.430585265159607
9761,code,0.8367300629615784,1.4950671195983887,0.6583370566368103
9762,math,1.5907427072525024,2.0936572551727295,0.502914547920227
9763,wiki,3.5246145725250244,4.100645542144775,0.576030969619751
9764,news,3.9798216819763184,4.45799446105957,0.47817277908325195
9765,reviews,3.6416540145874023,3.6548759937286377,0.013221979141235352
9766,paper,0.8173059225082397,4.414379596710205,3.5970736742019653
9767,code,1.5778313875198364,2.3496530055999756,0.7718216180801392
9768,math,1.3870182037353516,1.877129316329956,0.4901111125946045
9769,wiki,2.9585165977478027,3.2077016830444336,0.24918508529663086
9770,news,3.5497941970825195,3.988117218017578,0.4383230209350586
9771,reviews,3.525160789489746,3.60910701751709,0.08394622802734375
9772,paper,0.47031286358833313,3.5471749305725098,3.0768620669841766
9773,code,1.7124929428100586,2.4860129356384277,0.7735199928283691
9774,math,2.0493154525756836,2.358572483062744,0.30925703048706055
9775,wiki,2.9405672550201416,2.9729340076446533,0.03236675262451172
9776,news,3.7213380336761475,4.148972988128662,0.42763495445251465
9777,reviews,3.586601972579956,3.7690787315368652,0.18247675895690918
9778,paper,0.9264164566993713,4.361802101135254,3.4353856444358826
9779,code,1.0899288654327393,1.6844762563705444,0.5945473909378052
9780,math,0.9954660534858704,1.4499726295471191,0.4545065760612488
9781,wiki,2.5126442909240723,4.146486759185791,1.6338424682617188
9782,news,2.930168628692627,3.4327423572540283,0.5025737285614014
9783,reviews,3.2877063751220703,3.4141855239868164,0.1264791488647461
9784,paper,0.7980624437332153,4.427338600158691,3.629276156425476
9785,code,1.4204400777816772,1.751678466796875,0.33123838901519775
9786,math,1.0278609991073608,1.4814997911453247,0.45363879203796387
9787,wiki,2.6306536197662354,3.839510679244995,1.2088570594787598
9788,news,3.1431596279144287,3.6010708808898926,0.45791125297546387
9789,reviews,3.5430099964141846,3.58689284324646,0.04388284683227539
9790,paper,1.53750479221344,3.7695224285125732,2.2320176362991333
9791,code,1.2607821226119995,1.9193880558013916,0.6586059331893921
9792,math,1.675460696220398,2.214184522628784,0.5387238264083862
9793,wiki,1.7328147888183594,2.9039196968078613,1.171104907989502
9794,news,2.820817708969116,3.4197728633880615,0.5989551544189453
9795,reviews,3.835092544555664,4.050649642944336,0.21555709838867188
9796,paper,0.9788358211517334,4.22328519821167,3.2444493770599365
9797,code,1.715193748474121,2.2526233196258545,0.5374295711517334
9798,math,1.2471110820770264,1.7229015827178955,0.47579050064086914
9799,wiki,2.3426411151885986,3.518439292907715,1.1757981777191162
9800,news,2.9808928966522217,3.2315616607666016,0.2506687641143799
9801,reviews,3.814946413040161,3.8676748275756836,0.05272841453552246
9802,paper,0.8218648433685303,3.570380687713623,2.7485158443450928
9803,code,1.233607292175293,1.8287161588668823,0.5951088666915894
9804,math,1.1504250764846802,1.4190946817398071,0.26866960525512695
9805,wiki,2.3554675579071045,3.5859663486480713,1.2304987907409668
9806,news,3.4559812545776367,3.609243392944336,0.15326213836669922
9807,reviews,4.114227771759033,4.268355846405029,0.1541280746459961
9808,paper,0.6709805130958557,3.5520429611206055,2.8810624480247498
9809,code,1.2550537586212158,2.0253171920776367,0.7702634334564209
9810,math,1.3659782409667969,2.0781798362731934,0.7122015953063965
9811,wiki,2.131042242050171,3.3299431800842285,1.1989009380340576
9812,news,3.1909732818603516,3.3621623516082764,0.1711890697479248
9813,reviews,3.2354538440704346,3.350940227508545,0.11548638343811035
9814,paper,0.6402878165245056,3.7729263305664062,3.1326385140419006
9815,code,0.9673031568527222,1.7935069799423218,0.8262038230895996
9816,math,1.0588855743408203,1.635503888130188,0.5766183137893677
9817,wiki,2.3980720043182373,3.548196792602539,1.1501247882843018
9818,news,4.424010753631592,4.86848258972168,0.4444718360900879
9819,reviews,3.263793706893921,3.316978931427002,0.053185224533081055
9820,paper,0.9439783096313477,4.314138412475586,3.3701601028442383
9821,code,1.6320070028305054,2.10676908493042,0.47476208209991455
9822,math,1.3234466314315796,1.6814740896224976,0.35802745819091797
9823,wiki,2.4996585845947266,3.8162713050842285,1.316612720489502
9824,news,3.710453987121582,4.100561141967773,0.3901071548461914
9825,reviews,3.2425272464752197,3.3720576763153076,0.1295304298400879
9826,paper,1.2659703493118286,5.113653182983398,3.84768283367157
9827,code,1.6800674200057983,2.3937506675720215,0.7136832475662231
9828,math,1.087193250656128,1.621347188949585,0.534153938293457
9829,wiki,2.606318712234497,3.9098825454711914,1.3035638332366943
9830,news,3.7217211723327637,4.01641321182251,0.2946920394897461
9831,reviews,3.262826919555664,3.3065176010131836,0.04369068145751953
9832,paper,0.9044700264930725,3.994805097579956,3.0903350710868835
9833,code,1.919705867767334,2.593465566635132,0.6737596988677979
9834,math,1.8428645133972168,2.4146411418914795,0.5717766284942627
9835,wiki,2.863508462905884,3.8431193828582764,0.9796109199523926
9836,news,2.8512632846832275,3.141875982284546,0.29061269760131836
9837,reviews,3.4722957611083984,3.683411121368408,0.21111536026000977
9838,paper,0.9086618423461914,4.631264686584473,3.7226028442382812
9839,code,0.9783923625946045,1.768559455871582,0.7901670932769775
9840,math,1.296508550643921,1.6181164979934692,0.32160794734954834
9841,wiki,3.2550110816955566,4.330589294433594,1.075578212738037
9842,news,3.1914052963256836,3.558382272720337,0.3669769763946533
9843,reviews,3.512887716293335,3.727691411972046,0.21480369567871094
9844,paper,0.9439067840576172,3.404813051223755,2.4609062671661377
9845,code,1.5347316265106201,2.1639151573181152,0.6291835308074951
9846,math,1.1934261322021484,1.7198270559310913,0.5264009237289429
9847,wiki,2.3259246349334717,3.283435106277466,0.9575104713439941
9848,news,3.8818440437316895,4.31467342376709,0.4328293800354004
9849,reviews,3.360841751098633,3.5700082778930664,0.2091665267944336
9850,paper,0.9983289241790771,4.0722503662109375,3.0739214420318604
9851,code,0.9244077205657959,1.5514280796051025,0.6270203590393066
9852,math,1.5335326194763184,1.7664456367492676,0.23291301727294922
9853,wiki,2.2623391151428223,2.582817316055298,0.3204782009124756
9854,news,3.871546983718872,4.340061187744141,0.46851420402526855
9855,reviews,3.48614501953125,3.708482027053833,0.222337007522583
9856,paper,0.6213909983634949,3.9858593940734863,3.3644683957099915
9857,code,1.0179443359375,1.6641944646835327,0.6462501287460327
9858,math,1.2290856838226318,1.7414084672927856,0.5123227834701538
9859,wiki,2.702544927597046,3.380265951156616,0.6777210235595703
9860,news,3.4675326347351074,3.8985888957977295,0.43105626106262207
9861,reviews,3.38027286529541,3.4926681518554688,0.1123952865600586
9862,paper,0.8158573508262634,3.680987596511841,2.8651302456855774
9863,code,0.8841267824172974,1.5756986141204834,0.691571831703186
9864,math,1.2975023984909058,1.8393833637237549,0.5418809652328491
9865,wiki,2.475733518600464,2.822126626968384,0.3463931083679199
9866,news,3.0189411640167236,3.3591244220733643,0.3401832580566406
9867,reviews,3.620655059814453,3.8432679176330566,0.22261285781860352
9868,paper,0.9301161766052246,4.046592712402344,3.116476535797119
9869,code,0.9153004884719849,1.4800268411636353,0.5647263526916504
9870,math,1.6096357107162476,2.156383991241455,0.5467482805252075
9871,wiki,2.4804916381835938,3.7052388191223145,1.2247471809387207
9872,news,3.1463239192962646,3.232846736907959,0.08652281761169434
9873,reviews,3.351519823074341,3.5157933235168457,0.16427350044250488
9874,paper,0.8870351910591125,4.553090572357178,3.666055381298065
9875,code,1.3560696840286255,1.8175339698791504,0.4614642858505249
9876,math,1.4750148057937622,1.8164228200912476,0.34140801429748535
9877,wiki,2.479037046432495,2.8897969722747803,0.41075992584228516
9878,news,2.7972590923309326,3.023898124694824,0.2266390323638916
9879,reviews,3.867471218109131,3.9455626010894775,0.07809138298034668
9880,paper,0.6480473875999451,3.9659698009490967,3.3179224133491516
9881,code,1.0374575853347778,1.640319585800171,0.6028620004653931
9882,math,1.3886603116989136,1.7979828119277954,0.40932250022888184
9883,wiki,3.1065163612365723,4.080946922302246,0.9744305610656738
9884,news,2.9487688541412354,3.1305959224700928,0.18182706832885742
9885,reviews,3.4994280338287354,3.7779839038848877,0.27855587005615234
9886,paper,0.6808462142944336,3.945328950881958,3.2644827365875244
9887,code,1.1031513214111328,1.874202013015747,0.7710506916046143
9888,math,1.4406381845474243,1.9631718397140503,0.522533655166626
9889,wiki,3.319159984588623,3.930936574935913,0.61177659034729
9890,news,2.7731752395629883,3.050246238708496,0.2770709991455078
9891,reviews,3.364717721939087,3.4797093868255615,0.11499166488647461
9892,paper,1.3128799200057983,4.621999740600586,3.3091198205947876
9893,code,1.1579991579055786,1.524160623550415,0.3661614656448364
9894,math,1.7140039205551147,1.9365439414978027,0.222540020942688
9895,wiki,2.7542853355407715,2.991872549057007,0.23758721351623535
9896,news,4.159183502197266,4.395175933837891,0.235992431640625
9897,reviews,3.7881200313568115,3.908085346221924,0.1199653148651123
9898,paper,0.8430476784706116,3.810817241668701,2.9677695631980896
9899,code,1.0842105150222778,1.6602776050567627,0.5760670900344849
9900,math,1.118260383605957,1.680857539176941,0.5625971555709839
9901,wiki,2.8656351566314697,3.506028652191162,0.6403934955596924
9902,news,3.6778900623321533,3.949262857437134,0.27137279510498047
9903,reviews,3.6196539402008057,3.744788885116577,0.12513494491577148
9904,paper,0.7131165266036987,4.170952320098877,3.4578357934951782
9905,code,1.045318365097046,1.6094311475753784,0.5641127824783325
9906,math,1.4561454057693481,2.1334543228149414,0.6773089170455933
9907,wiki,2.9260566234588623,3.3241679668426514,0.39811134338378906
9908,news,3.484011173248291,3.864560604095459,0.38054943084716797
9909,reviews,3.7762486934661865,3.9840049743652344,0.20775628089904785
9910,paper,0.48641467094421387,3.76002836227417,3.273613691329956
9911,code,1.739601492881775,2.1819159984588623,0.4423145055770874
9912,math,1.1839234828948975,1.7585545778274536,0.5746310949325562
9913,wiki,2.975969076156616,4.002524375915527,1.0265552997589111
9914,news,3.7781143188476562,4.208191871643066,0.43007755279541016
9915,reviews,4.459788799285889,4.5737762451171875,0.11398744583129883
9916,paper,1.111379861831665,4.587088108062744,3.475708246231079
9917,code,1.3534759283065796,1.5201289653778076,0.16665303707122803
9918,math,0.8804107904434204,1.2306932210922241,0.3502824306488037
9919,wiki,3.1039328575134277,3.3707010746002197,0.266768217086792
9920,news,3.6292004585266113,3.8351058959960938,0.20590543746948242
9921,reviews,3.724881649017334,3.9037764072418213,0.1788947582244873
9922,paper,0.971841037273407,4.141315937042236,3.1694748997688293
9923,code,0.9626242518424988,1.2928754091262817,0.33025115728378296
9924,math,1.1999653577804565,1.874076008796692,0.6741106510162354
9925,wiki,3.020355463027954,3.3005096912384033,0.2801542282104492
9926,news,3.9221434593200684,4.399938583374023,0.4777951240539551
9927,reviews,3.9729387760162354,4.02052640914917,0.04758763313293457
9928,paper,0.9585569500923157,3.442685127258301,2.484128177165985
9929,code,0.8543657660484314,1.5386390686035156,0.6842733025550842
9930,math,1.3935847282409668,1.903607726097107,0.5100229978561401
9931,wiki,2.8586184978485107,3.8410146236419678,0.982396125793457
9932,news,3.872244358062744,4.098390579223633,0.22614622116088867
9933,reviews,3.5290658473968506,3.5924670696258545,0.0634012222290039
9934,paper,0.8054489493370056,4.194967269897461,3.3895183205604553
9935,code,0.7035703659057617,1.265491247177124,0.5619208812713623
9936,math,1.1993741989135742,1.8400486707687378,0.6406744718551636
9937,wiki,2.604942560195923,2.833831310272217,0.22888875007629395
9938,news,3.687849760055542,3.9481379985809326,0.2602882385253906
9939,reviews,3.361842393875122,3.6495866775512695,0.28774428367614746
9940,paper,0.6731042265892029,4.323800563812256,3.650696337223053
9941,code,1.238380789756775,1.6688480377197266,0.43046724796295166
9942,math,1.418118953704834,1.8577275276184082,0.4396085739135742
9943,wiki,2.806340456008911,3.785433530807495,0.979093074798584
9944,news,3.608563184738159,3.8353958129882812,0.22683262825012207
9945,reviews,3.1404197216033936,3.3169703483581543,0.17655062675476074
9946,paper,1.3989332914352417,4.878626823425293,3.4796935319900513
9947,code,1.0124257802963257,1.3263072967529297,0.313881516456604
9948,math,1.50002121925354,2.026280164718628,0.5262589454650879
9949,wiki,2.6084821224212646,2.8872735500335693,0.2787914276123047
9950,news,3.455533266067505,3.72885799407959,0.27332472801208496
9951,reviews,3.2331302165985107,3.3734428882598877,0.14031267166137695
9952,paper,1.1117653846740723,5.176328182220459,4.064562797546387
9953,code,1.1965545415878296,1.846276044845581,0.6497215032577515
9954,math,1.2284990549087524,1.4889014959335327,0.2604024410247803
9955,wiki,3.174189567565918,4.104061603546143,0.9298720359802246
9956,news,3.1353776454925537,3.2344746589660645,0.09909701347351074
9957,reviews,3.254239320755005,3.395975351333618,0.14173603057861328
9958,paper,1.3427207469940186,4.412531852722168,3.0698111057281494
9959,code,1.5048556327819824,2.375243663787842,0.8703880310058594
9960,math,1.284855604171753,1.858283281326294,0.573427677154541
9961,wiki,2.413970947265625,3.157975912094116,0.7440049648284912
9962,news,2.8849427700042725,3.2694427967071533,0.38450002670288086
9963,reviews,3.226414680480957,3.3483726978302,0.12195801734924316
9964,paper,1.6340724229812622,2.924497604370117,1.290425181388855
9965,code,1.9130804538726807,2.6303610801696777,0.7172806262969971
9966,math,1.1761808395385742,1.427961826324463,0.25178098678588867
9967,wiki,2.1501660346984863,2.53600811958313,0.38584208488464355
9968,news,2.8263323307037354,3.167606830596924,0.3412744998931885
9969,reviews,3.5301198959350586,3.5435664653778076,0.013446569442749023
9970,paper,1.7641515731811523,2.650975227355957,0.8868236541748047
9971,code,1.7999664545059204,2.062851905822754,0.2628854513168335
9972,math,1.4114104509353638,1.8819923400878906,0.47058188915252686
9973,wiki,3.1767654418945312,3.8778750896453857,0.7011096477508545
9974,news,3.3746001720428467,3.505232095718384,0.1306319236755371
9975,reviews,3.718454122543335,3.8110883235931396,0.09263420104980469
9976,paper,1.2151042222976685,3.636798858642578,2.4216946363449097
9977,code,1.266910433769226,1.5400137901306152,0.27310335636138916
9978,math,1.2516027688980103,1.5334336757659912,0.28183090686798096
9979,wiki,2.9718329906463623,3.9868087768554688,1.0149757862091064
9980,news,3.093757152557373,3.2988483905792236,0.20509123802185059
9981,reviews,2.943018674850464,3.1472394466400146,0.20422077178955078
9982,paper,1.0275428295135498,4.388517379760742,3.3609745502471924
9983,code,0.8388150334358215,1.5238243341445923,0.6850093007087708
9984,math,1.6100925207138062,2.2433528900146484,0.6332603693008423
9985,wiki,3.3842949867248535,3.6976816654205322,0.3133866786956787
9986,news,3.3754284381866455,3.5425052642822266,0.16707682609558105
9987,reviews,2.8832828998565674,2.9601051807403564,0.07682228088378906
9988,paper,1.0917168855667114,2.7358224391937256,1.6441055536270142
9989,code,1.1591321229934692,1.8809372186660767,0.7218050956726074
9990,math,1.6813676357269287,2.260637044906616,0.5792694091796875
9991,wiki,2.845292091369629,3.4425535202026367,0.5972614288330078
9992,news,3.260631561279297,3.561424970626831,0.3007934093475342
9993,reviews,3.1810719966888428,3.3483235836029053,0.1672515869140625
9994,paper,1.5463134050369263,2.6373062133789062,1.09099280834198
9995,code,0.8021788597106934,1.0936529636383057,0.2914741039276123
9996,math,1.6582473516464233,2.161724805831909,0.5034774541854858
9997,wiki,3.288334846496582,3.6200637817382812,0.3317289352416992
9998,news,3.2675974369049072,3.628662109375,0.3610646724700928
9999,reviews,3.0675015449523926,3.3396356105804443,0.27213406562805176
10000,paper,1.3334869146347046,3.7427661418914795,2.409279227256775
